circuit_id,circuit_seed,backend,candidate_seed,original_qubits,original_depth,fidelity,depth,one_qubit_gates,two_qubit_gates,esp
0,20000,Fez,33,7,16,0.9538413348759489,110,176,51,0.745941775843159
0,20000,Sherbrooke,22,7,16,0.9232503205677411,131,267,51,0.666931529090701
0,20000,Torino,33,7,16,0.9414459570286257,113,178,51,0.5710810829941313
1,20001,Fez,22,7,10,0.9805199927719407,21,49,10,0.8915995189292499
1,20001,Sherbrooke,55,7,10,0.9599030444985416,30,64,10,0.7682835783003596
1,20001,Torino,11,7,10,0.9569643921664339,20,49,10,0.8247481748049326
2,20002,Fez,33,6,22,0.9728178800528821,103,162,48,0.7991232485611035
2,20002,Sherbrooke,66,6,22,0.9244810682746313,148,246,51,0.6057517167932183
2,20002,Torino,44,6,22,0.9347171283527056,115,177,51,0.6743518781526842
3,20003,Fez,33,6,16,0.9638590631601194,64,123,30,0.8195564124901137
3,20003,Sherbrooke,11,6,16,0.9426893765986383,85,156,30,0.7691822004659636
3,20003,Torino,55,6,16,0.9213161634984033,69,116,30,0.639888566124802
4,20004,Fez,66,5,16,0.9658538323807757,51,82,21,0.8537009741014914
4,20004,Sherbrooke,66,5,16,0.9523228135063861,64,113,21,0.8206011837513971
4,20004,Torino,66,5,16,0.9594788228193378,51,82,21,0.7840087458920835
5,20005,Fez,11,5,14,0.9479073607452966,53,87,19,0.8786790688937622
5,20005,Sherbrooke,55,5,14,0.8750298871451679,72,110,19,0.7527706727135176
5,20005,Torino,11,5,14,0.8580872628573238,53,87,19,0.5875779483023652
6,20006,Fez,55,5,11,0.9595565926806295,44,81,20,0.8775420545929665
6,20006,Sherbrooke,44,5,11,0.917599769974187,55,95,17,0.8086047162247446
6,20006,Torino,44,5,11,0.9301986546310956,47,78,17,0.7666697266086889
7,20007,Fez,55,6,23,0.9420519369949352,132,197,54,0.7659116654695278
7,20007,Sherbrooke,55,6,23,0.8799701650789505,176,275,54,0.6093756479711571
7,20007,Torino,11,6,23,0.9416503353488866,134,202,57,0.677386006282036
8,20008,Fez,55,5,24,0.9801000964564206,71,110,24,0.8753257432025042
8,20008,Sherbrooke,55,5,24,0.9716193376438383,77,117,21,0.8008907691753384
8,20008,Torino,11,5,24,0.9666877895399831,72,111,24,0.7849726229181961
9,20009,Fez,22,4,14,0.9966328211878629,54,73,16,0.9095153779322998
9,20009,Sherbrooke,11,4,14,0.9922833675122966,74,107,22,0.799720153409692
9,20009,Torino,55,4,14,0.9866904234814181,54,73,16,0.8420470395183981
