circuit_id,seed,original_qubits,original_depth,backend,transpiled_depth,one_qubit_gates,two_qubit_gates,esp,fidelity,active_physical_qubits,avg_gate_error,max_gate_error,avg_readout_error,max_readout_error,avg_t1,min_t1,avg_t2,min_t2
0,1000,5,16,Sherbrooke,83,155,27,0.8145797208248835,0.981184160745678,5,0.0008641041451423233,0.006303480430202679,0.009423828125,0.019775390625,0.0002768752423068153,0.00023928033542071583,0.00022208770691632554,6.337555301919867e-05
0,1000,5,16,Torino,79,115,27,0.8038449457123524,0.980613092455126,5,0.0010992144565652815,0.007659549953425382,0.012255859375,0.030517578125,0.00014009464988824769,5.9527434601436146e-05,0.00013905354692206692,0.00010472429134423937
0,1000,5,16,Fez,75,120,27,0.8868372972170308,0.9818115194619269,5,0.0006362559706725497,0.0033999583821837653,0.0052734375,0.00634765625,0.00014703417777479512,9.562081555389064e-05,0.00011316194973297482,9.144599425726836e-05
1,1001,8,20,Sherbrooke,148,322,61,0.5901927490585798,0.8669261072378677,8,0.0011191343071584611,0.007926923147774934,0.0120849609375,0.017822265625,0.000275656635700054,0.0001469928637936869,0.0001172385021380088,2.4196989159075558e-05
1,1001,8,20,Torino,80,192,58,0.6172649085404052,0.8824263974750801,8,0.0014443209271094552,0.007149550828637552,0.014923095703125,0.030517578125,0.0001686293829767071,5.048965925950245e-05,0.00011368487434105479,3.136320201800166e-05
1,1001,8,20,Fez,77,188,52,0.7931564572076273,0.9054872015356303,8,0.0007746854189538645,0.004046006358762122,0.00567626953125,0.008056640625,0.00013438679785284226,9.562081555389064e-05,9.589159412623825e-05,2.723830561991519e-05
2,1002,7,16,Sherbrooke,102,174,34,0.7090543054940083,0.939168249606421,7,0.0012360371501109366,0.009356178106295743,0.012172154017857142,0.02587890625,0.00027217488205126593,0.00016310636822987974,0.00020543075344287484,2.7133052989838604e-05
2,1002,7,16,Torino,66,114,31,0.7462505379086617,0.9365761413823966,7,0.0012086073486287485,0.007659549953425382,0.016496930803571428,0.040771484375,0.00016042273186343259,5.9527434601436146e-05,0.00014353602309820495,6.870523592058317e-05
2,1002,7,16,Fez,60,119,34,0.8494621813809595,0.9507456303021015,7,0.0007914477121382293,0.0033999583821837653,0.005964006696428571,0.0107421875,0.00013337264399165073,9.562081555389064e-05,0.00011143495717471131,9.144599425726836e-05
3,1003,5,12,Sherbrooke,49,81,14,0.8807241426291083,0.9731834123881492,5,0.0008357803321112731,0.006303480430202679,0.009423828125,0.019775390625,0.0002768752423068153,0.00023928033542071583,0.00022208770691632554,6.337555301919867e-05
3,1003,5,12,Torino,41,57,11,0.8848543041541104,0.9528170523808668,5,0.0008867956069275717,0.007659549953425382,0.012255859375,0.030517578125,0.00014009464988824769,5.9527434601436146e-05,0.00013905354692206692,0.00010472429134423937
3,1003,5,12,Fez,42,64,14,0.9211029496899982,0.9719132713261368,5,0.0007135759241639326,0.004046006358762122,0.0052734375,0.00634765625,0.00012903326274513795,9.562081555389064e-05,0.00010072478293838896,7.152777106683473e-05
4,1004,7,11,Sherbrooke,37,79,15,0.8544010538185801,0.9403933997131613,7,0.0009812719813806635,0.006303480430202679,0.009207589285714286,0.021484375,0.0002615672543832103,0.00018127809195453833,0.0002033938465967194,1.565907859482999e-05
4,1004,7,11,Torino,34,64,15,0.8372863056742631,0.9433294416952255,7,0.0007449800743527856,0.00408020905993689,0.016671316964285716,0.053955078125,0.00021130542929036667,0.00015459493999167093,0.00014551374344010624,2.7784766241489783e-05
4,1004,7,11,Fez,34,64,15,0.9176773710653943,0.9467096613341283,7,0.0006744481680774521,0.0033999583821837653,0.004638671875,0.00634765625,0.0001466785492901104,9.562081555389064e-05,0.00011861410883332176,9.144599425726836e-05
5,1005,6,9,Sherbrooke,65,121,21,0.8018289905698749,0.9043203390688278,6,0.0010986899465194367,0.007850986624725387,0.010660807291666666,0.015625,0.00024311707603998786,0.00013252953230862786,0.00022593133173611567,7.063221921579745e-05
5,1005,6,9,Torino,41,80,21,0.8167649360764506,0.8866415987146382,6,0.000795522901281585,0.00408020905993689,0.019978841145833332,0.053955078125,0.00019164936749749243,0.00015459493999167093,0.00011094752885241188,2.7784766241489783e-05
5,1005,6,9,Fez,40,82,18,0.9049136682807647,0.9645105052399892,6,0.0006259135287551915,0.0033999583821837653,0.006184895833333333,0.0107421875,0.00013882111055209668,9.562081555389064e-05,0.00011291462876078286,9.144599425726836e-05
6,1006,6,14,Sherbrooke,100,198,39,0.7045345418627579,0.9243956467154422,6,0.0012023707121155062,0.007850986624725387,0.010660807291666666,0.015625,0.00024311707603998786,0.00013252953230862786,0.00022593133173611567,7.063221921579745e-05
6,1006,6,14,Torino,69,131,39,0.7798702296004183,0.9372532743562281,6,0.000867134375511608,0.004051016058839674,0.016642252604166668,0.033935546875,0.00020496139583401252,0.00015459493999167093,0.00012209566271840193,2.7784766241489783e-05
6,1006,6,14,Fez,76,136,39,0.845816849038495,0.9699463194580152,6,0.000758543212899738,0.0033999583821837653,0.0057373046875,0.008056640625,0.0001384685731782066,9.562081555389064e-05,9.884134238079822e-05,2.723830561991519e-05
7,1007,4,9,Sherbrooke,37,59,9,0.904470622485577,0.9385370490458869,4,0.0008020552035253186,0.010934778799582434,0.0113525390625,0.016845703125,0.00034112801210783026,0.0001586839588384347,0.00014118472042975262,1.8737652324842994e-05
7,1007,4,9,Torino,35,49,9,0.9207723431419443,0.9630072603243881,4,0.0006077768399185955,0.003746277807441689,0.01171875,0.02294921875,0.00019043703324203982,0.00015459493999167093,0.00012061807649362823,2.7784766241489783e-05
7,1007,4,9,Fez,30,48,9,0.9513125755876702,0.9799186231031807,4,0.0005228658779012828,0.003311355983104225,0.0050048828125,0.006103515625,0.00014494155734598587,9.562081555389064e-05,0.00011309494030264407,9.144599425726836e-05
8,1008,5,11,Sherbrooke,22,41,4,0.9261810152409986,0.9788991893152905,5,0.0007414112018072697,0.007850986624725387,0.00859375,0.015625,0.00023314929877462173,0.00013252953230862786,0.0001973225805578601,7.063221921579745e-05
8,1008,5,11,Torino,20,37,4,0.9404956442449894,0.9829386978301448,5,0.0006100872220992155,0.007659549953425382,0.0072265625,0.011962890625,0.00014519879171997005,5.9527434601436146e-05,0.00015806480305397672,0.00010472429134423937
8,1008,5,11,Fez,20,37,4,0.9623026145381959,0.9909564104674813,5,0.0004648415696694076,0.00475732006683538,0.003857421875,0.00634765625,0.00015943671756369731,0.00012339246491872296,0.00011640418550173713,8.856971895776478e-05
9,1009,7,10,Sherbrooke,54,115,21,0.7875258272098867,0.8695348637152447,7,0.0011484173959552175,0.009356178106295743,0.011648995535714286,0.02587890625,0.0002811717027428368,0.00016310636822987974,0.0001895583505216889,2.7133052989838604e-05
9,1009,7,10,Torino,34,84,18,0.8136444260990591,0.832763830260029,7,0.0008463153943384471,0.007659549953425382,0.016845703125,0.05029296875,0.00018816176277000875,0.00010976214683862074,0.0001344637261326572,6.947727011386484e-05
9,1009,7,10,Fez,48,95,21,0.892028105392878,0.9199720719300998,7,0.0006230414084494399,0.0033999583821837653,0.005964006696428571,0.0107421875,0.00013337264399165073,9.562081555389064e-05,0.00011143495717471131,9.144599425726836e-05
10,1010,7,9,Sherbrooke,42,105,18,0.8188608362377319,0.959134503973086,7,0.0010743618735892205,0.007850986624725387,0.009556361607142858,0.015625,0.00023428293545635224,0.00013252953230862786,0.0002131694548377932,7.063221921579745e-05
10,1010,7,9,Torino,33,79,18,0.8373509471642944,0.9499093956669832,7,0.0007271643909787838,0.004051016058839674,0.015101841517857142,0.033935546875,0.00021834848723776372,0.00015459493999167093,0.0001475949597933898,2.7784766241489783e-05
10,1010,7,9,Fez,52,90,21,0.8932332308778834,0.9591054827447029,7,0.000667560192318182,0.0033999583821837653,0.005510602678571429,0.0107421875,0.0001462605392629146,9.562081555389064e-05,0.00011991712258211335,9.144599425726836e-05
11,1011,5,12,Sherbrooke,36,63,9,0.8864881187236028,0.9850627523882921,5,0.0009370116936162064,0.007850986624725387,0.010498046875,0.015625,0.0002497563615647794,0.00013252953230862786,0.00023682039453953814,7.063221921579745e-05
11,1011,5,12,Torino,37,58,9,0.8897858715251146,0.9820826909890022,5,0.0008173480852997037,0.007659549953425382,0.012255859375,0.030517578125,0.00014009464988824769,5.9527434601436146e-05,0.00013905354692206692,0.00010472429134423937
11,1011,5,12,Fez,29,55,9,0.9396642371410266,0.9851462684808681,5,0.0005585207635145432,0.004046006358762122,0.0052734375,0.00634765625,0.00012903326274513795,9.562081555389064e-05,0.00010072478293838896,7.152777106683473e-05
12,1012,7,14,Sherbrooke,81,164,30,0.7398316392328369,0.9249041036991055,7,0.0011135227568121655,0.009034455276413444,0.011997767857142858,0.02587890625,0.00029158046735509494,0.00021071911926522037,0.00020148760373429092,2.7133052989838604e-05
12,1012,7,14,Torino,64,125,30,0.7746009481304806,0.9243293668342973,7,0.0008735702534595493,0.007659549953425382,0.016845703125,0.05029296875,0.00018816176277000875,0.00010976214683862074,0.0001344637261326572,6.947727011386484e-05
12,1012,7,14,Fez,62,126,30,0.8617482803197167,0.9482131468581984,7,0.0006843242638950956,0.0033999583821837653,0.005964006696428571,0.0107421875,0.00013337264399165073,9.562081555389064e-05,0.00011143495717471131,9.144599425726836e-05
13,1013,4,20,Sherbrooke,87,130,23,0.8023969990979304,0.9621114252748685,4,0.001135542840530573,0.010934778799582434,0.0113525390625,0.016845703125,0.00034112801210783026,0.0001586839588384347,0.00014118472042975262,1.8737652324842994e-05
13,1013,4,20,Torino,73,114,26,0.8613695137511485,0.9750889384947122,4,0.0007274222822843857,0.003746277807441689,0.01171875,0.02294921875,0.00019043703324203982,0.00015459493999167093,0.00012061807649362823,2.7784766241489783e-05
13,1013,4,20,Fez,73,114,26,0.8991773294109252,0.9873309888096257,4,0.0006149641483063355,0.003311355983104225,0.0050048828125,0.006103515625,0.00014494155734598587,9.562081555389064e-05,0.00011309494030264407,9.144599425726836e-05
14,1014,6,17,Sherbrooke,104,180,34,0.7137800012665485,0.980136987076468,6,0.0012287464620633199,0.009356178106295743,0.012125651041666666,0.02587890625,0.0002782094089738624,0.00016310636822987974,0.00018524638550812252,2.7133052989838604e-05
14,1014,6,17,Torino,68,111,31,0.7806303594305887,0.982662906880656,6,0.0010334281182137045,0.004863617703767142,0.016560872395833332,0.040771484375,0.0001592149096556936,5.9527434601436146e-05,0.00014873764052583874,6.870523592058317e-05
14,1014,6,17,Fez,77,116,31,0.8617938382451031,0.9802903634000668,6,0.0007891703429656047,0.004046006358762122,0.005411783854166667,0.00634765625,0.00013520179862149434,9.562081555389064e-05,0.00010807474218878708,7.152777106683473e-05
15,1015,6,16,Sherbrooke,107,204,39,0.7059743522842621,0.957642615376999,6,0.0011643759979423423,0.007850986624725387,0.010660807291666666,0.015625,0.00024311707603998786,0.00013252953230862786,0.00022593133173611567,7.063221921579745e-05
15,1015,6,16,Torino,77,134,36,0.7326273292384867,0.9724227448883964,6,0.0012182381602801307,0.007659549953425382,0.017008463541666668,0.040771484375,0.00015300704376970922,5.9527434601436146e-05,0.00015600782096114192,0.00010472429134423937
15,1015,6,16,Fez,90,139,36,0.852505033571767,0.9715406190018916,6,0.0006981182044486521,0.0033999583821837653,0.006184895833333333,0.0107421875,0.00013882111055209668,9.562081555389064e-05,0.00011291462876078286,9.144599425726836e-05
16,1016,7,13,Sherbrooke,60,130,24,0.7535011799365458,0.9332635784447403,7,0.0012757794936377584,0.009356178106295743,0.012172154017857142,0.02587890625,0.00027217488205126593,0.00016310636822987974,0.00020543075344287484,2.7133052989838604e-05
16,1016,7,13,Torino,60,116,30,0.7778788207116142,0.9287496958485658,7,0.0008985885440342864,0.007659549953425382,0.016845703125,0.05029296875,0.00018816176277000875,0.00010976214683862074,0.0001344637261326572,6.947727011386484e-05
16,1016,7,13,Fez,59,104,27,0.8757353400003459,0.9623279429453628,7,0.0006922295343131893,0.0033999583821837653,0.005964006696428571,0.0107421875,0.00013337264399165073,9.562081555389064e-05,0.00011143495717471131,9.144599425726836e-05
17,1017,8,24,Sherbrooke,181,457,96,0.4620985569168856,0.7854147600689001,8,0.0012161363481475512,0.007926923147774934,0.0120849609375,0.017822265625,0.000275656635700054,0.0001469928637936869,0.0001172385021380088,2.4196989159075558e-05
17,1017,8,24,Torino,175,314,96,0.47332067194568067,0.8112588016222371,8,0.0014147914990339059,0.007659549953425382,0.02044677734375,0.05029296875,0.00016996317189741825,5.9527434601436146e-05,0.00015459336894631628,9.850632384804888e-05
17,1017,8,24,Fez,175,316,93,0.6983238941922979,0.8847091932164339,8,0.000753510298505393,0.004046006358762122,0.00628662109375,0.012451171875,0.000137089197389485,9.562081555389064e-05,8.722234388040915e-05,4.917429322867596e-05
18,1018,8,21,Sherbrooke,153,317,63,0.569735761466446,0.8490636088338076,8,0.0012012292885255243,0.009356178106295743,0.012969970703125,0.02587890625,0.0002907757426695505,0.00016310636822987974,0.00017807329107635285,2.7133052989838604e-05
18,1018,8,21,Torino,108,209,57,0.6131847398356336,0.8808118027917864,8,0.0013341231799393087,0.007659549953425382,0.016448974609375,0.040771484375,0.0001620376191833474,5.9527434601436146e-05,0.00013323955645411277,3.136320201800166e-05
18,1018,8,21,Fez,133,228,63,0.7656499356105974,0.9096976642746832,8,0.0007245431672898027,0.0033999583821837653,0.0069580078125,0.013916015625,0.00013576487081252563,9.562081555389064e-05,0.00011472926511939969,9.144599425726836e-05
19,1019,5,11,Sherbrooke,44,82,14,0.8709219834630159,0.9886184350087684,5,0.0009589798315512839,0.007018833327466167,0.009130859375,0.012451171875,0.0003188752863409514,0.00027398859345376125,0.0001971922115120188,2.7133052989838604e-05
19,1019,5,11,Torino,38,69,14,0.8883115628658639,0.9828894204766349,5,0.00062520898489129,0.003746277807441689,0.01318359375,0.02294921875,0.00019848302986387326,0.00015459493999167093,0.00010863385192096079,2.7784766241489783e-05
19,1019,5,11,Fez,52,84,17,0.9134567591273806,0.9878269622162567,5,0.000589764149473238,0.003311355983104225,0.00615234375,0.0107421875,0.0001355044007645096,9.562081555389064e-05,0.00011281155702207986,9.144599425726836e-05
20,1020,8,21,Sherbrooke,134,303,57,0.5668404497020979,0.8478587012595605,9,0.0012763663435602108,0.01673895679641485,0.013092041015625,0.045654296875,0.00028853664499094975,0.00016771136230027628,0.00022657785845799883,2.7133052989838604e-05
20,1020,8,21,Torino,99,191,60,0.6041783321697224,0.8636382980378283,8,0.001352984305529529,0.007659549953425382,0.02008056640625,0.05029296875,0.00017474598916055096,5.9527434601436146e-05,0.000165420942949757,0.00010472429134423937
20,1020,8,21,Fez,104,199,60,0.7738855557115516,0.8847854680538818,8,0.0007728057812633431,0.0033999583821837653,0.0069580078125,0.013916015625,0.00013576487081252563,9.562081555389064e-05,0.00011472926511939969,9.144599425726836e-05
21,1021,4,14,Sherbrooke,61,87,16,0.8628559894129632,0.9973644538232076,4,0.0009850680299101386,0.010934778799582434,0.0113525390625,0.016845703125,0.00034112801210783026,0.0001586839588384347,0.00014118472042975262,1.8737652324842994e-05
21,1021,4,14,Torino,53,69,16,0.8877555221520208,0.9965398792049645,4,0.001034816486603548,0.007659549953425382,0.0076904296875,0.011962890625,0.0001236753781531724,5.9527434601436146e-05,0.00014682518479433284,0.00010472429134423937
21,1021,4,14,Fez,53,69,16,0.9154654487096824,0.9971790882423832,4,0.0008273157673253635,0.00475732006683538,0.00445556640625,0.00634765625,0.0001515716190726661,0.00012339246491872296,0.00010502221049964733,8.856971895776478e-05
22,1022,8,9,Sherbrooke,62,129,22,0.8032452004786227,0.865976758232445,8,0.0009423279615523525,0.007618448431418123,0.009490966796875,0.021484375,0.00025511142863731285,0.00018127809195453833,0.00019940536798700485,1.565907859482999e-05
22,1022,8,9,Torino,53,105,22,0.783430341811003,0.8578152114530687,8,0.001069660346130138,0.007149550828637552,0.01336669921875,0.030517578125,0.00017682272905945295,5.9527434601436146e-05,0.00012220020289439645,3.136320201800166e-05
22,1022,8,9,Fez,53,105,22,0.8883498584293361,0.9164777922420083,8,0.000611374212449476,0.0033999583821837653,0.00506591796875,0.008056640625,0.00014029879940325463,9.562081555389064e-05,0.00010719213343164595,2.723830561991519e-05
23,1023,5,15,Sherbrooke,61,115,22,0.8400005549728106,0.9855788478733642,5,0.0009242074277199569,0.006303480430202679,0.009423828125,0.019775390625,0.0002768752423068153,0.00023928033542071583,0.00022208770691632554,6.337555301919867e-05
23,1023,5,15,Torino,51,79,16,0.853447659731856,0.9882747886399168,5,0.0010141715538171479,0.007659549953425382,0.012255859375,0.030517578125,0.00014009464988824769,5.9527434601436146e-05,0.00013905354692206692,0.00010472429134423937
23,1023,5,15,Fez,55,86,19,0.9072413225039363,0.9929876778187293,5,0.0006743287717512243,0.004046006358762122,0.0052734375,0.00634765625,0.00012903326274513795,9.562081555389064e-05,0.00010072478293838896,7.152777106683473e-05
24,1024,6,14,Sherbrooke,59,127,25,0.8075257017546588,0.9842981066868337,6,0.0009963525727942105,0.006303480430202679,0.01025390625,0.021484375,0.00027494878145465566,0.00023928033542071583,0.0002145264554548628,1.565907859482999e-05
24,1024,6,14,Torino,54,85,22,0.7987794814770128,0.9823879629680723,6,0.0011296288397869025,0.007659549953425382,0.017008463541666668,0.040771484375,0.00015300704376970922,5.9527434601436146e-05,0.00015600782096114192,0.00010472429134423937
24,1024,6,14,Fez,69,100,25,0.8859119838003704,0.985366978272713,6,0.0006722358303466834,0.0033999583821837653,0.006144205729166667,0.0107421875,0.0001275609111738412,9.562081555389064e-05,0.00011476645099428512,9.360064375549623e-05
25,1025,7,21,Sherbrooke,157,314,63,0.5817695369177147,0.8819304936888952,7,0.001208418742596802,0.009034455276413444,0.011997767857142858,0.02587890625,0.00029158046735509494,0.00021071911926522037,0.00020148760373429092,2.7133052989838604e-05
25,1025,7,21,Torino,123,210,60,0.6095102814005994,0.8793036054021419,7,0.001354630985105511,0.007149550828637552,0.018101283482142856,0.041259765625,0.0001680033657915872,5.9527434601436146e-05,0.00013254794797187507,3.136320201800166e-05
25,1025,7,21,Fez,100,219,66,0.765263156435631,0.9293174326109959,7,0.0008001669091180047,0.0033999583821837653,0.005580357142857143,0.008056640625,0.00013307046909974494,9.562081555389064e-05,9.937214027758161e-05,2.723830561991519e-05
26,1026,7,11,Sherbrooke,57,128,24,0.7689964623035321,0.884465565391403,7,0.0011674773753704692,0.009034455276413444,0.011997767857142858,0.02587890625,0.00029158046735509494,0.00021071911926522037,0.00020148760373429092,2.7133052989838604e-05
26,1026,7,11,Torino,53,111,24,0.7748787326407882,0.9182562954073465,7,0.0010199230666379992,0.007659549953425382,0.016496930803571428,0.040771484375,0.00016042273186343259,5.9527434601436146e-05,0.00014353602309820495,6.870523592058317e-05
26,1026,7,11,Fez,63,118,30,0.8657323076341462,0.9538641638810396,7,0.0007085081790372675,0.0033999583821837653,0.005580357142857143,0.008056640625,0.00013307046909974494,9.562081555389064e-05,9.937214027758161e-05,2.723830561991519e-05
27,1027,7,10,Sherbrooke,58,107,18,0.8104583381642151,0.9623671451268241,7,0.000914369606633458,0.007018833327466167,0.013462611607142858,0.045654296875,0.00027762369799422455,0.00016771136230027628,0.00017378790938042104,2.7133052989838604e-05
27,1027,7,10,Torino,43,71,18,0.8186036134047645,0.9708278943269865,7,0.0012159397943138411,0.007149550828637552,0.012974330357142858,0.030517578125,0.00017146603420547174,5.9527434601436146e-05,0.0001308609859002045,3.136320201800166e-05
27,1027,7,10,Fez,48,72,18,0.9105340103928011,0.9757038538231227,7,0.000678748780605391,0.0033999583821837653,0.004638671875,0.00634765625,0.0001466785492901104,9.562081555389064e-05,0.00011861410883332176,9.144599425726836e-05
28,1028,6,21,Sherbrooke,142,245,49,0.6653714675606806,0.9116399364668941,6,0.001067763721531013,0.007018833327466167,0.015218098958333334,0.045654296875,0.0002936812990008389,0.00016771136230027628,0.00017998619536918145,2.7133052989838604e-05
28,1028,6,21,Torino,105,172,49,0.6689980334779774,0.9297628441788833,6,0.001346992783886788,0.007659549953425382,0.017008463541666668,0.040771484375,0.00015300704376970922,5.9527434601436146e-05,0.00015600782096114192,0.00010472429134423937
28,1028,6,21,Fez,119,181,49,0.8182601383413195,0.9636111407427124,6,0.0007017194721430634,0.003311355983104225,0.0064697265625,0.0107421875,0.00012886042566963535,9.562081555389064e-05,9.854934845505242e-05,2.723830561991519e-05
29,1029,6,24,Sherbrooke,172,279,55,0.6264190006191556,0.9512117838173143,6,0.0012039241930758933,0.007850986624725387,0.010660807291666666,0.015625,0.00024311707603998786,0.00013252953230862786,0.00022593133173611567,7.063221921579745e-05
29,1029,6,24,Torino,135,195,55,0.7407182128145529,0.9563215160344664,6,0.0007954331315569407,0.004051016058839674,0.016642252604166668,0.033935546875,0.00020496139583401252,0.00015459493999167093,0.00012209566271840193,2.7784766241489783e-05
29,1029,6,24,Fez,135,195,55,0.7949820641437928,0.9592106103389065,6,0.0007686870182502844,0.0033999583821837653,0.006144205729166667,0.0107421875,0.0001275609111738412,9.562081555389064e-05,0.00011476645099428512,9.360064375549623e-05
