circuit_id,backend,candidate_seed,esp,actual_fidelity,cc_readout_risk,cc_edge_risk,cc_sx_risk,cc_gate_risk,cc_esp_norm,cc_readout_norm,cc_edge_norm,cc_sx_norm,cc_gate_norm,calibrationcompass_score
0,Fez,11,0.6877049888219472,0.949513501645041,1.521240234375,0.1944979298784964,0.0145015712503137,0.19449792987849332,0.8937023692645234,1.0,0.005442603739657067,0.8724957391419516,0.005442603739657003,0.30940653470475044
0,Fez,22,0.0,0.6254839101085375,1.091796875,6.17688187129894,0.0096177420033454,6.176881871298938,0.0,0.4461586901763224,1.0,0.0,1.0,-1.978463476070529
0,Fez,33,0.745941775843159,0.9538413348759488,0.802001953125,0.1906645171960917,0.012098286049307,0.1906645171960914,0.9693835921510505,0.07241813602015114,0.004805307809884538,0.4431490130820866,0.004805307809884934,0.8431369810687799
0,Fez,44,0.7022325191408486,0.9379540594867278,1.339111328125,0.2031981829002506,0.0116774329026921,0.2031981829002483,0.912581523082798,0.7651133501259446,0.006889000540138501,0.36796362910210356,0.006889000540138565,0.5205432562397501
0,Fez,55,0.7317780831151114,0.934689032722243,0.745849609375,0.2162936542228455,0.0152152813698657,0.2162936542228452,0.950977261014389,0.0,0.009066092145915567,1.0,0.009066092145915963,0.7346582951517403
0,Fez,66,0.7695011364777933,0.9462025377537154,0.84375,0.1617600051151113,0.0113639244770149,0.1617600051151086,1.0,0.12625944584382873,0.0,0.31195537169665527,0.0,0.8871051473231375
0,Sherbrooke,11,0.0,0.643685827814719,4.929931640625,8.2750020994045,0.0098006794681428,8.275002099404494,0.0,1.0,1.0,0.06008412225265342,1.0,-2.2120168244505307
0,Sherbrooke,22,0.666931529090701,0.9232503205677411,1.43798828125,0.2552213697870314,0.0068677200387961,0.2552213697870294,1.0,0.0,0.0,0.0,0.0,1.0
0,Sherbrooke,33,0.451680205315869,0.8928805419722701,2.914306640625,0.4958605703977538,0.0128997814476279,0.4958605703977539,0.6772512403659982,0.4227784380899112,0.030005708226164995,0.12357181333547877,0.030005708226165273,0.4294152276558404
0,Sherbrooke,44,0.4373042081934831,0.791150290653497,3.97412109375,0.4115602318733253,0.0106565602961028,0.4115602318733226,0.6556958085183147,0.7262811997483045,0.019494156680484584,0.077617555475869,0.0194941566804845,0.3145703354989469
0,Sherbrooke,55,0.4460328110458517,0.8591133848309763,2.5361328125,0.5130701456482898,0.017759420477226,0.5130701456482851,0.6687835131351129,0.31447947982940644,0.03215159922128662,0.22312557553094722,0.0321515992212863,0.44049372749884547
0,Sherbrooke,66,0.395114674654194,0.8355664138674365,4.429931640625,0.3492352918452814,0.0556819378285413,0.3492352918452807,0.5924366406741874,0.856813255960288,0.011722754677201045,1.0,0.01172275467720121,0.028610379871110002
0,Torino,11,0.422942965258313,0.8656014090456401,3.718994140625,0.4435866471539874,0.0312899431515964,0.44358664715398616,0.6103292732832025,1.0,0.2555006080140461,0.2922456255746125,0.25550060801404745,-0.30802094625700543
0,Torino,22,0.5779993828572362,0.8521224612892113,3.662109375,0.1736604696195492,0.0113914905645417,0.1736604696195471,1.0,0.9582586886420638,0.0,0.0,0.0,0.6166965245431745
0,Torino,33,0.5710810829941313,0.9414459570286255,3.529296875,0.1850049510236291,0.0113914905645417,0.1850049510236268,0.9826136900552285,0.8608025797205303,0.01073820228486972,0.0,0.010738202284869557,0.6189638940542511
0,Torino,44,0.1800828677898518,0.827033871385969,2.841064453125,1.230120489940123,0.0794796015428683,1.230120489940119,0.0,0.3557864564672161,1.0,1.0,1.0,-2.1423145825868866
0,Torino,55,0.5058447202195486,0.8842260612542634,2.356201171875,0.4224749538161019,0.015123906820989,0.4224749538161001,0.8186688415647472,0.0,0.23551717945848252,0.054817444673055764,0.2355171794584833,0.383774429604866
0,Torino,66,0.3647813651710432,0.9047806897543124,3.10302734375,0.6070299038337728,0.0350985451583465,0.6070299038337705,0.46416393989054217,0.548011465424579,0.4102090243630055,0.3481819990769179,0.4102090243630062,-0.5630532899480842
1,Fez,11,0.882133314511557,0.970998627581754,0.535400390625,0.0278322331153856,0.004776034310537,0.027832233115384998,0.989382896449898,0.27468060394889665,0.0,0.0,0.0,0.8795106548703393
1,Fez,22,0.8915995189292499,0.9805199927719408,0.304443359375,0.0482644068169477,0.0063667192455824,0.048264406816947006,1.0,0.0,0.01016123035421604,1.0,0.010161230354215988,0.7817097853624113
1,Fez,33,0.8793781108383644,0.9701831669984796,0.304443359375,0.0610342251099207,0.0063667192455824,0.06103422510992,0.9862927156964344,0.0,0.01651185496967045,1.0,0.016511854969670392,0.7565713767510276
1,Fez,44,0.0,0.836038359683155,0.5068359375,2.038629448541616,0.0049456562840125,2.038629448541616,0.0,0.24070847851335656,1.0,0.1066345507764922,1.0,-1.9176103015606412
1,Fez,55,0.8793781108383644,0.9733587438508088,0.304443359375,0.0610342251099207,0.0063667192455824,0.06103422510992,0.9862927156964344,0.0,0.01651185496967045,1.0,0.016511854969670392,0.7565713767510276
1,Fez,66,0.0,0.7228977135018322,1.145263671875,1.0381081815100908,0.005941948180723,1.0381081815100899,0.0,1.0,0.5024255756096003,0.7329634200330962,0.5024255756095999,-1.4509587201038991
1,Sherbrooke,11,0.0,0.759870355938222,2.54296875,2.055262455568453,0.0057632474884901,2.055262455568453,0.0,1.0,1.0,0.2909229995948686,1.0,-2.258184599918974
1,Sherbrooke,22,0.7395214695441028,0.9364967433528464,1.14404296875,0.0852482946455892,0.0073422395470952,0.085248294645589,0.962563160831986,0.19352568613652357,9.472270017603119e-05,1.0,9.472270017638334e-05,0.6849823855170591
1,Sherbrooke,33,0.7388073364197765,0.9359787974437768,1.14404296875,0.0850616719074719,0.0073422395470952,0.085061671907471,0.9616336432105028,0.19352568613652357,0.0,1.0,0.0,0.6842233687558934
1,Sherbrooke,44,0.7395214695441028,0.9368277761965784,1.14404296875,0.0852482946455892,0.0073422395470952,0.085248294645589,0.962563160831986,0.19352568613652357,9.472270017603119e-05,1.0,9.472270017638334e-05,0.6849823855170591
1,Sherbrooke,55,0.7682835783003596,0.9599030444985416,0.808349609375,0.1000092648948353,0.0051154121959007,0.10000926489483501,1.0,0.0,0.00758683739816007,0.0,0.007586837398160369,0.9863436926833113
1,Sherbrooke,66,0.7395214695441028,0.9414217984802996,1.14404296875,0.0852482946455892,0.0073422395470952,0.085248294645589,0.962563160831986,0.19352568613652357,9.472270017603119e-05,1.0,9.472270017638334e-05,0.6849823855170591
1,Torino,11,0.8247481748049326,0.956964392166434,0.83349609375,0.0390442300297187,0.0062244489467495,0.039044230029718,1.0,0.0,0.0,0.0,0.0,1.0
1,Torino,22,0.0,0.751277909916224,2.806396484375,2.034404872199119,0.0076895751668691,2.034404872199119,0.0,1.0,1.0,1.0,1.0,-2.4000000000000004
1,Torino,33,0.6207810379397456,0.7920190347276861,1.7705078125,0.0449885785139163,0.0070963699932697,0.044988578513915994,0.7526916177614715,0.4749412201460215,0.0029790847622085865,0.5951166763291045,0.002979084762208784,0.43832944186526623
1,Torino,44,0.0,0.7630255978651921,2.806396484375,2.034404872199119,0.0076895751668691,2.034404872199119,0.0,1.0,1.0,1.0,1.0,-2.4000000000000004
1,Torino,55,0.0,0.7570803598296606,2.806396484375,2.034404872199119,0.0076895751668691,2.034404872199119,0.0,1.0,1.0,1.0,1.0,-2.4000000000000004
1,Torino,66,0.0,0.7717504012564346,2.806396484375,2.034404872199119,0.0076895751668691,2.034404872199119,0.0,1.0,1.0,1.0,1.0,-2.4000000000000004
2,Fez,11,0.72354674081767,0.96049894506044,1.560546875,0.1932981986391853,0.0099611225034937,0.19329819863918402,0.6898999075539033,1.0,0.12149597576195655,0.21987254940941323,0.12149597576196038,0.02723264130049194
2,Fez,22,0.7448290743529371,0.9563954491810585,0.821533203125,0.2102293666346888,0.0158030852989845,0.210229366634688,0.7772240482665099,0.14971910112359552,0.1736105204091998,1.0,0.17361052040920485,0.20483747108050293
2,Fez,33,0.7991232485611035,0.972817880052882,0.69140625,0.1538261320534107,0.0115395078264744,0.153826132053408,1.0,0.0,0.0,0.43064789344566123,0.0,0.9138704213108677
2,Fez,44,0.5554067531957543,0.931959996858046,0.996337890625,0.4787098686399709,0.0136478276504804,0.4787098686399696,0.0,0.35084269662921347,1.0,0.71218994136848,1.0,-2.0827750669253815
2,Fez,55,0.7661502800707094,0.960944318014811,1.078125,0.1673966561720656,0.0122999321341718,0.167396656172064,0.8647076865233715,0.4449438202247191,0.04177040150189001,0.532193880179602,0.04177040150189324,0.5051046596941555
2,Fez,66,0.7943409848183095,0.9694847237727326,0.83740234375,0.1538639171365499,0.0083146130101704,0.1538639171365488,0.9803777592664582,0.16797752808988764,0.00011630339990606184,0.0,0.00011630339991093099,0.9129774019106635
2,Sherbrooke,11,0.0,0.6142085529586199,9.411865234375,14.490335059066364,0.0141754310650063,14.490335059066359,0.0,1.0,1.0,0.09839771711918044,1.0,-2.2196795434238363
2,Sherbrooke,22,0.4457205761584165,0.8974550761994989,2.0810546875,0.6213350168275797,0.0126324294092617,0.6213350168275775,0.7358139709747936,0.039750559641829226,0.022023085934564236,0.06913064096031105,0.022023085934564247,0.666446064243784
2,Sherbrooke,33,0.4234428644223921,0.8759621694911423,5.041748046875,0.3090186672657095,0.0617091788079157,0.3090186672657072,0.6990370025924998,0.42756635753118005,0.0,1.0,0.0,0.3280104595800278
2,Sherbrooke,44,0.4095159051712264,0.8490522747285417,3.771240234375,0.5415108123099195,0.0350582980783313,0.5415108123099168,0.6760458019651314,0.26114486728493763,0.016394256966062205,0.4944960991391203,0.01639425696606218,0.4431789726844204
2,Sherbrooke,55,0.4195009799586171,0.8736459375773178,5.362548828125,0.4404187106053888,0.0105475007116821,0.4404187106053872,0.6925295766050954,0.46958746402302526,0.009265715516766278,0.029584496112897735,0.009265715516766328,0.4820994038431264
2,Sherbrooke,66,0.6057517167932183,0.9244810682746312,1.777587890625,0.3508507676251907,0.0089877642269449,0.3508507676251902,1.0,0.0,0.00294980375613562,0.0,0.0029498037561357456,0.9946903532389556
2,Torino,11,0.3041513725026339,0.8809070972992292,2.845947265625,0.8727281672094904,0.0387232435355697,0.8727281672094864,0.45102769393306136,0.18925958080119062,0.1302856957612953,0.9732691029855165,0.1302856957612945,-0.05384421135484829
2,Torino,22,0.5467431065101237,0.9096572914696516,2.927001953125,0.3467566357486768,0.0165099607150006,0.3467566357486722,0.8107682713183343,0.2098474513208483,0.027357380056569357,0.07005639713094106,0.027357380056568542,0.6635747272619834
2,Torino,33,0.0,0.7288547786436252,6.037841796875,5.31703449245915,0.0163162539358394,5.317034492459156,0.0,1.0,1.0,0.06218009962184185,1.0,-2.2124360199243682
2,Torino,44,0.6743518781526842,0.9347171283527056,2.100830078125,0.2069583403370613,0.0170835731500985,0.2069583403370607,1.0,0.0,0.0,0.09338001137569647,0.0,0.9813239977248607
2,Torino,55,0.5404161558889551,0.914048948727257,2.64697265625,0.3855802247268687,0.0147870193161777,0.38558022472686726,0.801386002467092,0.13872007937492248,0.03495483806354434,0.0,0.03495483806354414,0.6829792622027436
2,Torino,66,0.3574098846104071,0.8957377680561756,2.94921875,0.7364345541015171,0.0393806534364506,0.7364345541015167,0.5300050258471791,0.21549051221629667,0.10361415329291665,1.0,0.10361415329291657,0.057303345033410585
3,Fez,11,0.7567707638784988,0.9606754267098356,1.27392578125,0.1081198681749583,0.0074036090998429,0.10811986817495581,0.8959841641078817,1.0,0.0024024566121689057,0.16290449730777232,0.0024024566121688905,0.45907884274442323
3,Fez,22,0.8089046653893223,0.9568553953023764,0.9150390625,0.1175366185720248,0.0066778979150174,0.117536618572023,0.9577084700621182,0.5104895104895105,0.003742356705041832,0.0,0.0037423567050419142,0.7467764237972386
3,Fez,33,0.8195564124901137,0.9638590631601194,0.7294921875,0.1155805875331325,0.0085803293065953,0.115580587533132,0.9703196823048833,0.2574092574092574,0.0034640349846858814,0.4270495425560291,0.00346403498468615,0.7757108078575395
3,Fez,44,0.820740683761317,0.9630771734037932,0.810546875,0.0912355240533984,0.0068345467717106,0.091235524053396,0.9717218087553925,0.36796536796536794,0.0,0.03516385552136581,0.0,0.8175028904649722
3,Fez,55,0.0,0.5096108697299714,0.98486328125,7.119185180266731,0.0111327238824947,7.119185180266734,0.0,0.6057276057276058,1.0,1.0,1.0,-2.2422910422910425
3,Fez,66,0.8446251554367642,0.9605721285406752,0.540771484375,0.1009788807759874,0.0072557735228468,0.100978880775987,1.0,0.0,0.0013863725836418047,0.12971900856469196,0.001386372583642088,0.9715607276365058
3,Sherbrooke,11,0.7691822004659636,0.9426893765986384,0.582275390625,0.1876657394255468,0.0071260767688869,0.18766573942554599,1.0,0.0,0.054810705170910294,0.0,0.05481070517091327,0.9013407306923561
3,Sherbrooke,22,0.6028441907143473,0.8748383705047509,2.149169921875,0.2770250147762133,0.0120579097954781,0.2770250147762121,0.4708793394332169,0.420356300759759,0.460987703286646,0.13224488384580638,0.460987703286646,-0.5534900235558108
3,Sherbrooke,33,0.6313017878259121,0.9069299057680094,2.1884765625,0.2329802388609869,0.0095661376120668,0.23298023886098668,0.5614028620141298,0.430901231333508,0.2607849286589143,0.06542913376085265,0.2607849286589192,-0.09345632885749855
3,Sherbrooke,44,0.4548153232144903,0.8011903060495194,4.309814453125,0.1756073389788135,0.0444192625857505,0.175607338978812,0.0,1.0,0.0,1.0,0.0,-0.6000000000000001
3,Sherbrooke,55,0.565568404355418,0.8835447025509539,2.1279296875,0.3304168974652016,0.0086303244761419,0.330416897465199,0.35230518593195276,0.41465810846214307,0.7036771672427684,0.0403357255301797,0.703677167242761,-1.08824410359591
3,Sherbrooke,66,0.5238345007418339,0.8427559617291506,2.333984375,0.3956081656263248,0.0142660999106721,0.395608165626324,0.2195497761430276,0.46993712339533666,1.0,0.19145650835109276,1.0,-1.8067163748853257
3,Torino,11,0.6578901779023624,0.9155422862017448,1.875732421875,0.2054302448148219,0.0124565472146897,0.205430244814821,0.9546519211809785,0.1448720531936329,0.002837669562630366,0.004762999504542555,0.002837669562630365,0.8906426947898822
3,Torino,22,0.6891414172073327,0.8973380563608091,1.173583984375,0.223642231322414,0.0119566655182891,0.22364223132241262,1.0,0.0,0.004628888580612584,0.0,0.004628888580612533,0.9916680005548975
3,Torino,33,0.0,0.5195812486392577,4.286376953125,10.34394860884035,0.0121477439187036,10.343948608840353,0.0,0.6422526697561959,1.0,0.0018206434303481684,1.0,-2.0572651965885482
3,Torino,44,0.0,0.6963925697583427,6.020263671875,2.413299643310028,0.1142262692412212,2.413299643310028,0.0,1.0,0.2199901286948028,0.9744507057760384,0.21999012869480283,-0.9908723728058528
3,Torino,55,0.639888566124802,0.9213161634984032,2.04443359375,0.1765786084326639,0.0119860541891453,0.17657860843266301,0.9285301248006219,0.17967962925649808,0.0,0.00028002270484228637,0.0,0.8566022685570542
3,Torino,66,0.0,0.5919234915582663,5.7783203125,2.7029404949964437,0.1169076939456184,2.702940494996442,0.0,0.9500805964134597,0.24847742203367035,1.0,0.24847742203367018,-1.0272915982259903
4,Fez,11,0.0,0.4639739424461742,0.37939453125,6.058919029052469,0.0069714601821639,6.058919029052469,0.0,0.0,0.9995564750452712,0.0,0.9995564750452713,-1.7992016550814884
4,Fez,22,0.7269722196383885,0.9439599099576772,2.06494140625,0.1226071386386578,0.0087681750677429,0.1226071386386568,0.8515536958400649,1.0,0.00719095359262794,0.39393494551603975,0.007190953592628039,0.35982299027012643
4,Fez,33,0.7033027840579859,0.8982297868190602,0.850830078125,0.2607796417343546,0.0097773319667007,0.2607796417343544,0.8238280210447252,0.27969293163383546,0.030289070843913374,0.6151955201341252,0.03028907084391361,0.5343914168453214
4,Fez,44,0.8009015689971918,0.9558048304510356,1.186279296875,0.0929567142935737,0.0115324033176488,0.0929567142935736,0.9381523429092133,0.4787079953650058,0.0022343308006185364,1.0,0.0022343308006187866,0.5426473493220972
4,Fez,55,0.0,0.5865772145557602,1.426513671875,6.061572186992295,0.009528651431543,6.0615721869922945,0.0,0.621234067207416,1.0,0.5606715921283308,1.0,-2.1606279453086326
4,Fez,66,0.8537009741014914,0.9658538323807756,0.771484375,0.0795909894551956,0.0074694948271766,0.07959098945519401,1.0,0.23261877172653533,0.0,0.10919553921598084,0.0,0.8851133834661896
4,Sherbrooke,11,0.6090848999306594,0.8777886134266293,1.9814453125,0.270488354052212,0.0127830417045835,0.27048835405221,0.7422422877166882,0.25657710607332773,0.03033297267636532,0.18924921301864384,0.03033297267636515,0.5471622518661711
4,Sherbrooke,22,0.5873494674727022,0.8902659732522694,4.022216796875,0.1541307625222185,0.0083249093956858,0.1541307625222176,0.7157550818871851,0.8414497621046739,0.01102588369252384,0.09188580103630226,0.011025883692523848,0.3409514261915121
4,Sherbrooke,33,0.6223778557894017,0.8330225179487336,1.8056640625,0.2622808603452618,0.0131672204356149,0.26228086034526,0.7584413331506386,0.20619927232017912,0.02897111214581662,0.19763948712280385,0.028971112145816477,0.5842857249355364
4,Sherbrooke,44,0.7626122832937262,0.9411838752380168,1.115966796875,0.1043858698857616,0.0499061683937073,0.10438586988575971,0.9293336378183452,0.008536244052616849,0.002771767600956713,1.0,0.0027717676009565524,0.7209299585155766
4,Sherbrooke,55,0.0,0.5523516926856927,4.575439453125,6.114358446527303,0.0167133731714112,6.1143584465273015,0.0,1.0,1.0,0.2750857147905089,1.0,-2.255017142958102
4,Sherbrooke,66,0.8206011837513971,0.952322813506386,1.086181640625,0.0876813214891539,0.0041175891098768,0.08768132148915299,1.0,0.0,0.0,0.0,0.0,1.0
4,Torino,11,0.7575009850101803,0.9198136643716126,1.992431640625,0.0668272603615986,0.0059366365859205,0.0668272603615974,0.9661894576804224,0.10745662723207206,0.0,0.0,0.0,0.9232068067875936
4,Torino,22,0.7094717625059098,0.8982940152995788,2.229736328125,0.1107608299942788,0.0113442216687893,0.11076082999427761,0.9049283776785401,0.13828538805544102,0.0029373894173006943,0.04386971337357503,0.0029373894173006943,0.8355529788305074
4,Torino,33,0.0,0.4638379777655167,8.86279296875,15.023499118004782,0.1292012915614432,15.023499118004782,0.0,1.0,1.0,1.0,1.0,-2.4000000000000004
4,Torino,44,0.7312956556168578,0.9381809313487656,1.165283203125,0.1760258949416342,0.0124699945164924,0.1760258949416328,0.9327646655073393,0.0,0.007300998218011498,0.053002687038464225,0.0073009982180114825,0.9090223313072258
4,Torino,55,0.7623316191939437,0.9405776721293816,1.944091796875,0.0856692500192562,0.008926664281997,0.0856692500192544,0.9723509121400495,0.10117669447175616,0.001259771547908162,0.02425697534033779,0.0012597715479081221,0.9247612504970448
4,Torino,66,0.7840087458920835,0.9594788228193378,1.527099609375,0.0866320991764104,0.0118414044451621,0.0866320991764095,1.0,0.047004345206000823,0.0013241474442518511,0.04790317111108728,0.0013241474442518704,0.9692341622957288
5,Fez,11,0.8786790688937622,0.9479073607452966,0.427978515625,0.0726991523987201,0.0079575430171372,0.07269915239871999,1.0,0.0,0.9658284892574289,1.0,0.9658284892575518,-0.9384912806635932
5,Fez,22,0.8786790688937622,0.9339846866577578,0.427978515625,0.0726991523987201,0.0079575430171372,0.07269915239871999,1.0,0.0,0.9658284892574289,1.0,0.9658284892575518,-0.9384912806635932
5,Fez,33,0.8786790688937622,0.9421723206119887,0.427978515625,0.0726991523987201,0.0079575430171372,0.07269915239871999,1.0,0.0,0.9658284892574289,1.0,0.9658284892575518,-0.9384912806635932
5,Fez,44,0.8419509509343471,0.9370121780902816,0.70458984375,0.0732202467046818,0.0057285413811987,0.0732202467046798,0.0,1.0,1.0,0.0,1.0,-2.2
5,Fez,55,0.8786790688937622,0.9376171593260542,0.427978515625,0.0726991523987201,0.0079575430171372,0.07269915239871999,1.0,0.0,0.9658284892574289,1.0,0.9658284892575518,-0.9384912806635932
5,Fez,66,0.8769986350116017,0.9414905022822924,0.537353515625,0.0579708680662209,0.0063428222454055,0.057970868066219296,0.9542466650750403,0.3954104148278906,0.0,0.2755856497826942,0.0,0.7409653691873452
5,Sherbrooke,11,0.0,0.293432303046514,10.078857421875,8.103096991833477,0.0169057062867214,8.103096991833475,0.0,1.0,1.0,1.0,1.0,-2.4000000000000004
5,Sherbrooke,22,0.7260914721021048,0.8441162072654533,1.338134765625,0.1495636300693133,0.0084470774600567,0.149563630069312,0.9645586609860316,0.0007535795026375283,0.0033568483066889155,0.31083483102879905,0.003356848306688753,0.896047936027177
5,Sherbrooke,33,0.669147534213453,0.8138018396597745,1.72900390625,0.20223472759603,0.0080134270457098,0.20223472759603,0.8889128634639448,0.045438052973848,0.009956970070750895,0.27550324630011275,0.009956970070750897,0.7977144468870314
5,Sherbrooke,44,0.7260914721021048,0.8497075919085151,1.338134765625,0.1495636300693133,0.0084470774600567,0.149563630069312,0.9645586609860316,0.0007535795026375283,0.0033568483066889155,0.31083483102879905,0.003356848306688753,0.896047936027177
5,Sherbrooke,55,0.7527706727135176,0.8750298871451679,1.33154296875,0.122774899366383,0.0046319739399577,0.122774899366383,1.0,0.0,0.0,0.0,0.0,1.0
5,Sherbrooke,66,0.7260914721021048,0.8375926594251943,1.338134765625,0.1495636300693133,0.0084470774600567,0.149563630069312,0.9645586609860316,0.0007535795026375283,0.0033568483066889155,0.31083483102879905,0.003356848306688753,0.896047936027177
5,Torino,11,0.5875779483023652,0.8580872628573238,2.278076171875,0.2334588208218738,0.027320836301869,0.2334588208218721,0.9074520983705721,0.0,0.017747561460793867,1.0,0.017747561460793725,0.6755064877411434
5,Torino,22,0.0,0.2959962396698145,3.873779296875,1.090192710982956,0.0104835297937076,1.090192710982955,0.0,1.0,0.11273863877517082,0.16767321365069807,0.11273863877517078,-0.6364641925254471
5,Torino,33,0.6475029914608437,0.8329690387394636,2.774169921875,0.0733918145191929,0.0070916345216258,0.07339181451919251,1.0,0.3108935128518972,0.0,0.0,0.0,0.8756425948592411
5,Torino,44,0.0,0.2815660808321495,3.873779296875,1.090192710982956,0.0104835297937076,1.090192710982955,0.0,1.0,0.11273863877517082,0.16767321365069807,0.11273863877517078,-0.6364641925254471
5,Torino,55,0.0,0.2761773123979293,3.873779296875,1.090192710982956,0.0104835297937076,1.090192710982955,0.0,1.0,0.11273863877517082,0.16767321365069807,0.11273863877517078,-0.6364641925254471
5,Torino,66,0.0,0.4923917537898651,3.62451171875,9.09249039075373,0.0107526311544339,9.09249039075373,0.0,0.8437882496940025,1.0,0.1809758324910083,1.0,-2.1737104663758027
6,Fez,11,0.7088260222591758,0.9223981724421906,0.6259765625,0.2414887927656388,0.004857593685702,0.2414887927656387,0.0,0.336128739800544,1.0,0.2815194966057143,1.0,-1.9907553952413606
6,Fez,22,0.7556258932403572,0.8662378888606793,1.341064453125,0.0967266950153697,0.0062011203512788,0.0967266950153681,0.2665277796996232,1.0,0.20406768301081435,0.687692054533591,0.20406768301080783,-0.638332460626549
6,Fez,33,0.8844169908025857,0.9539926681618928,0.288818359375,0.0739391885229281,0.0044469579145253,0.0739391885229268,1.0,0.023118766999093383,0.07877720212662559,0.1573768310160284,0.07877720212662104,0.817478163169239
6,Fez,44,0.8051592693190246,0.930128869357112,0.301025390625,0.1570586862986395,0.0072341641756726,0.15705868629863867,0.5486230177950929,0.03445149592021759,0.5357856005938028,1.0,0.5357856005937999,-0.6295716616418339
6,Fez,55,0.8775420545929665,0.9595565926806296,0.263916015625,0.083175831707566,0.0039263910645818,0.083175831707566,0.9608468689098917,0.0,0.12956219989471396,0.0,0.12956219989471648,0.727634909099402
6,Fez,66,0.8744651183799365,0.94280449693421,0.46240234375,0.0596113960821266,0.0043970327433335,0.059611396082126095,0.9433235518591666,0.1842701722574796,0.0,0.14228354332214066,0.0,0.8411587742917466
6,Sherbrooke,11,0.6669825098940277,0.8955001297907464,1.278564453125,0.089240355721108,0.034020632537538,0.0892403557211073,0.8248560718370158,0.1541504926843834,0.001684596146412305,1.0,0.0016845961464123324,0.5601636016997202
6,Sherbrooke,22,0.6095990282121216,0.7598675428183707,2.73291015625,0.1204642706338944,0.0055499395971239,0.1204642706338932,0.7538900231231015,0.5988354732756047,0.006122655372124627,0.0,0.006122655372124583,0.5033350541430353
6,Sherbrooke,33,0.6280171637316103,0.8548010559212035,1.212646484375,0.2618558730479267,0.0064107416365679,0.261855873047926,0.776667698234224,0.13399522245446402,0.0262195685005574,0.030234671184349467,0.026219568500557427,0.6698274517145651
6,Sherbrooke,44,0.8086047162247446,0.917599769974187,0.7744140625,0.0773883988041646,0.0332707789291382,0.0773883988041637,1.0,0.0,0.0,0.9736622635083325,0.0,0.8052675472983335
6,Sherbrooke,55,0.6863512005723175,0.8529140617223917,1.259033203125,0.1136897319467065,0.0338504104112639,0.11368973194670601,0.8488092968054767,0.14817856076440727,0.005159745884169702,0.9940211456521147,0.0051597458841697585,0.5814461007777852
6,Sherbrooke,66,0.0,0.3025547531612093,4.044921875,7.112876959183811,0.0062449919477913,7.112876959183811,0.0,1.0,1.0,0.024412906005556845,1.0,-2.2048825812011112
6,Torino,11,0.6967044217258829,0.9167426695776968,1.41162109375,0.122432609091464,0.0174555155184225,0.1224326090914636,0.23103225087905288,0.4074898785425101,1.0,1.0,1.0,-1.9319637005379513
6,Torino,22,0.7849938719496385,0.9245099097394772,1.12109375,0.0672539449217897,0.0067225197516644,0.06725394492178971,0.8463153805855608,0.1665991902834008,0.1725227272469693,0.20483120750981246,0.17252272724698794,0.42816855392565967
6,Torino,33,0.6635526751083571,0.8854620394547368,2.126220703125,0.0683040207882331,0.0056335218480266,0.068304020788232,0.0,1.0,0.18827000796178422,0.12415129605937025,0.18827000796178597,-0.7637162735430888
6,Torino,44,0.7666697266086889,0.9301986546310956,1.373779296875,0.0557496124865011,0.003957757723947,0.0557496124864997,0.7186156671316558,0.37611336032388665,0.0,0.0,0.0,0.5681703230021011
6,Torino,55,0.8070466959274718,0.924021634656805,0.920166015625,0.0759356988591783,0.0062242140253854,0.075935698859178,1.0,0.0,0.30271714530559707,0.16791354060050168,0.3027171453056092,0.4215264303298031
6,Torino,66,0.8004465391952539,0.9061870540706816,1.026611328125,0.0666015966077637,0.007894269630108,0.0666015966077624,0.9540039599243098,0.08825910931174089,0.1627398988313452,0.2916419131310961,0.1627398988313442,0.5674401156769746
7,Fez,11,0.7280384020224846,0.921852658731018,0.827880859375,0.2255878021611868,0.0158030852989845,0.2255878021611843,0.9505513949525423,0.0,0.005355398581977496,1.0,0.005355398581977738,0.7409116775049822
7,Fez,22,0.5986222675400756,0.889598702788583,2.885498046875,0.2481881495568657,0.0107107697103385,0.24818814955686272,0.7815813422466956,1.0,0.007598774040305794,0.146034046675932,0.007598774040305989,0.3386967396389584
7,Fez,33,0.7280384020224846,0.93398713354035,0.827880859375,0.2255878021611868,0.0158030852989845,0.2255878021611843,0.9505513949525423,0.0,0.005355398581977496,1.0,0.005355398581977738,0.7409116775049822
7,Fez,44,0.0,0.6640124558723345,1.210693359375,10.2458960139818,0.0098399487490739,10.245896013981794,0.0,0.18604651162790697,1.0,0.0,1.0,-1.8744186046511628
7,Fez,55,0.7659116654695278,0.9420519369949352,0.923828125,0.1716361250374615,0.0116261558244285,0.1716361250374566,1.0,0.04663028001898434,0.0,0.29954153496306907,0.0,0.9214395809997924
7,Fez,66,0.7413275316484732,0.9417416602218248,0.92431640625,0.2091716804474809,0.0107957625131985,0.20917168044747841,0.967902129019038,0.04686758424299953,0.0037258871444453747,0.16028708316916374,0.003725887144445616,0.9103910818280034
7,Sherbrooke,11,0.0,0.5953001927465902,8.029541015625,20.221912663577665,0.0122206869944662,20.221912663577655,0.0,1.0,1.0,0.08908252057276604,1.0,-2.2178165041145532
7,Sherbrooke,22,0.2942826663499426,0.7842659891184688,4.20654296875,0.8093142075704436,0.0096694165526279,0.8093142075704399,0.48292488767761127,0.38616228929831437,0.024956565339645347,0.042094606109741854,0.024956565339645277,0.27511923312497566
7,Sherbrooke,33,0.3183270891531965,0.7881293593149945,3.925048828125,0.7459952015540154,0.0100932473332312,0.7459952015540139,0.5223823600648111,0.3409643277146217,0.021776219274926085,0.04990049142052648,0.02177621927492612,0.33681933599999003
7,Sherbrooke,44,0.3264881244976956,0.7534055743958511,6.315185546875,0.341626378104003,0.0616801462357431,0.3416263781039979,0.5357748140817549,0.7247353978831831,0.0014658436505717992,1.0,0.0014658436505716494,0.043242136357452624
7,Sherbrooke,55,0.6093756479711571,0.8799701650789505,2.406494140625,0.3124422072493473,0.0073838347055527,0.3124422072493452,1.0,0.09713837710701685,0.0,0.0,0.0,0.9611446491571932
7,Sherbrooke,66,0.5811393632098989,0.8796431894631583,1.801513671875,0.3890514451866528,0.0089877642269449,0.389051445186648,0.9536635819707147,0.0,0.0038478792344250876,0.029540303497418336,0.003847879234424955,0.9408293386492661
7,Torino,11,0.677386006282036,0.9416503353488866,1.889404296875,0.2280080318023383,0.009117013308304,0.2280080318023353,1.0,0.0,0.24586845831435425,0.0,0.24586845831436133,0.5574367750341496
7,Torino,22,0.5865380444589555,0.8630755574190274,2.963623046875,0.2853457357408457,0.0150285807733689,0.2853457357408416,0.5910824294570778,0.6753645433614736,0.4696474380866598,0.071925607489348,0.4696474380866633,-0.5388138979413752
7,Torino,33,0.4552190749309054,0.8044068153747073,3.47998046875,0.421235166503991,0.0913070381327782,0.42123516650398557,0.0,1.0,1.0,1.0,1.0,-2.4000000000000004
7,Torino,44,0.6309034568492787,0.863781589917803,3.35205078125,0.1650104576557858,0.0117359777103283,0.1650104576557812,0.7907764708722896,0.9195702225633154,0.0,0.031864747670016944,0.0,0.41657543231296
7,Torino,55,0.5972448079934104,0.9052282798600412,2.921142578125,0.2634276089863884,0.0165099607150006,0.2634276089863872,0.6392748560677376,0.6486569455103607,0.38410484208573226,0.08994944851866209,0.38410484208574674,-0.32956652759448324
7,Torino,66,0.5996409469686843,0.913646165863762,3.37939453125,0.2247532749429446,0.0159176448808606,0.2247532749429405,0.6500601649375211,0.9367613200306983,0.23316571440638115,0.0827427852355574,0.23316571440638395,-0.16089120605336094
8,Fez,11,0.0,0.7107461802668114,0.482177734375,4.068819821752023,0.0103618548574939,4.068819821752028,0.0,0.0,1.0,0.4220872641896464,1.0,-1.8844174528379294
8,Fez,22,0.8426069814747918,0.9731421296404672,1.24609375,0.0836950827377345,0.0086763213336307,0.0836950827377343,0.9626210448146925,0.5276559865092749,0.0004937800389599825,0.04039835155697809,0.0004937800389600062,0.7425901758294587
8,Fez,33,0.8629313249809814,0.9753260226273104,0.52294921875,0.10269894263852,0.0084979227121239,0.1026989426385192,0.9858402219770481,0.028161888701517708,0.005260124235955317,0.0,0.005260124235955185,0.9651072428717217
8,Fez,44,0.7785231674856994,0.948594439315764,1.929931640625,0.0945904252112132,0.0129139103609067,0.09459042521121121,0.8894096552414432,1.0,0.0032264329128424882,1.0,0.0032264329128420598,0.2836020759983275
8,Fez,55,0.8753257432025042,0.9801000964564206,0.52587890625,0.0817263355607859,0.0097086253112406,0.0817263355607856,1.0,0.03018549747048904,0.0,0.27416349306375704,0.0,0.933093102399053
8,Fez,66,0.8441019194909243,0.973394825633475,0.95361328125,0.086070590994534,0.0089751049578655,0.0860705909945328,0.9643289096041627,0.3256323777403035,0.0010895795267389249,0.10805787599363607,0.0010895795267387006,0.8105031401611844
8,Sherbrooke,11,0.818388525371383,0.9635500219092128,0.661865234375,0.1417480665628264,0.0103590391397125,0.1417480665628248,1.0,0.0,0.05846267455158563,0.0030447002501172776,0.058462674551584146,0.8941582457571251
8,Sherbrooke,22,0.4834840442421639,0.94379164523523,3.4345703125,0.3799958544578358,0.0489239704686846,0.37999585445783524,0.0,1.0,1.0,1.0,1.0,-2.4000000000000004
8,Sherbrooke,33,0.7099685568503707,0.9385239400560712,2.245361328125,0.1501266226021376,0.0124253860884227,0.1501266226021359,0.6762659963358937,0.5711015232896012,0.09157409738607221,0.05646254570317024,0.09157409738607031,0.2716995025844926
8,Sherbrooke,44,0.7134235611235827,0.9497812887423868,2.721923828125,0.1383346710176849,0.0119750971801694,0.1383346710176844,0.6865823834489073,0.7429778990930703,0.044973192274896746,0.04482197231092713,0.044973192274899695,0.2994750832546743
8,Sherbrooke,55,0.8008907691753384,0.9716193376438385,1.102294921875,0.1269545979345832,0.0102412618872193,0.12695459793458191,0.9477529947134591,0.1588447653429603,0.0,0.0,0.0,0.884215088576275
8,Sherbrooke,66,0.7016342492294309,0.9641640290491305,2.2880859375,0.1687012026845737,0.0103376520584606,0.16870120268457361,0.651380370461798,0.5865105221449326,0.1649794398098648,0.002491815459052051,0.16497943980986904,0.11931480685425022
8,Torino,11,0.7849726229181961,0.9666877895399832,1.45166015625,0.1120596268565528,0.0204043588245271,0.11205962685655199,1.0,0.0,0.25874902103699154,0.8728954020625415,0.2587490210369916,0.3596726817209069
8,Torino,22,0.7370198332671407,0.9438634628050708,3.11962890625,0.0765205776372289,0.0118058465610459,0.0765205776372282,0.5446575296722918,0.599193124013331,0.0,0.0,0.0,0.3049802800669593
8,Torino,33,0.6796611424921687,0.9421147092682683,4.2353515625,0.0947290383978339,0.0124614659659347,0.094729038397833,0.0,1.0,0.13257027129007282,0.06655653286219958,0.1325702712900718,-0.6519377948945692
8,Torino,44,0.706872482687563,0.9541507678609767,2.928466796875,0.1124062650470823,0.0216564108361744,0.11240626504708079,0.2583891147034818,0.530520961234871,0.2612727883977901,1.0,0.261272788397785,-0.6241102889064796
8,Torino,55,0.7089394006818708,0.9518738907843812,1.7001953125,0.2138700797798597,0.0175700528536037,0.2138700797798586,0.2780158257320068,0.08928258200315733,1.0,0.5851650861374239,1.0,-1.674730224296741
8,Torino,66,0.7815357262228876,0.9605690527850428,2.145263671875,0.0851606810342244,0.0157885392602161,0.0851606810342232,0.9673644631961784,0.24916681283985265,0.06290596807568456,0.40431112248320866,0.0629059680756811,0.6736047710273696
9,Fez,11,0.0,0.854797432121831,0.31201171875,4.052362943248947,0.004501636570784,4.052362943248945,0.0,0.44430051813471505,1.0,0.17368864581669646,1.0,-2.0124579364172255
9,Fez,22,0.9095153779322998,0.9966328211878628,0.3486328125,0.0525605275055867,0.0041722825853649,0.0525605275055856,1.0,0.6386010362694301,0.0,0.042496422458026255,0.0,0.7360603010006228
9,Fez,33,0.8830775167627436,0.991511702374979,0.234619140625,0.0899285316772547,0.0045774280460389,0.0899285316772546,0.970931925054791,0.03367875647668394,0.009342462523795237,0.20387881381381753,0.00934246252379549,0.8998682271585221
9,Fez,44,0.8831037858892988,0.9899013431368404,0.416748046875,0.0699436791664135,0.0040655966420652,0.0699436791664116,0.9709608076082834,1.0,0.004346002590629506,0.0,0.0043460025906293075,0.5631380029451506
9,Fez,55,0.8937841577449658,0.9850093164619108,0.382080078125,0.0639536427816093,0.0065760654563536,0.063953642781608,0.9827037336926645,0.8160621761658031,0.002848419519718999,1.0,0.0028484195197189532,0.4511517080908491
9,Fez,66,0.0,0.526717565112583,0.228271484375,3.04261368718903,0.0052272677769224,3.0426136871890286,0.0,0.0,0.7475502159592912,0.46273075699866034,0.7475502159592912,-1.4381365401264563
9,Sherbrooke,11,0.799720153409692,0.9922833675122966,0.8310546875,0.1354609702503488,0.0045326839429261,0.13546097025034862,1.0,0.08988447449985912,0.3620171912496525,0.002547336770391669,0.36201719124966286,0.31190579859658485
9,Sherbrooke,22,0.7947634169393464,0.9749638924185748,0.753173828125,0.1419292833332198,0.0058637653064766,0.1419292833332192,0.9676153588619847,0.0,0.41340198233042547,0.030903826960146704,0.4134019823304326,0.21731102527517654
9,Sherbrooke,33,0.7199745812266983,0.972434040177576,1.5400390625,0.1612386338167657,0.0062131557389072,0.1612386338167638,0.47898546696152,0.9081431389123696,0.5667969908574452,0.038347013110079375,0.5667969908574423,-0.9121757747688399
9,Sherbrooke,44,0.6466619043087902,0.942305951641185,1.61962890625,0.2157701913582023,0.051354086809224,0.2157701913582006,0.0,1.0,1.0,1.0,1.0,-2.4000000000000004
9,Sherbrooke,55,0.6686832875327665,0.929432767670492,1.615234375,0.0898902773442814,0.0419887672988871,0.08989027734428,0.14387583389549266,0.9949281487743026,0.0,0.8004873345154349,0.0,-0.4141928925173154
9,Sherbrooke,66,0.7308681726217061,0.9548646038166136,1.448974609375,0.1495221068936715,0.0044131094652998,0.1495221068936694,0.5501583142859808,0.8030431107354185,0.4737199736472294,0.0,0.47371997364722485,-0.6237548825731913
9,Torino,11,0.720408307531444,0.9817158057764342,0.7568359375,0.2168597604857616,0.0190450699353127,0.2168597604857616,0.8555440179962815,0.0,0.026072569344055788,1.0,0.026072569344055833,0.6086133931769809
9,Torino,22,0.7557326429624418,0.9715429608008026,1.04443359375,0.1451173583188416,0.0073134429476882,0.1451173583188406,0.8974945668055277,0.09309309309309309,0.01430298297623329,0.18584714230188973,0.014302982976233173,0.7973425317506928
9,Torino,33,0.0,0.8006774711171528,3.84619140625,6.153507933826872,0.0088958615578634,6.153507933826871,0.0,1.0,1.0,0.295664018930157,1.0,-2.2591328037860317
9,Torino,44,0.8294933515746699,0.9811165749766744,0.931640625,0.0818806813789858,0.0046354576902684,0.08188068137898441,0.9850914647821716,0.056582898688161846,0.003928789913585882,0.0,0.003928789913585703,0.9553864834624525
9,Torino,55,0.8420470395183981,0.986690423481418,1.093994140625,0.0579324458844563,0.0046677175009979,0.057932445884456,1.0,0.1091354512407144,0.0,0.002238770216776328,0.0,0.9558980654603589
9,Torino,66,0.7429517718124637,0.9647377826721976,0.95263671875,0.1886955235724514,0.0081718821003904,0.1886955235724504,0.8823162328762404,0.06337916864232654,0.021452129982912356,0.24542120564959918,0.021452129982912238,0.7692664903201479
