circuit_id,backend,oracle_candidate,oracle_fidelity,esp_candidate,esp_fidelity,cc_candidate,cc_fidelity,cc_score,esp_correct,cc_correct,esp_regret,cc_regret
2,Fez,33,0.972817880052882,33,0.972817880052882,33,0.972817880052882,0.9138704213108677,True,True,0.0,0.0
2,Sherbrooke,66,0.9244810682746312,66,0.9244810682746312,66,0.9244810682746312,0.9946903532389556,True,True,0.0,0.0
2,Torino,44,0.9347171283527056,44,0.9347171283527056,44,0.9347171283527056,0.9813239977248607,True,True,0.0,0.0
5,Fez,11,0.9479073607452966,11,0.9479073607452966,66,0.9414905022822924,0.7409653691873452,True,False,0.0,0.006416858463004216
5,Sherbrooke,55,0.8750298871451679,55,0.8750298871451679,55,0.8750298871451679,1.0,True,True,0.0,0.0
5,Torino,11,0.8580872628573238,33,0.8329690387394636,33,0.8329690387394636,0.8756425948592411,False,False,0.025118224117860244,0.025118224117860244
8,Fez,55,0.9801000964564206,55,0.9801000964564206,33,0.9753260226273104,0.9651072428717217,True,False,0.0,0.004774073829110215
8,Sherbrooke,55,0.9716193376438385,11,0.9635500219092128,11,0.9635500219092128,0.8941582457571251,False,False,0.00806931573462566,0.00806931573462566
8,Torino,11,0.9666877895399832,11,0.9666877895399832,66,0.9605690527850428,0.6736047710273696,True,False,0.0,0.006118736754940457
