circuit_id,backend,min,max,difference
0,Fez,0.6254839101085375,0.9538413348759489,0.32835742476741137
0,Sherbrooke,0.643685827814719,0.9232503205677411,0.2795644927530222
0,Torino,0.827033871385969,0.9414459570286257,0.1144120856426567
1,Fez,0.7228977135018322,0.9805199927719407,0.2576222792701085
1,Sherbrooke,0.759870355938222,0.9599030444985416,0.20003268856031953
1,Torino,0.751277909916224,0.9569643921664339,0.2056864822502099
2,Fez,0.9319599968580461,0.9728178800528821,0.040857883194835964
2,Sherbrooke,0.6142085529586199,0.9244810682746313,0.3102725153160114
2,Torino,0.7288547786436252,0.9347171283527056,0.20586234970908035
3,Fez,0.5096108697299714,0.9638590631601194,0.454248193430148
3,Sherbrooke,0.8011903060495194,0.9426893765986383,0.14149907054911892
3,Torino,0.5195812486392577,0.9213161634984033,0.4017349148591456
4,Fez,0.46397394244617424,0.9658538323807757,0.5018798899346015
4,Sherbrooke,0.5523516926856927,0.9523228135063861,0.3999711208206934
4,Torino,0.4638379777655167,0.9594788228193378,0.4956408450538211
5,Fez,0.9339846866577578,0.9479073607452966,0.013922674087538778
5,Sherbrooke,0.293432303046514,0.8750298871451679,0.5815975840986539
5,Torino,0.27617731239792936,0.8580872628573238,0.5819099504593945
6,Fez,0.8662378888606793,0.9595565926806295,0.09331870381995022
6,Sherbrooke,0.3025547531612093,0.917599769974187,0.6150450168129777
6,Torino,0.8854620394547368,0.9301986546310956,0.04473661517635885
7,Fez,0.6640124558723345,0.9420519369949352,0.2780394811226007
7,Sherbrooke,0.5953001927465902,0.8799701650789505,0.28466997233236035
7,Torino,0.8044068153747073,0.9416503353488866,0.13724351997417938
8,Fez,0.7107461802668114,0.9801000964564206,0.26935391618960924
8,Sherbrooke,0.9385239400560712,0.9716193376438383,0.03309539758776714
8,Torino,0.9421147092682685,0.9666877895399831,0.024573080271714676
9,Fez,0.526717565112583,0.9966328211878629,0.46991525607527984
9,Sherbrooke,0.929432767670492,0.9922833675122966,0.06285059984180463
9,Torino,0.8006774711171528,0.9866904234814181,0.1860129523642653
