circuit_id,backend,actual_best_seed,esp_selected_seed,ml_selected_seed,actual_best_fidelity,esp_selected_fidelity,ml_selected_fidelity,esp_regret,ml_regret,esp_correct,ml_correct
2,Fez,33,33,55,0.972817880052882,0.972817880052882,0.960944318014811,0.0,0.011873562038070995,1,0
2,Sherbrooke,66,66,66,0.9244810682746312,0.9244810682746312,0.9244810682746312,0.0,0.0,1,1
2,Torino,44,44,44,0.9347171283527056,0.9347171283527056,0.9347171283527056,0.0,0.0,1,1
5,Fez,11,11,44,0.9479073607452966,0.9479073607452966,0.9370121780902816,0.0,0.01089518265501499,1,0
5,Sherbrooke,55,55,55,0.8750298871451679,0.8750298871451679,0.8750298871451679,0.0,0.0,1,1
5,Torino,11,33,33,0.8580872628573238,0.8329690387394636,0.8329690387394636,0.025118224117860244,0.025118224117860244,0,0
8,Fez,55,55,22,0.9801000964564206,0.9801000964564206,0.9731421296404672,0.0,0.006957966815953398,1,0
8,Sherbrooke,55,11,11,0.9716193376438385,0.9635500219092128,0.9635500219092128,0.00806931573462566,0.00806931573462566,0,0
8,Torino,11,11,66,0.9666877895399832,0.9666877895399832,0.9605690527850428,0.0,0.006118736754940457,1,0
