circuit_id,circuit_seed,backend,candidate_seed,original_qubits,original_depth,transpiled_depth,one_qubit_gates,two_qubit_gates,esp,active_physical_qubits,avg_readout_error,max_readout_error,sum_readout_error,readout_product,avg_cz_error,max_cz_error,edge_exposure,max_edge_error,cz_product,avg_t1,min_t1,avg_t2,min_t2,physical_qubits,actual_fidelity
0,20000,Sherbrooke,11,7,16,127,260,51,0.0,7,0.06483677455357142,0.340576171875,0.453857421875,0.5874364956181166,0.16225494312557834,1.0,8.2750020994045,1.0,0.0,0.00024293091278068682,0.00013252953230862786,0.00020113927304186543,5.706640093315378e-05,"83,92,100,101,102,103,104",0.643685827814719
0,20000,Sherbrooke,22,7,16,131,267,51,0.666931529090701,7,0.018484933035714284,0.03076171875,0.12939453125,0.8773386760583061,0.005004340584059439,0.007731650573851945,0.2552213697870314,0.007731650573851945,0.7742144917282092,0.0003251450879994729,0.00022879595524938841,0.00029859926209900545,4.6154859052423115e-05,"41,53,58,59,60,61,71",0.9232503205677411
0,20000,Sherbrooke,33,7,16,142,259,51,0.45168020531586905,7,0.036830357142857144,0.087158203125,0.2578125,0.7675753827699294,0.0097227562823089,0.01994202941922424,0.49586057039775383,0.01994202941922424,0.6072301720360408,0.0003432945577617557,0.00011059051310535338,9.289291319300283e-05,1.511968364381515e-05,"15,19,20,21,22,23,24",0.8928805419722701
0,20000,Sherbrooke,44,7,16,113,269,54,0.4373042081934831,7,0.051060267857142856,0.203125,0.357421875,0.6812133660012372,0.007621485775431951,0.0094729906641004,0.41156023187332536,0.0094729906641004,0.6615363336682484,0.0002872530673939982,7.321640665178645e-05,0.0001856271787803075,6.175184273025624e-05,"43,44,45,54,63,64,65",0.791150290653497
0,20000,Sherbrooke,55,7,16,145,264,51,0.44603281104585174,7,0.03407505580357143,0.1044921875,0.238525390625,0.7817410177651815,0.010060198934280193,0.013510379588167087,0.5130701456482898,0.013510379588167087,0.5969425198531711,0.0003123068130835997,0.00013824687653823698,0.0001970840123144378,1.511968364381515e-05,"24,25,34,42,43,44,45",0.8591133848309763
0,20000,Sherbrooke,66,7,16,129,259,51,0.395114674654194,7,0.05451311383928571,0.203125,0.381591796875,0.6646337874613754,0.006847750820495714,0.008712740088968107,0.3492352918452814,0.008712740088968107,0.7043631739879354,0.0002660813967457677,7.321640665178645e-05,0.00021342856792829043,6.175184273025624e-05,"45,54,61,62,63,64,65",0.8355664138674365
0,20000,Torino,11,7,16,95,171,51,0.42294296525831304,7,0.047119140625,0.137939453125,0.329833984375,0.7077982851802334,0.008697777395176224,0.017540421153037722,0.4435866471539874,0.017540421153037722,0.6400253635276769,0.0001648591680489945,6.469120881427432e-05,0.00011313656339668138,4.898498898759491e-05,"84,93,101,102,103,104,105",0.8656014090456401
0,20000,Torino,22,7,16,98,176,51,0.5779993828572362,7,0.04694475446428571,0.141357421875,0.32861328125,0.7060985157033052,0.003405107247442143,0.005393797820383628,0.17366046961954928,0.005393797820383628,0.8403199319831657,0.00016564434492825762,5.541491119435325e-05,0.0001684338795669112,7.137361515906438e-05,"25,35,42,43,44,45,54",0.8521224612892113
0,20000,Torino,33,7,16,113,178,51,0.5710810829941313,7,0.04694475446428571,0.141357421875,0.32861328125,0.7060985157033052,0.003627548059286846,0.005393797820383628,0.18500495102362913,0.005393797820383628,0.8308024831426739,0.00016564434492825762,5.541491119435325e-05,0.0001684338795669112,7.137361515906438e-05,"25,35,42,43,44,45,54",0.9414459570286255
0,20000,Torino,44,7,16,109,175,51,0.18008286778985186,7,0.033412388392857144,0.141357421875,0.23388671875,0.7819852418944351,0.024120009606669077,0.07151359904753574,1.230120489940123,0.07151359904753574,0.2806020252463993,0.00011921177501045111,4.134690349780361e-05,0.00012481753376023812,4.993444267362083e-05,"40,41,42,43,44,45,54",0.827033871385969
0,20000,Torino,55,7,16,113,178,51,0.5058447202195486,7,0.029506138392857144,0.086669921875,0.20654296875,0.8086627237663202,0.008283822623845135,0.011973449649978707,0.4224749538161019,0.011973449649978707,0.6540806038971243,0.0001572049291904428,5.541491119435325e-05,0.0001420841888101835,4.932106481026948e-05,"44,45,46,47,55,64,65",0.8842260612542634
0,20000,Torino,66,7,16,109,175,51,0.36478136517104326,7,0.03717912946428571,0.137939453125,0.26025390625,0.7616877733269752,0.011902547133995545,0.015038445348052099,0.6070299038337728,0.015038445348052099,0.5427865377462844,0.0001491228395889898,6.469120881427432e-05,0.0001357304950512692,5.078757921641302e-05,"94,103,104,105,106,107,112",0.9047806897543124
0,20000,Fez,11,7,16,113,178,51,0.6877049888219472,7,0.020298549107142856,0.076904296875,0.14208984375,0.8643368642197128,0.003813684899578362,0.00492645681832371,0.19449792987849646,0.00492645681832371,0.8229346365989992,0.0001249190874582162,8.896898620456324e-05,6.128005133400917e-05,1.1018438267643966e-05,"38,46,47,48,49,57,67",0.949513501645041
0,20000,Fez,22,7,16,113,178,51,0.0,7,0.014229910714285714,0.022705078125,0.099609375,0.9043499757365473,0.12111533080978316,1.0,6.1768818712989395,1.0,0.0,0.00012390124781619526,8.554491547909988e-05,7.131278044348894e-05,1.660307930913441e-05,"68,69,78,88,89,90,91",0.6254839101085375
0,20000,Fez,33,7,16,110,176,51,0.745941775843159,7,0.010219029017857142,0.02001953125,0.071533203125,0.930521793754567,0.0037385199450214067,0.00492645681832371,0.19066451719609173,0.00492645681832371,0.826093339971554,0.00015078716763829617,8.896898620456324e-05,9.661157449378471e-05,1.1018438267643966e-05,"25,37,45,46,47,48,57",0.9538413348759488
0,20000,Fez,44,7,16,109,175,51,0.7022325191408486,7,0.017159598214285716,0.0458984375,0.1201171875,0.8851309669408125,0.003984278096083346,0.006276649078569396,0.20319818290025066,0.006276649078569396,0.8157498466665237,0.00016847066768294473,0.00013679890666469776,0.00011512448187984068,1.1018438267643966e-05,"41,42,43,44,45,46,56",0.9379540594867278
0,20000,Fez,55,7,16,103,174,51,0.7317780831151114,7,0.009416852678571428,0.015869140625,0.06591796875,0.9358434769990579,0.004241052043585206,0.0101566715843735,0.21629365422284552,0.0101566715843735,0.8050241969150673,0.00019077358433928221,4.880620782230333e-05,0.00016369980573141733,4.2379597486132065e-05,"0,1,2,3,4,5,16",0.934689032722243
0,20000,Fez,66,7,16,113,178,51,0.7695011364777933,7,0.010707310267857142,0.02001953125,0.074951171875,0.9273274839158975,0.003171764806178654,0.00492645681832371,0.16176000511511135,0.00492645681832371,0.850406611588414,0.00015216390279568343,6.956261627908302e-05,0.00012004214637899732,1.1018438267643966e-05,"24,25,37,44,45,46,47",0.9462025377537154
1,20001,Sherbrooke,11,7,10,29,66,10,0.0,7,0.07578822544642858,0.340576171875,0.530517578125,0.5419328384275263,0.20552624555684532,1.0,2.055262455568453,1.0,0.0,0.0002502600084720061,0.00013252953230862786,0.00017190625250603468,1.7282471331162923e-05,"8,92,99,100,101,102,103",0.759870355938222
1,20001,Sherbrooke,22,7,10,25,60,10,0.7395214695441028,7,0.029052734375,0.054443359375,0.203369140625,0.81283618679296,0.008524829464558925,0.00878800548814962,0.08524829464558925,0.00878800548814962,0.9179478412305815,0.0003491950203734154,0.0002337908986939142,0.0001698133989019193,2.1509071792367444e-05,"0,1,2,3,14,18,19",0.9364967433528464
1,20001,Sherbrooke,33,7,10,30,64,10,0.7388073364197765,7,0.029052734375,0.054443359375,0.203369140625,0.81283618679296,0.008506167190747194,0.00878800548814962,0.08506167190747194,0.00878800548814962,0.9181206781251832,0.0003491950203734154,0.0002337908986939142,0.0001698133989019193,2.1509071792367444e-05,"0,1,2,3,14,18,19",0.9359787974437768
1,20001,Sherbrooke,44,7,10,25,60,10,0.7395214695441028,7,0.029052734375,0.054443359375,0.203369140625,0.81283618679296,0.008524829464558925,0.00878800548814962,0.08524829464558925,0.00878800548814962,0.9179478412305815,0.0003491950203734154,0.0002337908986939142,0.0001698133989019193,2.1509071792367444e-05,"0,1,2,3,14,18,19",0.9368277761965784
1,20001,Sherbrooke,55,7,10,30,64,10,0.7682835783003596,7,0.021902901785714284,0.0419921875,0.1533203125,0.855920614148676,0.010000926489483536,0.023940844660705507,0.10000926489483536,0.023940844660705507,0.9042671540306947,0.0002951760266998277,0.00021016899498644905,0.00023999703154014822,5.796574626933414e-05,"35,44,45,46,47,54,118",0.9599030444985416
1,20001,Sherbrooke,66,7,10,25,60,10,0.7395214695441028,7,0.029052734375,0.054443359375,0.203369140625,0.81283618679296,0.008524829464558925,0.00878800548814962,0.08524829464558925,0.00878800548814962,0.9179478412305815,0.0003491950203734154,0.0002337908986939142,0.0001698133989019193,2.1509071792367444e-05,"0,1,2,3,14,18,19",0.9414217984802996
1,20001,Torino,11,7,10,20,49,10,0.8247481748049326,7,0.020926339285714284,0.04736328125,0.146484375,0.8618328693681729,0.0039044230029718742,0.00418663282219689,0.03904423002971874,0.00418663282219689,0.9616343521937643,0.0002009402193858133,0.00014912654716722746,0.00011336479762285982,3.136320201800166e-05,"8,93,99,100,101,102,103",0.956964392166434
1,20001,Torino,22,7,10,21,49,10,0.0,7,0.07760184151785714,0.257080078125,0.543212890625,0.5483569014204714,0.2034404872199119,1.0,2.034404872199119,1.0,0.0,0.00019729260865573205,0.00014176878738743077,0.00015343428297726446,3.6492069022158956e-05,"0,1,2,3,15,19,20",0.751277909916224
1,20001,Torino,33,7,10,20,49,10,0.6207810379397456,7,0.05726841517857143,0.166748046875,0.40087890625,0.6538547744919367,0.00449885785139163,0.006559164689385055,0.0449885785139163,0.006559164689385055,0.9559033820266896,0.0002035253104571439,0.00014786421855730303,0.00016696274178293696,4.932106481026948e-05,"0,46,47,48,49,50,51",0.7920190347276861
1,20001,Torino,44,7,10,21,49,10,0.0,7,0.07760184151785714,0.257080078125,0.543212890625,0.5483569014204714,0.2034404872199119,1.0,2.034404872199119,1.0,0.0,0.00019729260865573205,0.00014176878738743077,0.00015343428297726446,3.6492069022158956e-05,"0,1,2,3,15,19,20",0.7630255978651921
1,20001,Torino,55,7,10,21,49,10,0.0,7,0.07760184151785714,0.257080078125,0.543212890625,0.5483569014204714,0.2034404872199119,1.0,2.034404872199119,1.0,0.0,0.00019729260865573205,0.00014176878738743077,0.00015343428297726446,3.6492069022158956e-05,"0,1,2,3,15,19,20",0.7570803598296606
1,20001,Torino,66,7,10,21,49,10,0.0,7,0.07760184151785714,0.257080078125,0.543212890625,0.5483569014204714,0.2034404872199119,1.0,2.034404872199119,1.0,0.0,0.00019729260865573205,0.00014176878738743077,0.00015343428297726446,3.6492069022158956e-05,"0,1,2,3,15,19,20",0.7717504012564346
1,20001,Fez,11,7,10,20,49,10,0.882133314511557,7,0.013078962053571428,0.03271484375,0.091552734375,0.911680491368688,0.0027832233115385684,0.0034711667686598835,0.027832233115385685,0.0034711667686598835,0.9725129939349818,0.0001500191210017054,0.00011253478202101726,0.00012177092094418043,2.3114926485690192e-05,"25,26,37,43,44,45,107",0.970998627581754
1,20001,Fez,22,7,10,21,49,10,0.8915995189292499,7,0.008544921875,0.015869140625,0.059814453125,0.9416302904853247,0.0048264406816947766,0.0101566715843735,0.04826440681694777,0.0101566715843735,0.9527350773277755,0.0001990603872681212,4.880620782230333e-05,0.00016580407507421643,4.2379597486132065e-05,"0,1,2,3,4,5,6",0.9805199927719408
1,20001,Fez,33,7,10,28,53,10,0.8793781108383644,7,0.008544921875,0.015869140625,0.059814453125,0.9416302904853247,0.006103422510992074,0.0101566715843735,0.06103422510992074,0.0101566715843735,0.9405618964258211,0.0001990603872681212,4.880620782230333e-05,0.00016580407507421643,4.2379597486132065e-05,"0,1,2,3,4,5,6",0.9701831669984796
1,20001,Fez,44,7,10,25,52,10,0.0,7,0.013044084821428572,0.022705078125,0.09130859375,0.9120121480071209,0.20386294485416162,1.0,2.038629448541616,1.0,0.0,0.00013365827536106372,8.554491547909988e-05,8.616605797738257e-05,4.6580465044079096e-05,"68,69,70,71,78,89,90",0.836038359683155
1,20001,Fez,55,7,10,28,53,10,0.8793781108383644,7,0.008544921875,0.015869140625,0.059814453125,0.9416302904853247,0.006103422510992074,0.0101566715843735,0.06103422510992074,0.0101566715843735,0.9405618964258211,0.0001990603872681212,4.880620782230333e-05,0.00016580407507421643,4.2379597486132065e-05,"0,1,2,3,4,5,6",0.9733587438508088
1,20001,Fez,66,7,10,21,49,10,0.0,7,0.024867466517857144,0.076904296875,0.174072265625,0.8365017805038745,0.10381081815100908,1.0,1.0381081815100908,1.0,0.0,0.00011960716745510986,9.862370959798505e-05,7.539552750077584e-05,1.6452646331419718e-05,"65,66,67,68,69,70,151",0.7228977135018322
2,20002,Sherbrooke,11,6,22,143,251,48,0.0,6,0.1064453125,0.5,0.638671875,0.4336235012059042,0.3018819803972158,1.0,14.490335059066364,1.0,0.0,0.00027267052211947507,0.00014966741484017624,0.00021393117770135395,5.706640093315378e-05,"66,73,83,84,85,86",0.6142085529586199
2,20002,Sherbrooke,22,6,22,141,242,48,0.4457205761584165,6,0.024698893229166668,0.0419921875,0.148193359375,0.8602889343485017,0.012944479517241246,0.023940844660705507,0.6213350168275797,0.023940844660705507,0.5343494152232171,0.00031903820275629033,0.00021016899498644905,0.0002662761826888175,6.175184273025624e-05,"44,45,46,47,48,54",0.8974550761994989
2,20002,Sherbrooke,33,6,22,142,238,48,0.42344286442239215,6,0.058186848958333336,0.203125,0.34912109375,0.6869391858293701,0.006437888901368948,0.007470643071650518,0.30901866726570953,0.007470643071650518,0.7334242575639199,0.00024070897793475963,7.321640665178645e-05,0.00020080691638025975,6.175184273025624e-05,"54,61,62,63,64,65",0.8759621694911423
2,20002,Sherbrooke,44,6,22,137,238,48,0.40951590517122644,6,0.046915690104166664,0.1044921875,0.281494140625,0.7454016677255418,0.011281475256456654,0.019673884817254017,0.5415108123099195,0.019673884817254017,0.5795765430603741,0.0002672358233661344,0.00013824687653823698,0.0001056640614373956,1.511968364381515e-05,"16,24,25,26,27,34",0.8490522747285417
2,20002,Sherbrooke,55,6,22,139,245,48,0.4195009799586171,6,0.061808268229166664,0.203125,0.370849609375,0.671826921566248,0.009175389804278934,0.023940844660705507,0.44041871060538884,0.023940844660705507,0.6420456827786369,0.0002715166503883299,7.321640665178645e-05,0.00022007107443268816,6.175184273025624e-05,"45,46,54,63,64,65",0.8736459375773178
2,20002,Sherbrooke,66,6,22,148,246,51,0.6057517167932183,6,0.0211181640625,0.055908203125,0.126708984375,0.8790885453531961,0.0068794268161802095,0.00843910434012407,0.3508507676251907,0.00843910434012407,0.7032139786415542,0.0002993612994077932,0.00022879595524938841,0.00012125812936941852,2.4196989159075558e-05,"71,75,76,77,78,79",0.9244810682746312
2,20002,Torino,11,6,22,110,180,48,0.30415137250263397,6,0.034749348958333336,0.081787109375,0.20849609375,0.8070944978535276,0.018181836816864392,0.0435159752869026,0.8727281672094904,0.0435159752869026,0.4119869868031647,0.00015922573255115868,3.1636670345492487e-06,0.000105627591045294,6.131348483914939e-06,"82,83,84,85,93,103",0.8809070972992292
2,20002,Torino,22,6,22,112,171,51,0.5467431065101237,6,0.035563151041666664,0.086669921875,0.21337890625,0.802685040524177,0.00679914972056229,0.011973449649978707,0.3467566357486768,0.011973449649978707,0.7057540642011305,0.00020147098049535397,0.00010450129441664454,0.000172748628932396,4.932106481026948e-05,"46,55,63,64,65,66",0.9096572914696516
2,20002,Torino,33,6,22,103,162,48,0.0,6,0.07198079427083333,0.11474609375,0.431884765625,0.6349820373070509,0.11077155192623245,1.0,5.31703449245915,1.0,0.0,0.00011838537758662422,4.242049838087228e-05,0.0001112071618118664,1.880833651631802e-05,"16,21,22,23,24,34",0.7288547786436252
2,20002,Torino,44,6,22,115,177,51,0.6743518781526842,6,0.0252685546875,0.053955078125,0.151611328125,0.8568633019618512,0.0040580066732757115,0.006600765149689991,0.2069583403370613,0.006600765149689991,0.8126652056401723,0.00019297884530531553,0.0001566544988539497,0.00011488370115415083,2.7784766241489783e-05,"63,73,80,81,82,83",0.9347171283527056
2,20002,Torino,55,6,22,103,162,48,0.5404161558889551,6,0.031046549479166668,0.086669921875,0.186279296875,0.8253562973939439,0.008032921348476432,0.011973449649978707,0.3855802247268687,0.011973449649978707,0.6786868665123121,0.00020951470742399116,0.00010450129441664454,0.00015711831762197802,4.932106481026948e-05,"46,47,55,64,65,66",0.914048948727257
2,20002,Torino,66,6,22,103,162,48,0.3574098846104071,6,0.033732096354166664,0.081787109375,0.202392578125,0.8121012875424453,0.015342386543781616,0.0435159752869026,0.7364345541015171,0.0435159752869026,0.4736931516515304,0.00017791093814637881,3.1636670345492487e-06,0.000110583391438055,6.131348483914939e-06,"73,82,83,84,85,93",0.8957377680561756
2,20002,Fez,11,6,22,103,162,48,0.72354674081767,6,0.017740885416666668,0.0576171875,0.1064453125,0.8970655086129367,0.004027045804983028,0.00432421866764926,0.19329819863918535,0.00432421866764926,0.823913687630757,0.00013423042276134714,8.896898620456324e-05,8.103610003243102e-05,2.0212896727624212e-05,"38,48,49,50,51,58",0.96049894506044
2,20002,Fez,22,6,22,103,162,48,0.7448290743529371,6,0.009724934895833334,0.015869140625,0.058349609375,0.9429802907227899,0.004379778471556018,0.0101566715843735,0.21022936663468889,0.0101566715843735,0.809942723414943,0.00019090189880237285,4.880620782230333e-05,0.00015620418516514516,4.2379597486132065e-05,"0,1,2,3,4,16",0.9563954491810585
2,20002,Fez,33,6,22,103,162,48,0.7991232485611035,6,0.008382161458333334,0.012939453125,0.05029296875,0.9507185711299991,0.0032047110844460568,0.003729788749903873,0.15382613205341072,0.003729788749903873,0.8572044916568895,0.00014731314222411016,6.956261627908302e-05,0.0001229933559486687,9.36748750544994e-05,"16,23,24,25,26,37",0.972817880052882
2,20002,Fez,44,6,22,103,162,48,0.5554067531957543,6,0.011515299479166666,0.03271484375,0.069091796875,0.9325879819273024,0.009973122263332728,0.03325821922205768,0.47870986863997095,0.03325821922205768,0.6164067080731727,0.00014727098737067756,9.65851238507667e-05,7.130146913732819e-05,1.0407388450935476e-05,"42,43,56,62,63,64",0.931959996858046
2,20002,Fez,55,6,22,103,162,48,0.7661502800707094,6,0.012369791666666666,0.03271484375,0.07421875,0.9277114740505548,0.0034874303369180335,0.005548863169461404,0.16739665617206562,0.005548863169461404,0.8455949412894526,0.00015909380058879092,0.00013679890666469776,0.00011095315034708592,1.1018438267643966e-05,"42,43,44,45,46,56",0.960944318014811
2,20002,Fez,66,6,22,103,162,48,0.7943409848183095,6,0.0096435546875,0.019287109375,0.057861328125,0.9433995757876097,0.003205498273678124,0.003906583001843877,0.15386391713654995,0.003906583001843877,0.8571722896681618,0.0001269411787165679,9.448648053452447e-05,6.776552933571656e-05,1.660307930913441e-05,"88,89,90,91,92,98",0.9694847237727326
3,20003,Sherbrooke,11,6,16,85,156,30,0.7691822004659636,6,0.009684244791666666,0.012451171875,0.05810546875,0.9432573151982374,0.006255524647518229,0.009034455276413444,0.18766573942554687,0.009034455276413444,0.8283918855439664,0.0003050573587034074,0.0002359677205156871,0.00021874966976858048,2.7133052989838604e-05,"87,93,103,104,105,106",0.9426893765986384
3,20003,Sherbrooke,22,6,16,82,144,27,0.6028441907143473,6,0.0325927734375,0.1044921875,0.195556640625,0.816629884034616,0.010260185732452343,0.013510379588167087,0.2770250147762133,0.013510379588167087,0.7568396333867065,0.0002834811727620751,0.00013824687653823698,0.00018765484792181362,1.511968364381515e-05,"24,34,41,42,43,44",0.8748383705047509
3,20003,Sherbrooke,33,6,16,85,152,27,0.6313017878259121,6,0.033732096354166664,0.087158203125,0.202392578125,0.8123471324501228,0.00862889773559211,0.01994202941922424,0.23298023886098695,0.01994202941922424,0.7911193623337917,0.00030930694054182094,0.00011059051310535338,0.000104325432658746,1.511968364381515e-05,"4,15,21,22,23,24",0.9069299057680094
3,20003,Sherbrooke,44,6,16,87,161,30,0.4548153232144903,6,0.06620279947916667,0.203125,0.397216796875,0.651877980410824,0.005853577965960451,0.008316168208496233,0.17560733897881353,0.008316168208496233,0.8384971604456678,0.00022201805229234565,7.321640665178645e-05,0.00018498876007850076,6.175184273025624e-05,"54,62,63,64,72,81",0.8011903060495194
3,20003,Sherbrooke,55,6,16,88,162,30,0.565568404355418,6,0.034830729166666664,0.054443359375,0.208984375,0.8078991482728393,0.011013896582173388,0.01586635634658362,0.33041689746520164,0.01586635634658362,0.7171236257806284,0.00036154613510546357,0.0002337908986939142,0.00011705068404817108,2.1509071792367444e-05,"0,1,14,18,19,20",0.8835447025509539
3,20003,Sherbrooke,66,6,16,86,156,30,0.5238345007418339,6,0.0338134765625,0.1044921875,0.202880859375,0.810586742317537,0.013186938854210828,0.01994202941922424,0.39560816562632484,0.01994202941922424,0.6714607691615078,0.000251695394531487,0.00011059051310535338,0.00014028869029073348,1.511968364381515e-05,"23,24,34,41,42,43",0.8427559617291506
3,20003,Torino,11,6,16,69,116,30,0.6578901779023624,6,0.0308837890625,0.081787109375,0.185302734375,0.8266072500522718,0.006847674827160732,0.017540421153037722,0.20543024481482197,0.017540421153037722,0.8133514472845284,0.00019546256451488927,0.00014912654716722746,0.00011259442643649438,4.898498898759491e-05,"83,84,93,101,102,103",0.9155422862017448
3,20003,Torino,22,6,16,71,119,27,0.6891414172073327,6,0.019978841145833332,0.051025390625,0.119873046875,0.8854002984621351,0.008283045604533855,0.011973449649978707,0.22364223132241406,0.011973449649978707,0.7987930056916616,0.00015007936648441756,5.541491119435325e-05,0.00014317744784006733,4.932106481026948e-05,"44,45,46,47,55,65",0.8973380563608091
3,20003,Torino,33,6,16,71,119,27,0.0,6,0.06986490885416667,0.11474609375,0.419189453125,0.64324466438172,0.38310920773482793,1.0,10.34394860884035,1.0,0.0,0.00011731896693652713,4.242049838087228e-05,9.467595317412044e-05,1.880833651631802e-05,"20,21,22,23,34,40",0.5195812486392577
3,20003,Torino,44,6,16,69,116,30,0.0,6,0.1256103515625,0.565185546875,0.753662109375,0.3580900402573746,0.0804433214436676,1.0,2.413299643310028,1.0,0.0,0.00013105659778756573,3.1636670345492487e-06,0.00010428749515341691,6.131348483914939e-06,"81,82,83,84,85,86",0.6963925697583427
3,20003,Torino,55,6,16,69,116,30,0.639888566124802,6,0.039225260416666664,0.11962890625,0.2353515625,0.7826491991528636,0.005885953614422131,0.011973449649978707,0.17657860843266393,0.011973449649978707,0.8376262546328668,0.0001743553710783251,5.541491119435325e-05,0.0001727856707461241,4.932106481026948e-05,"25,35,44,45,46,55",0.9213161634984032
3,20003,Torino,66,6,16,69,116,30,0.0,6,0.12105305989583333,0.565185546875,0.726318359375,0.3684589631703032,0.09009801649988144,1.0,2.7029404949964433,1.0,0.0,0.00011974783718781455,3.1636670345492487e-06,0.00010627985137049573,6.131348483914939e-06,"84,85,86,93,103,104",0.5919234915582663
3,20003,Fez,11,6,16,71,119,27,0.7567707638784988,6,0.025065104166666668,0.076904296875,0.150390625,0.8567808643976843,0.004004439562035496,0.0045245712543414696,0.10811986817495839,0.0045245712543414696,0.8973231390323223,0.00013480624426465932,9.862370959798505e-05,5.646273790339687e-05,1.6452646331419718e-05,"64,65,66,67,77,85",0.9606754267098356
3,20003,Fez,22,6,16,64,123,30,0.8089046653893223,6,0.012939453125,0.042236328125,0.07763671875,0.9243081581269913,0.0039178872857341595,0.0045245712543414696,0.1175366185720248,0.0045245712543414696,0.8888992067918398,0.00013464962782756257,9.862370959798505e-05,5.8001503288688546e-05,1.6452646331419718e-05,"64,65,66,77,85,86",0.9568553953023764
3,20003,Fez,33,6,16,64,123,30,0.8195564124901137,6,0.010701497395833334,0.02783203125,0.064208984375,0.9372647732648114,0.0038526862511044165,0.00492645681832371,0.1155805875331325,0.00492645681832371,0.8906473512118612,0.00013222776651306958,8.896898620456324e-05,6.991081971723541e-05,1.1018438267643966e-05,"38,46,47,48,49,50",0.9638590631601194
3,20003,Fez,44,6,16,69,116,30,0.820740683761317,6,0.01513671875,0.042236328125,0.0908203125,0.9120563884497149,0.00304118413511328,0.0045245712543414696,0.09123552405339841,0.0045245712543414696,0.9126716658130283,0.0001202840360640728,2.71485117609998e-05,7.058083833837912e-05,2.2436854432723044e-05,"65,77,85,86,87,88",0.9630771734037932
3,20003,Fez,55,6,16,71,119,27,0.0,6,0.019816080729166668,0.07080078125,0.118896484375,0.8852897327171508,0.2636735251950642,1.0,7.119185180266731,1.0,0.0,0.00016039419792109622,0.00010138321118942003,8.786816149269196e-05,2.031782682225323e-05,"61,76,80,81,82,83",0.5096108697299714
3,20003,Fez,66,6,16,69,116,30,0.8446251554367642,6,0.008626302083333334,0.018798828125,0.0517578125,0.9492595208224751,0.003365962692532916,0.004731122371923191,0.10097888077598749,0.004731122371923191,0.9037880288631212,0.00011325624435337639,2.71485117609998e-05,7.009544367502044e-05,2.2436854432723044e-05,"85,86,87,97,107,108",0.9605721285406752
4,20004,Sherbrooke,11,5,16,63,112,21,0.6090848999306594,5,0.039111328125,0.1044921875,0.195556640625,0.8166572046803504,0.012880397812010095,0.01994202941922424,0.270488354052212,0.01994202941922424,0.7615617789920028,0.0002411788744788777,0.00011059051310535338,0.00013401620671494343,1.511968364381515e-05,"22,23,24,25,34",0.8777886134266293
4,20004,Sherbrooke,22,5,16,63,115,21,0.5873494674727022,5,0.06767578125,0.203125,0.33837890625,0.6943737246367276,0.007339560120105644,0.008712740088968107,0.15413076252221852,0.008712740088968107,0.8566637876376734,0.0002526482280636886,7.321640665178645e-05,0.00016632231031174456,6.175184273025624e-05,"45,54,63,64,65",0.8902659732522694
4,20004,Sherbrooke,33,5,16,91,133,24,0.6223778557894017,5,0.03623046875,0.1044921875,0.18115234375,0.8286938709496836,0.010928369181052576,0.01994202941922424,0.2622808603452618,0.01994202941922424,0.7679020591947419,0.00023978120954658717,0.00011059051310535338,0.00010598586457388735,1.511968364381515e-05,"23,24,25,26,34",0.8330225179487336
4,20004,Sherbrooke,44,5,16,63,112,21,0.7626122832937262,5,0.02109375,0.03076171875,0.10546875,0.8987348424083317,0.0049707557088457905,0.005928022860568705,0.1043858698857616,0.005928022860568705,0.9006350699071868,0.00032619358468798565,0.00027570164892536906,0.00036688318004836964,0.0003020747589025255,"53,59,60,61,62",0.9411838752380168
4,20004,Sherbrooke,55,5,16,61,111,21,0.0,5,0.087548828125,0.25732421875,0.437744140625,0.6162201065955645,0.29115992602510965,1.0,6.114358446527303,1.0,0.0,0.00030080081618538744,0.00017275909991425791,0.0001552429429879883,4.444146850625187e-05,"3,4,5,6,15",0.5523516926856927
4,20004,Sherbrooke,66,5,16,64,113,21,0.8206011837513971,5,0.020458984375,0.03076171875,0.102294921875,0.9016232362158244,0.0041753010232930465,0.005432380911591206,0.08768132148915397,0.005432380911591206,0.9158812358132651,0.00031597656800780424,0.00024905308533607187,0.00038115430253267646,0.0003205561005438467,"41,53,59,60,61",0.952322813506386
4,20004,Torino,11,5,16,51,82,21,0.7575009850101803,5,0.03818359375,0.141357421875,0.19091796875,0.8168024072910187,0.003182250493409459,0.004614540559466085,0.06682726036159864,0.004614540559466085,0.9352530035237289,0.0001988860676790354,8.372342795432513e-05,0.00018453930887059002,7.933698395417266e-05,"42,54,60,61,62",0.9198136643716126
4,20004,Torino,22,5,16,65,103,24,0.7094717625059098,5,0.041357421875,0.10400390625,0.206787109375,0.8070882400215916,0.004615034583094951,0.005106236503410466,0.11076082999427883,0.005106236503410466,0.8949212829503386,0.00021773351437772456,9.674916548056673e-05,0.00013226184400046755,4.184546932608388e-05,"50,56,68,69,70",0.8982940152995788
4,20004,Torino,33,5,16,51,82,21,0.0,5,0.14228515625,0.565185546875,0.71142578125,0.37412750897488867,0.7154047199049897,1.0,15.023499118004782,1.0,0.0,0.00011422466358513447,3.1636670345492487e-06,0.00012078963848515885,6.131348483914939e-06,"67,74,85,86,87",0.4638379777655167
4,20004,Torino,44,5,16,63,91,24,0.7312956556168578,5,0.02314453125,0.051025390625,0.11572265625,0.8889992012562755,0.00733441228923476,0.011973449649978707,0.17602589494163423,0.011973449649978707,0.8379434091563479,0.00016251865874836695,5.541491119435325e-05,0.00014737355060896108,4.932106481026948e-05,"35,44,45,46,55",0.9381809313487656
4,20004,Torino,55,5,16,72,89,24,0.7623316191939437,5,0.0328125,0.086669921875,0.1640625,0.8443997979791261,0.0035695520841356764,0.004846625269212701,0.08566925001925624,0.004846625269212701,0.9177472298298409,0.0001812746485831822,0.00010450129441664454,0.00015347581661920257,0.00011301724235324616,"62,63,64,65,73",0.9405776721293816
4,20004,Torino,66,5,16,51,82,21,0.7840087458920835,5,0.027783203125,0.0400390625,0.138916015625,0.8682246244155978,0.004125338056019546,0.005106236503410466,0.08663209917641046,0.005106236503410466,0.9168446660947198,0.00019802873277078946,9.674916548056673e-05,0.00011394912140695074,4.184546932608388e-05,"56,67,68,69,70",0.9594788228193378
4,20004,Fez,11,5,16,63,91,24,0.0,5,0.00703125,0.010009765625,0.03515625,0.9653272321660692,0.2524549595438529,1.0,6.058919029052469,1.0,0.0,0.0001416967444225102,0.00011253478202101726,0.00010422124990075688,2.3114926485690192e-05,"104,105,106,107,108",0.4639739424461742
4,20004,Fez,22,5,16,63,91,24,0.7269722196383885,5,0.034814453125,0.10595703125,0.174072265625,0.8345834748334576,0.005108630776610744,0.005607477683633899,0.12260713863865785,0.005607477683633899,0.8843322269985888,0.0001358521607868388,8.399410512638346e-05,4.3670550465941343e-05,1.9669723740896218e-05,"111,112,113,119,133",0.9439599099576772
4,20004,Fez,33,5,16,51,82,21,0.7033027840579859,5,0.014453125,0.042236328125,0.072265625,0.9293079634271447,0.01241807817782641,0.03325821922205768,0.26077964173435464,0.03325821922205768,0.7677431522238379,0.00012739909435830979,9.65851238507667e-05,5.041602262068794e-05,1.0407388450935476e-05,"63,64,65,66,77",0.8982297868190602
4,20004,Fez,44,5,16,67,94,24,0.8009015689971918,5,0.021728515625,0.076904296875,0.108642578125,0.8941024117352536,0.003873196428898905,0.00492645681832371,0.09295671429357372,0.00492645681832371,0.911064169296719,0.00012764364813945255,8.896898620456324e-05,5.078628206290636e-05,1.1018438267643966e-05,"46,47,48,57,67",0.9558048304510356
4,20004,Fez,55,5,16,51,82,21,0.0,5,0.02373046875,0.076904296875,0.11865234375,0.8850510590042384,0.2886462946186807,1.0,6.0615721869922945,1.0,0.0,0.0001157930190649964,9.862370959798505e-05,6.086946259491163e-05,1.6452646331419718e-05,"57,66,67,68,69",0.5865772145557602
4,20004,Fez,66,5,16,51,82,21,0.8537009741014914,5,0.0134765625,0.03271484375,0.0673828125,0.9340969020922006,0.003790047116914079,0.005548863169461404,0.07959098945519566,0.005548863169461404,0.9233386352683302,0.00015670683300719385,0.00013679890666469776,0.0001309400927629743,3.860912417187856e-05,"42,43,44,45,56",0.9658538323807756
5,20005,Sherbrooke,11,5,14,72,110,19,0.0,5,0.191357421875,0.5,0.956787109375,0.29274317005700823,0.4264787890438671,1.0,8.103096991833477,1.0,0.0,0.00022739860132462027,0.00019889469747965714,0.00023085594239923192,5.706640093315378e-05,"82,83,84,92,102",0.293432303046514
5,20005,Sherbrooke,22,5,14,66,100,19,0.7260914721021048,5,0.030859375,0.054443359375,0.154296875,0.8543834261851389,0.00787177000364807,0.00878800548814962,0.14956363006931334,0.00878800548814962,0.8605722776265823,0.0003201393584721742,0.0002337908986939142,0.0001431787474020317,2.1509071792367444e-05,"0,1,2,14,18",0.8441162072654533
5,20005,Sherbrooke,33,5,14,68,108,19,0.669147534213453,5,0.03583984375,0.087158203125,0.17919921875,0.8316355547402406,0.010643933031370003,0.01994202941922424,0.20223472759603006,0.01994202941922424,0.8157651406875895,0.00030334324936296374,0.00011059051310535338,0.0001200273280366717,1.511968364381515e-05,"4,15,22,23,24",0.8138018396597745
5,20005,Sherbrooke,44,5,14,66,100,19,0.7260914721021048,5,0.030859375,0.054443359375,0.154296875,0.8543834261851389,0.00787177000364807,0.00878800548814962,0.14956363006931334,0.00878800548814962,0.8605722776265823,0.0003201393584721742,0.0002337908986939142,0.0001431787474020317,2.1509071792367444e-05,"0,1,2,14,18",0.8497075919085151
5,20005,Sherbrooke,55,5,14,72,110,19,0.7527706727135176,5,0.029931640625,0.0498046875,0.149658203125,0.8582595850775254,0.006461836808757002,0.0075004597922939675,0.12277489936638303,0.0075004597922939675,0.8840989408462013,0.0004025674455281645,0.00032407470321102873,0.000190378226649443,7.737102394967002e-05,"20,33,38,39,40",0.8750298871451679
5,20005,Sherbrooke,66,5,14,66,100,19,0.7260914721021048,5,0.030859375,0.054443359375,0.154296875,0.8543834261851389,0.00787177000364807,0.00878800548814962,0.14956363006931334,0.00878800548814962,0.8605722776265823,0.0003201393584721742,0.0002337908986939142,0.0001431787474020317,2.1509071792367444e-05,"0,1,2,14,18",0.8375926594251943
5,20005,Torino,11,5,14,53,87,19,0.5875779483023652,5,0.045361328125,0.137939453125,0.226806640625,0.7878323149868984,0.012287306359045992,0.015038445348052099,0.23345882082187386,0.015038445348052099,0.7905876956990872,0.0001089048329606336,6.469120881427432e-05,7.198365966066999e-05,4.898498898759491e-05,"102,103,104,105,106",0.8580872628573238
5,20005,Torino,22,5,14,53,87,19,0.0,5,0.102490234375,0.257080078125,0.512451171875,0.5656226501954342,0.057378563735945055,1.0,1.0901927109829561,1.0,0.0,0.00019100808582829944,0.00014176878738743077,0.00014943826305319923,3.6492069022158956e-05,"0,1,2,15,19",0.2959962396698145
5,20005,Torino,33,5,14,53,87,19,0.6475029914608437,5,0.06640625,0.11962890625,0.33203125,0.7056171362538034,0.0038627270799575244,0.005422834255227826,0.07339181451919297,0.005422834255227826,0.9290945164352999,0.00014464866862790642,6.659007056051414e-05,0.00019195515012810426,0.0001440040892058471,"4,16,23,24,25",0.8329690387394636
5,20005,Torino,44,5,14,53,87,19,0.0,5,0.102490234375,0.257080078125,0.512451171875,0.5656226501954342,0.057378563735945055,1.0,1.0901927109829561,1.0,0.0,0.00019100808582829944,0.00014176878738743077,0.00014943826305319923,3.6492069022158956e-05,"0,1,2,15,19",0.2815660808321495
5,20005,Torino,55,5,14,53,87,19,0.0,5,0.102490234375,0.257080078125,0.512451171875,0.5656226501954342,0.057378563735945055,1.0,1.0901927109829561,1.0,0.0,0.00019100808582829944,0.00014176878738743077,0.00014943826305319923,3.6492069022158956e-05,"0,1,2,15,19",0.2761773123979293
5,20005,Torino,66,5,14,53,87,19,0.0,5,0.080712890625,0.11474609375,0.403564453125,0.6534548971496839,0.47855212582914375,1.0,9.09249039075373,1.0,0.0,0.00010635749327645946,4.242049838087228e-05,9.029386985854531e-05,1.880833651631802e-05,"21,22,23,34,40",0.4923917537898651
5,20005,Fez,11,5,14,53,87,19,0.8786790688937622,5,0.00908203125,0.015869140625,0.04541015625,0.9553418923572959,0.0038262711788800085,0.0101566715843735,0.07269915239872016,0.0101566715843735,0.9297286565656105,0.0001979046396780404,4.880620782230333e-05,0.0001645261613633366,4.2379597486132065e-05,"0,1,2,3,4",0.9479073607452966
5,20005,Fez,22,5,14,53,87,19,0.8786790688937622,5,0.00908203125,0.015869140625,0.04541015625,0.9553418923572959,0.0038262711788800085,0.0101566715843735,0.07269915239872016,0.0101566715843735,0.9297286565656105,0.0001979046396780404,4.880620782230333e-05,0.0001645261613633366,4.2379597486132065e-05,"0,1,2,3,4",0.9339846866577578
5,20005,Fez,33,5,14,53,87,19,0.8786790688937622,5,0.00908203125,0.015869140625,0.04541015625,0.9553418923572959,0.0038262711788800085,0.0101566715843735,0.07269915239872016,0.0101566715843735,0.9297286565656105,0.0001979046396780404,4.880620782230333e-05,0.0001645261613633366,4.2379597486132065e-05,"0,1,2,3,4",0.9421723206119887
5,20005,Fez,44,5,14,53,95,22,0.8419509509343471,5,0.01728515625,0.042236328125,0.08642578125,0.9160821400416951,0.003328193032030991,0.0045245712543414696,0.0732202467046818,0.0045245712543414696,0.9292787526449235,0.00012137092442443104,2.71485117609998e-05,6.28950443264703e-05,2.2436854432723044e-05,"65,77,85,86,87",0.9370121780902816
5,20005,Fez,55,5,14,53,87,19,0.8786790688937622,5,0.00908203125,0.015869140625,0.04541015625,0.9553418923572959,0.0038262711788800085,0.0101566715843735,0.07269915239872016,0.0101566715843735,0.9297286565656105,0.0001979046396780404,4.880620782230333e-05,0.0001645261613633366,4.2379597486132065e-05,"0,1,2,3,4",0.9376171593260542
5,20005,Fez,66,5,14,53,87,19,0.8769986350116017,5,0.012548828125,0.02001953125,0.062744140625,0.9387546618253082,0.0030510983192747858,0.00492645681832371,0.057970868066220926,0.00492645681832371,0.9435851026639043,0.00017175715932520066,0.00013444650475566183,0.00011757865597021516,1.1018438267643966e-05,"25,37,45,46,47",0.9414905022822924
6,20006,Sherbrooke,11,5,11,55,95,17,0.6669825098940277,5,0.037548828125,0.09716796875,0.187744140625,0.8235686587132773,0.005249432689476941,0.005928022860568705,0.089240355721108,0.005928022860568705,0.9144044358852046,0.00030798785227729644,0.00024549441270415966,0.00032292865989546433,0.00012821631827769552,"60,61,62,63,72",0.8955001297907464
6,20006,Sherbrooke,22,5,11,59,87,17,0.6095990282121216,5,0.06767578125,0.203125,0.33837890625,0.6943737246367276,0.007086133566699675,0.008712740088968107,0.12046427063389448,0.008712740088968107,0.8861200186748667,0.0002526482280636886,7.321640665178645e-05,0.00016632231031174456,6.175184273025624e-05,"45,54,63,64,65",0.7598675428183707
6,20006,Sherbrooke,33,5,11,53,115,20,0.6280171637316103,5,0.03583984375,0.087158203125,0.17919921875,0.8316355547402406,0.013092793652396337,0.01994202941922424,0.26185587304792673,0.01994202941922424,0.7679801746249246,0.00030334324936296374,0.00011059051310535338,0.0001200273280366717,1.511968364381515e-05,"4,15,22,23,24",0.8548010559212035
6,20006,Sherbrooke,44,5,11,55,95,17,0.8086047162247446,5,0.02109375,0.03076171875,0.10546875,0.8987348424083317,0.004552258753186152,0.005928022860568705,0.0773883988041646,0.005928022860568705,0.9253582981456421,0.00032619358468798565,0.00027570164892536906,0.00036688318004836964,0.0003020747589025255,"53,59,60,61,62",0.917599769974187
6,20006,Sherbrooke,55,5,11,56,106,20,0.6863512005723175,5,0.031298828125,0.09716796875,0.156494140625,0.8502902780580934,0.005684486597335325,0.008316168208496233,0.11368973194670651,0.008316168208496233,0.8922184652625396,0.0003095752028708206,0.00024549441270415966,0.00032905548561067523,0.00015885044685374998,"60,61,62,72,81",0.8529140617223917
6,20006,Sherbrooke,66,5,11,53,115,20,0.0,5,0.125390625,0.5,0.626953125,0.43877760845134617,0.3556438479591905,1.0,7.112876959183811,1.0,0.0,0.0002606959381666409,0.00014966741484017624,0.00021511595507061487,5.706640093315378e-05,"83,84,85,86,87",0.3025547531612093
6,20006,Torino,11,5,11,47,78,17,0.6967044217258829,5,0.04013671875,0.137939453125,0.20068359375,0.8091681939298491,0.0072019181818508285,0.013826342265450986,0.12243260909146408,0.013826342265450986,0.8842294412268599,0.00014588629388806023,6.469120881427432e-05,0.00010349207095598058,4.898498898759491e-05,"93,102,103,104,105",0.9167426695776968
6,20006,Torino,22,5,11,46,74,17,0.7849938719496385,5,0.031591796875,0.086669921875,0.157958984375,0.8497186885623699,0.003956114407164104,0.011802880976502228,0.06725394492178977,0.011802880976502228,0.9347658267632951,0.00019353973076471648,0.00010450129441664454,0.00019194861389830556,0.00013505946449051252,"55,64,65,66,67",0.9245099097394772
6,20006,Torino,33,5,11,45,78,20,0.6635526751083571,5,0.0626953125,0.11962890625,0.3134765625,0.7195425848010091,0.0034152010394116585,0.005422834255227826,0.06830402078823317,0.005422834255227826,0.9338576713997816,0.00015488137179989203,6.659007056051414e-05,0.00019682958585025525,0.0001440040892058471,"16,23,24,25,26",0.8854620394547368
6,20006,Torino,44,5,11,47,78,17,0.7666697266086889,5,0.03818359375,0.141357421875,0.19091796875,0.8168024072910187,0.003279388969794187,0.004614540559466085,0.05574961248650118,0.004614540559466085,0.9456855414463565,0.0001988860676790354,8.372342795432513e-05,0.00018453930887059002,7.933698395417266e-05,"42,54,60,61,62",0.9301986546310956
6,20006,Torino,55,5,11,44,81,20,0.8070466959274718,5,0.024365234375,0.053955078125,0.121826171875,0.883099431083802,0.0037967849429589168,0.004846625269212701,0.07593569885917834,0.004846625269212701,0.9267329879617289,0.00019813742894508437,0.0001566544988539497,0.00014934733535457883,0.00011301724235324616,"62,63,73,81,82",0.924021634656805
6,20006,Torino,66,5,11,46,74,17,0.8004465391952539,5,0.027783203125,0.0400390625,0.138916015625,0.8682246244155978,0.003917740976927281,0.005106236503410466,0.06660159660776377,0.005106236503410466,0.9354403929565521,0.00019802873277078946,9.674916548056673e-05,0.00011394912140695074,4.184546932608388e-05,"56,67,68,69,70",0.9061870540706816
6,20006,Fez,11,5,11,42,73,17,0.7088260222591758,5,0.017626953125,0.0576171875,0.088134765625,0.9139486796486849,0.014205223103861108,0.039803117388588716,0.24148879276563884,0.039803117388588716,0.7822087009018237,0.00015476234773664072,0.0001125881017523706,9.751960642199633e-05,3.784505791420361e-05,"51,58,70,71,72",0.9223981724421906
6,20006,Fez,22,5,11,47,78,17,0.7556258932403572,5,0.03291015625,0.10595703125,0.16455078125,0.8426620937261121,0.005689805589139396,0.0071476255650051446,0.09672669501536973,0.0071476255650051446,0.9075459247446558,0.00012109194079834711,8.399410512638346e-05,4.370636378461016e-05,1.9669723740896218e-05,"111,112,113,114,119",0.8662378888606793
6,20006,Fez,33,5,11,42,73,17,0.8844169908025857,5,0.008056640625,0.0107421875,0.040283203125,0.9603528872729812,0.004349364030760479,0.010273846416775756,0.07393918852292813,0.010273846416775756,0.9285162982059321,0.00013166274968564622,6.956261627908302e-05,0.0001262227295499969,9.36748750544994e-05,"24,25,26,27,37",0.9539926681618928
6,20006,Fez,44,5,11,42,73,17,0.8051592693190246,5,0.008349609375,0.012939453125,0.041748046875,0.9589114019829098,0.009238746252861151,0.03325821922205768,0.15705868629863956,0.03325821922205768,0.8534389797836636,0.00015412741481808315,9.65851238507667e-05,7.648428064560987e-05,1.0407388450935476e-05,"56,61,62,63,64",0.930128869357112
6,20006,Fez,55,5,11,44,81,20,0.8775420545929665,5,0.0078125,0.019287109375,0.0390625,0.9614575487264464,0.004158791585378302,0.006132283609759981,0.08317583170756604,0.006132283609759981,0.9200133433224327,0.0001236099846438232,9.448648053452447e-05,6.547141849746665e-05,1.660307930913441e-05,"90,91,98,110,111",0.9595565926806296
6,20006,Fez,66,5,11,42,73,17,0.8744651183799365,5,0.01318359375,0.022705078125,0.06591796875,0.9356395985241884,0.003506552710713334,0.004388564137647377,0.05961139608212668,0.004388564137647377,0.9420280443769009,0.00012270299860691242,8.554491547909988e-05,7.033651307718924e-05,1.660307930913441e-05,"78,88,89,90,91",0.94280449693421
7,20007,Sherbrooke,11,6,23,155,245,48,0.0,6,0.10563151041666667,0.5,0.6337890625,0.4357781521435733,0.4212898471578678,1.0,20.221912663577662,1.0,0.0,0.0002702150171140364,0.00014966741484017624,0.00020759875296291535,5.706640093315378e-05,"73,83,84,85,86,87",0.5953001927465902
7,20007,Sherbrooke,22,6,23,156,243,48,0.29428266634994266,6,0.057861328125,0.203125,0.34716796875,0.6873249342661122,0.016860712657717578,0.030667210494451147,0.8093142075704436,0.030667210494451147,0.4410336062778544,0.00026924131929267865,7.321640665178645e-05,0.00023190257748180768,8.596090779737319e-05,"64,65,66,67,73,85",0.7842659891184688
7,20007,Sherbrooke,33,6,23,179,282,57,0.3183270891531965,6,0.055379231770833336,0.203125,0.332275390625,0.6988509411930088,0.013087635114982715,0.023940844660705507,0.7459952015540154,0.023940844660705507,0.47109748565423853,0.00027458260274517,7.321640665178645e-05,0.00022898118649213798,6.175184273025624e-05,"44,45,46,47,54,64",0.7881293593149945
7,20007,Sherbrooke,44,6,23,164,273,57,0.32648812449769565,6,0.07039388020833333,0.203125,0.42236328125,0.6353929737861457,0.00599344522989479,0.007470643071650518,0.34162637810400304,0.007470643071650518,0.7098660268595709,0.0002292975400163109,7.321640665178645e-05,0.00021856596310900652,6.175184273025624e-05,"54,61,62,63,64,72",0.7534055743958511
7,20007,Sherbrooke,55,6,23,176,275,54,0.6093756479711571,6,0.0264892578125,0.0498046875,0.158935546875,0.8502972158800288,0.005785966800913839,0.007986948615168243,0.3124422072493473,0.007986948615168243,0.7309671441814392,0.0003769817188294824,0.00024905308533607187,0.0002208869174285458,7.737102394967002e-05,"20,33,38,39,40,41",0.8799701650789505
7,20007,Sherbrooke,66,6,23,179,298,60,0.5811393632098989,6,0.0211181640625,0.055908203125,0.126708984375,0.8790885453531961,0.00648419075311088,0.00843910434012407,0.3890514451866528,0.00843910434012407,0.6768188656476662,0.0002993612994077932,0.00022879595524938841,0.00012125812936941852,2.4196989159075558e-05,"71,75,76,77,78,79",0.8796431894631583
7,20007,Torino,11,6,23,134,202,57,0.677386006282036,6,0.0216064453125,0.04736328125,0.129638671875,0.8766094819309593,0.004000140908812953,0.00418663282219689,0.2280080318023383,0.00418663282219689,0.7957528876702293,0.0002012458479939657,0.00014912654716722746,0.00011976743042986305,4.898498898759491e-05,"93,100,101,102,103,111",0.9416503353488866
7,20007,Torino,22,6,23,124,178,48,0.5865380444589555,6,0.034830729166666664,0.086669921875,0.208984375,0.8063614605571123,0.005944702827934287,0.011973449649978707,0.28534573574084576,0.011973449649978707,0.7507656840097915,0.000197162142378032,0.00010450129441664454,0.00016817735571696623,4.932106481026948e-05,"46,55,64,65,66,67",0.8630755574190274
7,20007,Torino,33,6,23,132,202,57,0.4552190749309054,6,0.039225260416666664,0.141357421875,0.2353515625,0.7807164837604702,0.007390090640420896,0.07151359904753574,0.42123516650399107,0.07151359904753574,0.650692878053027,0.00011655066537414509,4.134690349780361e-05,0.00012221702543000685,4.993444267362083e-05,"35,41,42,43,44,45",0.8044068153747073
7,20007,Torino,44,6,23,129,194,54,0.6309034568492787,6,0.042236328125,0.11962890625,0.25341796875,0.7685762735852615,0.0030557492158478855,0.004405473466501664,0.1650104576557858,0.004405473466501664,0.8476676106580117,0.00018479766645545422,8.660238425506996e-05,0.00020573988123432916,0.00010796699543300328,"24,25,26,27,35,44",0.863781589917803
7,20007,Torino,55,6,23,121,175,48,0.5972448079934104,6,0.035563151041666664,0.086669921875,0.21337890625,0.802685040524177,0.005488075187216425,0.011973449649978707,0.2634276089863884,0.011973449649978707,0.7675126975283492,0.00020147098049535397,0.00010450129441664454,0.000172748628932396,4.932106481026948e-05,"46,55,63,64,65,66",0.9052282798600412
7,20007,Torino,66,6,23,126,181,51,0.5996409469686843,6,0.040486653645833336,0.10400390625,0.242919921875,0.7779258719739365,0.004406926959665581,0.005106236503410466,0.22475327494294461,0.005106236503410466,0.7983104828894402,0.00020324484033977346,9.674916548056673e-05,0.00013272811408214172,4.184546932608388e-05,"50,56,67,68,69,70",0.913646165863762
7,20007,Fez,11,6,23,132,202,57,0.7280384020224846,6,0.009724934895833334,0.015869140625,0.058349609375,0.9429802907227899,0.003957680739669944,0.0101566715843735,0.2255878021611868,0.0101566715843735,0.7976349982575239,0.00019090189880237285,4.880620782230333e-05,0.00015620418516514516,4.2379597486132065e-05,"0,1,2,3,4,16",0.921852658731018
7,20007,Fez,22,6,23,138,203,57,0.5986222675400756,6,0.037556966145833336,0.10595703125,0.225341796875,0.7915177754130995,0.004354178062401153,0.005085078353570027,0.24818814955686574,0.005085078353570027,0.7797847301200963,0.00014916373330735308,8.399410512638346e-05,6.782888990585619e-05,2.267885534486286e-05,"113,119,132,133,134,135",0.889598702788583
7,20007,Fez,33,6,23,132,202,57,0.7280384020224846,6,0.009724934895833334,0.015869140625,0.058349609375,0.9429802907227899,0.003957680739669944,0.0101566715843735,0.2255878021611868,0.0101566715843735,0.7976349982575239,0.00019090189880237285,4.880620782230333e-05,0.00015620418516514516,4.2379597486132065e-05,"0,1,2,3,4,16",0.93398713354035
7,20007,Fez,44,6,23,129,194,54,0.0,6,0.0147705078125,0.022705078125,0.088623046875,0.9144679946725012,0.18973881507373694,1.0,10.245896013981799,1.0,0.0,0.0001401869078321536,8.554491547909988e-05,8.496199092134449e-05,4.6580465044079096e-05,"68,69,70,71,78,89",0.6640124558723345
7,20007,Fez,55,6,23,132,197,54,0.7659116654695278,6,0.011189778645833334,0.02001953125,0.067138671875,0.9346292751278337,0.003178446759952991,0.00492645681832371,0.1716361250374615,0.00492645681832371,0.842034195320582,0.0001659307838817835,0.00013444650475566183,0.00012443669159974697,1.1018438267643966e-05,"25,37,44,45,46,47",0.9420519369949352
7,20007,Fez,66,6,23,124,178,48,0.7413275316484732,6,0.011271158854166666,0.022705078125,0.067626953125,0.9341071241745554,0.004357743342655852,0.006132283609759981,0.2091716804474809,0.006132283609759981,0.810849780825657,0.00013141682705918308,9.576535699775392e-05,5.5608796792312814e-05,1.660307930913441e-05,"91,98,109,110,111,112",0.9417416602218248
8,20008,Sherbrooke,11,5,24,81,129,24,0.818388525371383,5,0.009130859375,0.012451171875,0.045654296875,0.9551500526704525,0.005906169440117767,0.007018833327466167,0.1417480665628264,0.007018833327466167,0.8674706969193974,0.0003188752863409515,0.00027398859345376125,0.0001971922115120188,2.7133052989838604e-05,"93,103,104,105,106",0.9635500219092128
8,20008,Sherbrooke,22,5,24,88,142,24,0.4834840442421639,5,0.054052734375,0.21728515625,0.270263671875,0.7420371651275292,0.015833160602409826,0.1168008787547794,0.3799958544578358,0.1168008787547794,0.6734763777058848,0.00032194890722483986,0.00022879595524938841,8.658656914207082e-05,2.636993370529277e-06,"57,58,71,77,78",0.94379164523523
8,20008,Sherbrooke,33,5,24,77,127,21,0.7099685568503707,5,0.03427734375,0.087158203125,0.17138671875,0.8383406033045359,0.007148886790577983,0.01264413227616501,0.15012662260213766,0.01264413227616501,0.8600140654588182,0.00031350947989307353,0.00011059051310535338,0.00012216658246173216,1.7823362341870028e-05,"4,15,21,22,23",0.9385239400560712
8,20008,Sherbrooke,44,5,24,76,118,21,0.7134235611235827,5,0.036669921875,0.060302734375,0.183349609375,0.8287963189571265,0.006587365286556427,0.011890757711695621,0.13833467101768498,0.011890757711695621,0.870358755363695,0.0002933584556524587,0.00021627588978017566,0.0002162183231848103,0.00016891013176893155,"48,49,50,55,68",0.9497812887423868
8,20008,Sherbrooke,55,5,24,77,117,21,0.8008907691753384,5,0.01689453125,0.03173828125,0.08447265625,0.9180883066139359,0.0060454570445039645,0.01080346065267418,0.12695459793458325,0.01080346065267418,0.8803919660603007,0.000323514840433309,0.00024905308533607187,0.0003508088746093422,0.00021816100948427524,"40,41,42,53,60",0.9716193376438385
8,20008,Sherbrooke,66,5,24,85,136,24,0.7016342492294309,5,0.033056640625,0.060302734375,0.165283203125,0.8443014117485718,0.0070292167785239055,0.008708478962980826,0.16870120268457373,0.008708478962980826,0.8442388037626498,0.0002583428824309745,0.00021627588978017566,0.00025126393388758304,0.00016891013176893155,"49,55,66,67,68",0.9641640290491305
8,20008,Torino,11,5,24,72,111,24,0.7849726229181961,5,0.022021484375,0.04736328125,0.110107421875,0.8941869987862563,0.004669151119023035,0.009979975599583468,0.11205962685655285,0.009979975599583468,0.8937118467195182,0.00017735951972750084,0.00010435852654009284,0.00011368310123806703,4.898498898759491e-05,"93,101,102,103,104",0.9666877895399832
8,20008,Torino,22,5,24,69,108,21,0.7370198332671407,5,0.040625,0.086669921875,0.203125,0.8109167824458771,0.0036438370303442367,0.004846625269212701,0.07652057763722897,0.004846625269212701,0.9261961026501746,0.000191870600832971,0.0001566544988539497,0.0001358476070622445,0.00011301724235324616,"62,63,64,73,82",0.9438634628050708
8,20008,Torino,33,5,24,69,108,21,0.6796611424921687,5,0.05322265625,0.110107421875,0.26611328125,0.7584503660897788,0.004510906590373044,0.006316093954111535,0.09472903839783392,0.006316093954111535,0.9094115070767291,0.00010642498175845773,4.242049838087228e-05,0.00014363848094238297,5.826292550333278e-05,"4,16,22,23,24",0.9421147092682683
8,20008,Torino,44,5,24,79,106,24,0.706872482687563,5,0.041015625,0.081787109375,0.205078125,0.8096115878650776,0.004683594376961764,0.008104273959057384,0.11240626504708234,0.008104273959057384,0.8933952227754259,0.0001931419300500021,0.0001566544988539497,0.00012230529364690802,6.047390494485817e-05,"63,73,82,83,84",0.9541507678609767
8,20008,Torino,55,5,24,69,108,21,0.7089394006818708,5,0.02060546875,0.051025390625,0.10302734375,0.9005710510307686,0.010184289513326653,0.011973449649978707,0.21387007977985972,0.011973449649978707,0.8065165709407527,0.00016277476293028706,5.541491119435325e-05,0.00011559362880334686,4.932106481026948e-05,"45,46,47,55,65",0.9518738907843812
8,20008,Torino,66,5,24,69,108,21,0.7815357262228876,5,0.027783203125,0.0400390625,0.138916015625,0.8682246244155978,0.00405527052543926,0.005106236503410466,0.08516068103422447,0.005106236503410466,0.9182008624536544,0.00019802873277078946,9.674916548056673e-05,0.00011394912140695074,4.184546932608388e-05,"56,67,68,69,70",0.9605690527850428
8,20008,Fez,11,5,24,73,107,24,0.0,5,0.006884765625,0.008544921875,0.034423828125,0.966042986934806,0.16953415923966783,1.0,4.068819821752023,1.0,0.0,0.00014143639015900427,0.00010851232981634074,9.99546896298957e-05,2.3114926485690192e-05,"106,107,108,109,110",0.7107461802668114
8,20008,Fez,22,5,24,69,108,21,0.8426069814747918,5,0.014697265625,0.042236328125,0.073486328125,0.9281603862927571,0.00398548013036831,0.0045245712543414696,0.08369508273773452,0.0045245712543414696,0.9195556441340884,0.0001380090424354541,9.862370959798505e-05,5.2821915817045464e-05,1.6452646331419718e-05,"64,65,66,77,85",0.9731421296404672
8,20008,Fez,33,5,24,73,107,24,0.8629313249809814,5,0.00673828125,0.0107421875,0.03369140625,0.966741043951072,0.004279122609938337,0.010273846416775756,0.10269894263852009,0.010273846416775756,0.9021431446115868,0.00012224239375708385,6.956261627908302e-05,0.00011321331903710723,9.36748750544994e-05,"23,24,25,26,27",0.9753260226273104
8,20008,Fez,44,5,24,79,106,24,0.7785231674856994,5,0.0271484375,0.076904296875,0.1357421875,0.8695044127585254,0.003941267717133885,0.0045245712543414696,0.09459042521121325,0.0045245712543414696,0.909574709493916,0.0001274780089965479,9.862370959798505e-05,6.162812490173148e-05,1.6452646331419718e-05,"57,65,66,67,77",0.948594439315764
8,20008,Fez,55,5,24,71,110,24,0.8753257432025042,5,0.007568359375,0.013916015625,0.037841796875,0.9626947012978897,0.0034052639816994127,0.0037353307106131606,0.0817263355607859,0.0037353307106131606,0.9213948330452129,0.00014715317785570165,0.00010851232981634074,9.397717982955474e-05,5.7389370006379846e-05,"108,109,110,118,129",0.9801000964564206
8,20008,Fez,66,5,24,73,107,24,0.8441019194909243,5,0.014208984375,0.022705078125,0.071044921875,0.9308214446328181,0.0035862746247722504,0.004388564137647377,0.08607059099453401,0.004388564137647377,0.9173839538847194,0.00012352251562107265,8.554491547909988e-05,6.471076652022485e-05,1.660307930913441e-05,"78,89,90,91,92",0.973394825633475
9,20009,Sherbrooke,11,4,14,74,107,22,0.799720153409692,4,0.01910400390625,0.060302734375,0.076416015625,0.9246286420013661,0.006157316829561312,0.0068023215061160935,0.13546097025034887,0.0068023215061160935,0.8729440549381924,0.0002594800501095221,0.0002064310861537035,0.00018385593052621394,7.063221921579745e-05,"101,102,103,104",0.9922833675122966
9,20009,Sherbrooke,22,4,14,59,92,16,0.7947634169393464,4,0.01849365234375,0.03173828125,0.073974609375,0.9278286957539308,0.008870580208326238,0.01080346065267418,0.1419292833332198,0.01080346065267418,0.8670889157589206,0.0002925086948099231,0.00024905308533607187,0.0003257710254239497,0.00021816100948427524,"40,41,42,53",0.9749638924185748
9,20009,Sherbrooke,33,4,14,61,107,22,0.7199745812266983,4,0.03704833984375,0.087158203125,0.148193359375,0.8582462162297873,0.007329028809852988,0.01264413227616501,0.16123863381676573,0.01264413227616501,0.8504619320222753,0.00030710550075731523,0.00011059051310535338,0.00014625423913488584,1.7823362341870028e-05,"4,15,22,23",0.972434040177576
9,20009,Sherbrooke,44,4,14,75,114,22,0.6466619043087902,4,0.03692626953125,0.09716796875,0.147705078125,0.8577962105057324,0.009807735970827377,0.01918331990734612,0.2157701913582023,0.01918331990734612,0.8048724284062084,0.00025068667238348707,0.0002016005662716495,0.0002631521075410402,0.00015885044685374998,"62,72,81,82",0.942305951641185
9,20009,Sherbrooke,55,4,14,56,83,16,0.6686832875327665,4,0.0443115234375,0.09716796875,0.17724609375,0.8323062487267663,0.005618142334017591,0.005928022860568705,0.08989027734428146,0.005928022860568705,0.9137984161994875,0.00027309995961490746,0.00024549441270415966,0.0002909207570316025,0.00012821631827769552,"61,62,63,72",0.929432767670492
9,20009,Sherbrooke,66,4,14,66,109,22,0.7308681726217061,4,0.0369873046875,0.060302734375,0.14794921875,0.8591946788874907,0.006796459404257796,0.008617942112713162,0.1495221068936715,0.008617942112713162,0.8606615110674586,0.0002602534154016382,0.00021627588978017566,0.0002229470399889737,0.00016891013176893155,"49,55,67,68",0.9548646038166136
9,20009,Torino,11,4,14,54,73,16,0.720408307531444,4,0.017333984375,0.031982421875,0.0693359375,0.932224602018934,0.013553735030360104,0.021406591707524403,0.21685976048576167,0.021406591707524403,0.8033264727028254,0.00016721781811291495,6.171807947517145e-05,9.502047606330647e-05,8.334912884691768e-06,"79,80,81,92",0.9817158057764342
9,20009,Torino,22,4,14,65,85,22,0.7557326429624418,4,0.02862548828125,0.051025390625,0.114501953125,0.8897288451901417,0.006596243559947348,0.0071494023003074725,0.14511735831884165,0.0071494023003074725,0.8644998018608122,0.00017329374631043813,5.541491119435325e-05,0.00010754477676160851,4.932106481026948e-05,"45,46,47,48",0.9715429608008026
9,20009,Torino,33,4,14,56,91,22,0.0,4,0.09735107421875,0.11474609375,0.389404296875,0.6628408268264252,0.2797049060830396,1.0,6.153507933826872,1.0,0.0,0.00011077204422472097,4.242049838087228e-05,8.742666949041929e-05,1.880833651631802e-05,"21,22,23,34",0.8006774711171528
9,20009,Torino,44,4,14,62,85,22,0.8294933515746699,4,0.0230712890625,0.053955078125,0.09228515625,0.9101665751476418,0.0037218491535902635,0.00408020905993689,0.0818806813789858,0.00408020905993689,0.9212368209601067,0.00020335190671930047,0.00015748105566558846,0.00011658529954923891,2.7784766241489783e-05,"73,80,81,82",0.9811165749766744
9,20009,Torino,55,4,14,54,73,16,0.8420470395183981,4,0.02569580078125,0.059814453125,0.102783203125,0.9003093132201911,0.0036207778677785248,0.004259668801398331,0.057932445884456396,0.004259668801398331,0.9436137647160234,0.00017437384014412904,0.00011294016046758639,0.0001726660016972651,0.0001440040892058471,"3,4,5,16",0.986690423481418
9,20009,Torino,66,4,14,56,91,22,0.7429517718124637,4,0.02154541015625,0.051025390625,0.086181640625,0.9159775015486105,0.008577069253293247,0.011973449649978707,0.18869552357245145,0.011973449649978707,0.8271888603083123,0.000213053269672895,0.00010450129441664454,0.00018462000879510107,4.932106481026948e-05,"46,55,65,66",0.9647377826721976
9,20009,Fez,11,4,14,62,85,22,0.0,4,0.00762939453125,0.010009765625,0.030517578125,0.9698259364611772,0.18419831560222483,1.0,4.052362943248947,1.0,0.0,0.00013579852167606735,0.00011253478202101726,0.00010252273580293458,2.3114926485690192e-05,"104,105,106,107",0.854797432121831
9,20009,Fez,22,4,14,54,73,16,0.9095153779322998,4,0.00872802734375,0.0107421875,0.034912109375,0.9655388871551622,0.003285032969099169,0.003581549090163838,0.05256052750558671,0.003581549090163838,0.9487131845599259,0.00013830797554435033,6.956261627908302e-05,0.00012514466889957326,9.36748750544994e-05,"24,25,26,37",0.9966328211878628
9,20009,Fez,33,4,14,56,91,22,0.8830775167627436,4,0.0057373046875,0.010498046875,0.02294921875,0.9772270915013053,0.004087660530784309,0.007514175990439742,0.08992853167725479,0.007514175990439742,0.9137801451000005,0.00017107546875284825,0.00011943773177669697,0.00012387086495842844,7.424231364710219e-05,"21,22,23,36",0.991511702374979
9,20009,Fez,44,4,14,62,85,22,0.8831037858892988,4,0.01104736328125,0.018798828125,0.044189453125,0.9564803582999701,0.0031792581439278877,0.003426458992757342,0.06994367916641353,0.003426458992757342,0.9323418486748678,0.00011784711916092403,2.71485117609998e-05,5.405830891544377e-05,2.2436854432723044e-05,"77,85,86,87",0.9899013431368404
9,20009,Fez,55,4,14,54,73,16,0.8937841577449658,4,0.0087890625,0.015869140625,0.03515625,0.9652375996073204,0.003997102673850585,0.004349994010613423,0.06395364278160937,0.004349994010613423,0.9379264476365046,0.00021022500339867324,0.00015588819442403516,0.00014801365992065147,9.998472093525107e-05,"2,3,4,16",0.9850093164619108
9,20009,Fez,66,4,14,54,73,16,0.0,4,0.0057373046875,0.00732421875,0.02294921875,0.9772438442485907,0.19016335544931437,1.0,3.04261368718903,1.0,0.0,0.0001340089426320928,0.00010707711790536659,0.0001036865315768651,2.3114926485690192e-05,"97,106,107,108",0.526717565112583
