circuit_id,backend,oracle_seed,oracle_fidelity,esp_seed,esp_score,esp_actual_fidelity,esp_correct,fidelity_regret
0,Fez,33,0.9538413348759488,66,0.7695011364777933,0.9462025377537154,False,0.007638797122233365
0,Sherbrooke,22,0.9232503205677411,22,0.666931529090701,0.9232503205677411,True,0.0
0,Torino,33,0.9414459570286255,22,0.5779993828572362,0.8521224612892113,False,0.08932349573941423
1,Fez,22,0.9805199927719408,22,0.8915995189292499,0.9805199927719408,True,0.0
1,Sherbrooke,55,0.9599030444985416,55,0.7682835783003596,0.9599030444985416,True,0.0
1,Torino,11,0.956964392166434,11,0.8247481748049326,0.956964392166434,True,0.0
2,Fez,33,0.972817880052882,33,0.7991232485611035,0.972817880052882,True,0.0
2,Sherbrooke,66,0.9244810682746312,66,0.6057517167932183,0.9244810682746312,True,0.0
2,Torino,44,0.9347171283527056,44,0.6743518781526842,0.9347171283527056,True,0.0
3,Fez,33,0.9638590631601194,66,0.8446251554367642,0.9605721285406752,False,0.0032869346194441817
3,Sherbrooke,11,0.9426893765986384,11,0.7691822004659636,0.9426893765986384,True,0.0
3,Torino,55,0.9213161634984032,22,0.6891414172073327,0.8973380563608091,False,0.023978107137594074
4,Fez,66,0.9658538323807756,66,0.8537009741014914,0.9658538323807756,True,0.0
4,Sherbrooke,66,0.952322813506386,66,0.8206011837513971,0.952322813506386,True,0.0
4,Torino,66,0.9594788228193378,66,0.7840087458920835,0.9594788228193378,True,0.0
5,Fez,11,0.9479073607452966,11,0.8786790688937622,0.9479073607452966,True,0.0
5,Sherbrooke,55,0.8750298871451679,55,0.7527706727135176,0.8750298871451679,True,0.0
5,Torino,11,0.8580872628573238,33,0.6475029914608437,0.8329690387394636,False,0.025118224117860244
6,Fez,55,0.9595565926806296,33,0.8844169908025857,0.9539926681618928,False,0.005563924518736885
6,Sherbrooke,44,0.917599769974187,44,0.8086047162247446,0.917599769974187,True,0.0
6,Torino,44,0.9301986546310956,55,0.8070466959274718,0.924021634656805,False,0.006177019974290654
7,Fez,55,0.9420519369949352,55,0.7659116654695278,0.9420519369949352,True,0.0
7,Sherbrooke,55,0.8799701650789505,55,0.6093756479711571,0.8799701650789505,True,0.0
7,Torino,11,0.9416503353488866,11,0.677386006282036,0.9416503353488866,True,0.0
8,Fez,55,0.9801000964564206,55,0.8753257432025042,0.9801000964564206,True,0.0
8,Sherbrooke,55,0.9716193376438385,11,0.818388525371383,0.9635500219092128,False,0.00806931573462566
8,Torino,11,0.9666877895399832,11,0.7849726229181961,0.9666877895399832,True,0.0
9,Fez,22,0.9966328211878628,22,0.9095153779322998,0.9966328211878628,True,0.0
9,Sherbrooke,11,0.9922833675122966,11,0.799720153409692,0.9922833675122966,True,0.0
9,Torino,55,0.986690423481418,55,0.8420470395183981,0.986690423481418,True,0.0
