circuit_id,circuit_seed,backend,candidate_seed,original_qubits,original_depth,transpiled_depth,one_qubit_gates,two_qubit_gates,esp,active_physical_qubits,avg_readout_error,max_readout_error,sum_readout_error,readout_product,avg_cz_error,max_cz_error,edge_exposure,max_edge_error,cz_product,avg_t1,min_t1,avg_t2,min_t2,physical_qubits,actual_fidelity,ml_prediction
2,20002,Sherbrooke,11,6,22,143,251,48,0.0,6,0.1064453125,0.5,0.638671875,0.4336235012059042,0.3018819803972158,1.0,14.490335059066364,1.0,0.0,0.0002726705221194,0.0001496674148401,0.0002139311777013,5.706640093315378e-05,"66,73,83,84,85,86",0.6142085529586199,0.5814608
2,20002,Sherbrooke,22,6,22,141,242,48,0.4457205761584165,6,0.0246988932291666,0.0419921875,0.148193359375,0.8602889343485017,0.0129444795172412,0.0239408446607055,0.6213350168275797,0.0239408446607055,0.5343494152232171,0.0003190382027562,0.0002101689949864,0.0002662761826888,6.175184273025624e-05,"44,45,46,47,48,54",0.8974550761994989,0.85505813
2,20002,Sherbrooke,33,6,22,142,238,48,0.4234428644223921,6,0.0581868489583333,0.203125,0.34912109375,0.6869391858293701,0.0064378889013689,0.0074706430716505,0.3090186672657095,0.0074706430716505,0.7334242575639199,0.0002407089779347,7.321640665178645e-05,0.0002008069163802,6.175184273025624e-05,"54,61,62,63,64,65",0.8759621694911423,0.8056726
2,20002,Sherbrooke,44,6,22,137,238,48,0.4095159051712264,6,0.0469156901041666,0.1044921875,0.281494140625,0.7454016677255418,0.0112814752564566,0.019673884817254,0.5415108123099195,0.019673884817254,0.5795765430603741,0.0002672358233661,0.0001382468765382,0.0001056640614373,1.511968364381515e-05,"16,24,25,26,27,34",0.8490522747285417,0.8691699
2,20002,Sherbrooke,55,6,22,139,245,48,0.4195009799586171,6,0.0618082682291666,0.203125,0.370849609375,0.671826921566248,0.0091753898042789,0.0239408446607055,0.4404187106053888,0.0239408446607055,0.6420456827786369,0.0002715166503883,7.321640665178645e-05,0.0002200710744326,6.175184273025624e-05,"45,46,54,63,64,65",0.8736459375773178,0.8140385
2,20002,Sherbrooke,66,6,22,148,246,51,0.6057517167932183,6,0.0211181640625,0.055908203125,0.126708984375,0.8790885453531961,0.0068794268161802,0.008439104340124,0.3508507676251907,0.008439104340124,0.7032139786415542,0.0002993612994077,0.0002287959552493,0.0001212581293694,2.419698915907556e-05,"71,75,76,77,78,79",0.9244810682746312,0.88692456
2,20002,Torino,11,6,22,110,180,48,0.3041513725026339,6,0.0347493489583333,0.081787109375,0.20849609375,0.8070944978535276,0.0181818368168643,0.0435159752869026,0.8727281672094904,0.0435159752869026,0.4119869868031647,0.0001592257325511,3.1636670345492487e-06,0.0001056275910452,6.131348483914939e-06,"82,83,84,85,93,103",0.8809070972992292,0.82077116
2,20002,Torino,22,6,22,112,171,51,0.5467431065101237,6,0.0355631510416666,0.086669921875,0.21337890625,0.802685040524177,0.0067991497205622,0.0119734496499787,0.3467566357486768,0.0119734496499787,0.7057540642011305,0.0002014709804953,0.0001045012944166,0.0001727486289323,4.932106481026948e-05,"46,55,63,64,65,66",0.9096572914696516,0.8817567
2,20002,Torino,33,6,22,103,162,48,0.0,6,0.0719807942708333,0.11474609375,0.431884765625,0.6349820373070509,0.1107715519262324,1.0,5.31703449245915,1.0,0.0,0.0001183853775866,4.242049838087228e-05,0.0001112071618118,1.880833651631802e-05,"16,21,22,23,24,34",0.7288547786436252,0.6599426
2,20002,Torino,44,6,22,115,177,51,0.6743518781526842,6,0.0252685546875,0.053955078125,0.151611328125,0.8568633019618512,0.0040580066732757,0.0066007651496899,0.2069583403370613,0.0066007651496899,0.8126652056401723,0.0001929788453053,0.0001566544988539,0.0001148837011541,2.7784766241489783e-05,"63,73,80,81,82,83",0.9347171283527056,0.94149065
2,20002,Torino,55,6,22,103,162,48,0.5404161558889551,6,0.0310465494791666,0.086669921875,0.186279296875,0.8253562973939439,0.0080329213484764,0.0119734496499787,0.3855802247268687,0.0119734496499787,0.6786868665123121,0.0002095147074239,0.0001045012944166,0.0001571183176219,4.932106481026948e-05,"46,47,55,64,65,66",0.914048948727257,0.86483365
2,20002,Torino,66,6,22,103,162,48,0.3574098846104071,6,0.0337320963541666,0.081787109375,0.202392578125,0.8121012875424453,0.0153423865437816,0.0435159752869026,0.7364345541015171,0.0435159752869026,0.4736931516515304,0.0001779109381463,3.1636670345492487e-06,0.000110583391438,6.131348483914939e-06,"73,82,83,84,85,93",0.8957377680561756,0.8192736
2,20002,Fez,11,6,22,103,162,48,0.72354674081767,6,0.0177408854166666,0.0576171875,0.1064453125,0.8970655086129367,0.004027045804983,0.0043242186676492,0.1932981986391853,0.0043242186676492,0.823913687630757,0.0001342304227613,8.896898620456324e-05,8.103610003243102e-05,2.021289672762421e-05,"38,48,49,50,51,58",0.96049894506044,0.9462311
2,20002,Fez,22,6,22,103,162,48,0.7448290743529371,6,0.0097249348958333,0.015869140625,0.058349609375,0.94298029072279,0.004379778471556,0.0101566715843735,0.2102293666346888,0.0101566715843735,0.809942723414943,0.0001909018988023,4.880620782230333e-05,0.0001562041851651,4.237959748613207e-05,"0,1,2,3,4,16",0.9563954491810585,0.9354907
2,20002,Fez,33,6,22,103,162,48,0.7991232485611035,6,0.0083821614583333,0.012939453125,0.05029296875,0.9507185711299992,0.003204711084446,0.0037297887499038,0.1538261320534107,0.0037297887499038,0.8572044916568895,0.0001473131422241,6.956261627908302e-05,0.0001229933559486,9.36748750544994e-05,"16,23,24,25,26,37",0.972817880052882,0.9458299
2,20002,Fez,44,6,22,103,162,48,0.5554067531957543,6,0.0115152994791666,0.03271484375,0.069091796875,0.9325879819273024,0.0099731222633327,0.0332582192220576,0.4787098686399709,0.0332582192220576,0.6164067080731727,0.0001472709873706,9.65851238507667e-05,7.130146913732819e-05,1.0407388450935476e-05,"42,43,56,62,63,64",0.931959996858046,0.86177146
2,20002,Fez,55,6,22,103,162,48,0.7661502800707094,6,0.0123697916666666,0.03271484375,0.07421875,0.9277114740505548,0.003487430336918,0.0055488631694614,0.1673966561720656,0.0055488631694614,0.8455949412894526,0.0001590938005887,0.0001367989066646,0.000110953150347,1.1018438267643966e-05,"42,43,44,45,46,56",0.960944318014811,0.9475379
2,20002,Fez,66,6,22,103,162,48,0.7943409848183095,6,0.0096435546875,0.019287109375,0.057861328125,0.9433995757876096,0.0032054982736781,0.0039065830018438,0.1538639171365499,0.0039065830018438,0.8571722896681618,0.0001269411787165,9.448648053452447e-05,6.776552933571656e-05,1.660307930913441e-05,"88,89,90,91,92,98",0.9694847237727326,0.94442886
5,20005,Sherbrooke,11,5,14,72,110,19,0.0,5,0.191357421875,0.5,0.956787109375,0.2927431700570082,0.4264787890438671,1.0,8.103096991833477,1.0,0.0,0.0002273986013246,0.0001988946974796,0.0002308559423992,5.706640093315378e-05,"82,83,84,92,102",0.293432303046514,0.44281727
5,20005,Sherbrooke,22,5,14,66,100,19,0.7260914721021048,5,0.030859375,0.054443359375,0.154296875,0.8543834261851389,0.007871770003648,0.0087880054881496,0.1495636300693133,0.0087880054881496,0.8605722776265823,0.0003201393584721,0.0002337908986939,0.000143178747402,2.1509071792367444e-05,"0,1,2,14,18",0.8441162072654533,0.94075704
5,20005,Sherbrooke,33,5,14,68,108,19,0.669147534213453,5,0.03583984375,0.087158203125,0.17919921875,0.8316355547402406,0.01064393303137,0.0199420294192242,0.20223472759603,0.0199420294192242,0.8157651406875895,0.0003033432493629,0.0001105905131053,0.0001200273280366,1.511968364381515e-05,"4,15,22,23,24",0.8138018396597745,0.919039
5,20005,Sherbrooke,44,5,14,66,100,19,0.7260914721021048,5,0.030859375,0.054443359375,0.154296875,0.8543834261851389,0.007871770003648,0.0087880054881496,0.1495636300693133,0.0087880054881496,0.8605722776265823,0.0003201393584721,0.0002337908986939,0.000143178747402,2.1509071792367444e-05,"0,1,2,14,18",0.8497075919085151,0.94075704
5,20005,Sherbrooke,55,5,14,72,110,19,0.7527706727135176,5,0.029931640625,0.0498046875,0.149658203125,0.8582595850775254,0.006461836808757,0.0075004597922939,0.122774899366383,0.0075004597922939,0.8840989408462013,0.0004025674455281,0.000324074703211,0.0001903782266494,7.737102394967002e-05,"20,33,38,39,40",0.8750298871451679,0.94147
5,20005,Sherbrooke,66,5,14,66,100,19,0.7260914721021048,5,0.030859375,0.054443359375,0.154296875,0.8543834261851389,0.007871770003648,0.0087880054881496,0.1495636300693133,0.0087880054881496,0.8605722776265823,0.0003201393584721,0.0002337908986939,0.000143178747402,2.1509071792367444e-05,"0,1,2,14,18",0.8375926594251943,0.94075704
5,20005,Torino,11,5,14,53,87,19,0.5875779483023652,5,0.045361328125,0.137939453125,0.226806640625,0.7878323149868984,0.0122873063590459,0.015038445348052,0.2334588208218738,0.015038445348052,0.7905876956990872,0.0001089048329606,6.469120881427432e-05,7.198365966066999e-05,4.898498898759491e-05,"102,103,104,105,106",0.8580872628573238,0.86905915
5,20005,Torino,22,5,14,53,87,19,0.0,5,0.102490234375,0.257080078125,0.512451171875,0.5656226501954342,0.057378563735945,1.0,1.090192710982956,1.0,0.0,0.0001910080858282,0.0001417687873874,0.0001494382630531,3.649206902215896e-05,"0,1,2,15,19",0.2959962396698145,0.7400823
5,20005,Torino,33,5,14,53,87,19,0.6475029914608437,5,0.06640625,0.11962890625,0.33203125,0.7056171362538034,0.0038627270799575,0.0054228342552278,0.0733918145191929,0.0054228342552278,0.9290945164353,0.0001446486686279,6.659007056051414e-05,0.0001919551501281,0.0001440040892058,"4,16,23,24,25",0.8329690387394636,0.8954906
5,20005,Torino,44,5,14,53,87,19,0.0,5,0.102490234375,0.257080078125,0.512451171875,0.5656226501954342,0.057378563735945,1.0,1.090192710982956,1.0,0.0,0.0001910080858282,0.0001417687873874,0.0001494382630531,3.649206902215896e-05,"0,1,2,15,19",0.2815660808321495,0.7400823
5,20005,Torino,55,5,14,53,87,19,0.0,5,0.102490234375,0.257080078125,0.512451171875,0.5656226501954342,0.057378563735945,1.0,1.090192710982956,1.0,0.0,0.0001910080858282,0.0001417687873874,0.0001494382630531,3.649206902215896e-05,"0,1,2,15,19",0.2761773123979293,0.7400823
5,20005,Torino,66,5,14,53,87,19,0.0,5,0.080712890625,0.11474609375,0.403564453125,0.6534548971496839,0.4785521258291437,1.0,9.09249039075373,1.0,0.0,0.0001063574932764,4.242049838087228e-05,9.029386985854533e-05,1.880833651631802e-05,"21,22,23,34,40",0.4923917537898651,0.516913
5,20005,Fez,11,5,14,53,87,19,0.8786790688937622,5,0.00908203125,0.015869140625,0.04541015625,0.955341892357296,0.00382627117888,0.0101566715843735,0.0726991523987201,0.0101566715843735,0.9297286565656104,0.000197904639678,4.880620782230333e-05,0.0001645261613633,4.237959748613207e-05,"0,1,2,3,4",0.9479073607452966,0.9582804
5,20005,Fez,22,5,14,53,87,19,0.8786790688937622,5,0.00908203125,0.015869140625,0.04541015625,0.955341892357296,0.00382627117888,0.0101566715843735,0.0726991523987201,0.0101566715843735,0.9297286565656104,0.000197904639678,4.880620782230333e-05,0.0001645261613633,4.237959748613207e-05,"0,1,2,3,4",0.9339846866577578,0.9582804
5,20005,Fez,33,5,14,53,87,19,0.8786790688937622,5,0.00908203125,0.015869140625,0.04541015625,0.955341892357296,0.00382627117888,0.0101566715843735,0.0726991523987201,0.0101566715843735,0.9297286565656104,0.000197904639678,4.880620782230333e-05,0.0001645261613633,4.237959748613207e-05,"0,1,2,3,4",0.9421723206119887,0.9582804
5,20005,Fez,44,5,14,53,95,22,0.8419509509343471,5,0.01728515625,0.042236328125,0.08642578125,0.9160821400416952,0.0033281930320309,0.0045245712543414,0.0732202467046818,0.0045245712543414,0.9292787526449235,0.0001213709244244,2.71485117609998e-05,6.28950443264703e-05,2.2436854432723044e-05,"65,77,85,86,87",0.9370121780902816,0.96120864
5,20005,Fez,55,5,14,53,87,19,0.8786790688937622,5,0.00908203125,0.015869140625,0.04541015625,0.955341892357296,0.00382627117888,0.0101566715843735,0.0726991523987201,0.0101566715843735,0.9297286565656104,0.000197904639678,4.880620782230333e-05,0.0001645261613633,4.237959748613207e-05,"0,1,2,3,4",0.9376171593260542,0.9582804
5,20005,Fez,66,5,14,53,87,19,0.8769986350116017,5,0.012548828125,0.02001953125,0.062744140625,0.9387546618253082,0.0030510983192747,0.0049264568183237,0.0579708680662209,0.0049264568183237,0.9435851026639044,0.0001717571593252,0.0001344465047556,0.0001175786559702,1.1018438267643966e-05,"25,37,45,46,47",0.9414905022822924,0.9558305
8,20008,Sherbrooke,11,5,24,81,129,24,0.818388525371383,5,0.009130859375,0.012451171875,0.045654296875,0.9551500526704524,0.0059061694401177,0.0070188333274661,0.1417480665628264,0.0070188333274661,0.8674706969193974,0.0003188752863409,0.0002739885934537,0.000197192211512,2.7133052989838604e-05,"93,103,104,105,106",0.9635500219092128,0.9503558
8,20008,Sherbrooke,22,5,24,88,142,24,0.4834840442421639,5,0.054052734375,0.21728515625,0.270263671875,0.7420371651275292,0.0158331606024098,0.1168008787547794,0.3799958544578358,0.1168008787547794,0.6734763777058848,0.0003219489072248,0.0002287959552493,8.658656914207082e-05,2.636993370529277e-06,"57,58,71,77,78",0.94379164523523,0.82582206
8,20008,Sherbrooke,33,5,24,77,127,21,0.7099685568503707,5,0.03427734375,0.087158203125,0.17138671875,0.8383406033045359,0.0071488867905779,0.012644132276165,0.1501266226021376,0.012644132276165,0.8600140654588182,0.000313509479893,0.0001105905131053,0.0001221665824617,1.7823362341870028e-05,"4,15,21,22,23",0.9385239400560712,0.92248523
8,20008,Sherbrooke,44,5,24,76,118,21,0.7134235611235827,5,0.036669921875,0.060302734375,0.183349609375,0.8287963189571265,0.0065873652865564,0.0118907577116956,0.1383346710176849,0.0118907577116956,0.870358755363695,0.0002933584556524,0.0002162758897801,0.0002162183231848,0.0001689101317689,"48,49,50,55,68",0.9497812887423868,0.9148787
8,20008,Sherbrooke,55,5,24,77,117,21,0.8008907691753384,5,0.01689453125,0.03173828125,0.08447265625,0.918088306613936,0.0060454570445039,0.0108034606526741,0.1269545979345832,0.0108034606526741,0.8803919660603007,0.0003235148404333,0.000249053085336,0.0003508088746093,0.0002181610094842,"40,41,42,53,60",0.9716193376438385,0.9375974
8,20008,Sherbrooke,66,5,24,85,136,24,0.7016342492294309,5,0.033056640625,0.060302734375,0.165283203125,0.8443014117485718,0.0070292167785239,0.0087084789629808,0.1687012026845737,0.0087084789629808,0.8442388037626498,0.0002583428824309,0.0002162758897801,0.0002512639338875,0.0001689101317689,"49,55,66,67,68",0.9641640290491305,0.90448517
8,20008,Torino,11,5,24,72,111,24,0.7849726229181961,5,0.022021484375,0.04736328125,0.110107421875,0.8941869987862563,0.004669151119023,0.0099799755995834,0.1120596268565528,0.0099799755995834,0.8937118467195182,0.0001773595197275,0.00010435852654,0.000113683101238,4.898498898759491e-05,"93,101,102,103,104",0.9666877895399832,0.94470435
8,20008,Torino,22,5,24,69,108,21,0.7370198332671407,5,0.040625,0.086669921875,0.203125,0.8109167824458771,0.0036438370303442,0.0048466252692127,0.0765205776372289,0.0048466252692127,0.9261961026501746,0.0001918706008329,0.0001566544988539,0.0001358476070622,0.0001130172423532,"62,63,64,73,82",0.9438634628050708,0.9377651
8,20008,Torino,33,5,24,69,108,21,0.6796611424921687,5,0.05322265625,0.110107421875,0.26611328125,0.7584503660897788,0.004510906590373,0.0063160939541115,0.0947290383978339,0.0063160939541115,0.9094115070767292,0.0001064249817584,4.242049838087228e-05,0.0001436384809423,5.826292550333278e-05,"4,16,22,23,24",0.9421147092682683,0.90023106
8,20008,Torino,44,5,24,79,106,24,0.706872482687563,5,0.041015625,0.081787109375,0.205078125,0.8096115878650776,0.0046835943769617,0.0081042739590573,0.1124062650470823,0.0081042739590573,0.8933952227754259,0.00019314193005,0.0001566544988539,0.0001223052936469,6.047390494485817e-05,"63,73,82,83,84",0.9541507678609767,0.9195634
8,20008,Torino,55,5,24,69,108,21,0.7089394006818708,5,0.02060546875,0.051025390625,0.10302734375,0.9005710510307686,0.0101842895133266,0.0119734496499787,0.2138700797798597,0.0119734496499787,0.8065165709407527,0.0001627747629302,5.541491119435325e-05,0.0001155936288033,4.932106481026948e-05,"45,46,47,55,65",0.9518738907843812,0.9292003
8,20008,Torino,66,5,24,69,108,21,0.7815357262228876,5,0.027783203125,0.0400390625,0.138916015625,0.8682246244155978,0.0040552705254392,0.0051062365034104,0.0851606810342244,0.0051062365034104,0.9182008624536544,0.0001980287327707,9.674916548056671e-05,0.0001139491214069,4.184546932608388e-05,"56,67,68,69,70",0.9605690527850428,0.9509214
8,20008,Fez,11,5,24,73,107,24,0.0,5,0.006884765625,0.008544921875,0.034423828125,0.966042986934806,0.1695341592396678,1.0,4.068819821752023,1.0,0.0,0.000141436390159,0.0001085123298163,9.99546896298957e-05,2.3114926485690192e-05,"106,107,108,109,110",0.7107461802668114,0.64656836
8,20008,Fez,22,5,24,69,108,21,0.8426069814747918,5,0.014697265625,0.042236328125,0.073486328125,0.9281603862927572,0.0039854801303683,0.0045245712543414,0.0836950827377345,0.0045245712543414,0.9195556441340884,0.0001380090424354,9.862370959798503e-05,5.282191581704546e-05,1.6452646331419718e-05,"64,65,66,77,85",0.9731421296404672,0.963502
8,20008,Fez,33,5,24,73,107,24,0.8629313249809814,5,0.00673828125,0.0107421875,0.03369140625,0.966741043951072,0.0042791226099383,0.0102738464167757,0.10269894263852,0.0102738464167757,0.9021431446115868,0.000122242393757,6.956261627908302e-05,0.0001132133190371,9.36748750544994e-05,"23,24,25,26,27",0.9753260226273104,0.9490195
8,20008,Fez,44,5,24,79,106,24,0.7785231674856994,5,0.0271484375,0.076904296875,0.1357421875,0.8695044127585254,0.0039412677171338,0.0045245712543414,0.0945904252112132,0.0045245712543414,0.909574709493916,0.0001274780089965,9.862370959798503e-05,6.162812490173148e-05,1.6452646331419718e-05,"57,65,66,67,77",0.948594439315764,0.9504066
8,20008,Fez,55,5,24,71,110,24,0.8753257432025042,5,0.007568359375,0.013916015625,0.037841796875,0.9626947012978896,0.0034052639816994,0.0037353307106131,0.0817263355607859,0.0037353307106131,0.9213948330452127,0.0001471531778557,0.0001085123298163,9.397717982955474e-05,5.7389370006379846e-05,"108,109,110,118,129",0.9801000964564206,0.95412076
8,20008,Fez,66,5,24,73,107,24,0.8441019194909243,5,0.014208984375,0.022705078125,0.071044921875,0.930821444632818,0.0035862746247722,0.0043885641376473,0.086070590994534,0.0043885641376473,0.9173839538847194,0.000123522515621,8.554491547909988e-05,6.471076652022485e-05,1.660307930913441e-05,"78,89,90,91,92",0.973394825633475,0.9562076
