feature,importance
esp,0.34436145
edge_exposure,0.26946738
max_cz_error,0.08488668
max_readout_error,0.041583106
original_qubits,0.039171834
avg_cz_error,0.031682387
two_qubit_gates,0.023005167
original_depth,0.020955613
active_physical_qubits,0.017154941
avg_readout_error,0.015731301
avg_t2,0.014813192
sum_readout_error,0.014612394
max_edge_error,0.013989974
avg_t1,0.013580986
readout_product,0.011687458
transpiled_depth,0.010585022
cz_product,0.008206014
one_qubit_gates,0.00816302
min_t2,0.0061650816
backend_Torino,0.004713111
min_t1,0.004418232
backend_Fez,0.0010655806
backend_Sherbrooke,0.0
