circuit,backend,fidelity,depth,two_qubit_gates
GHZ,Sherbrooke,0.9110955511724025,14,3
GHZ,Torino,0.751756024871636,16,3
GHZ,Fez,0.9432075630032479,16,3
QFT_like,Sherbrooke,0.9995429482242805,77,21
QFT_like,Torino,0.9986369246907877,68,18
QFT_like,Fez,0.9986429254060682,68,18
QAOA_like,Sherbrooke,0.9936959363493888,39,9
QAOA_like,Torino,0.9942099825757299,39,9
QAOA_like,Fez,0.9961936145677122,46,9
Hardware_efficient,Sherbrooke,0.9896736388945301,17,3
Hardware_efficient,Torino,0.9531783814570454,19,3
Hardware_efficient,Fez,0.9972773634827575,19,3
