circuit_id,day,best_fidelity,second_best_fidelity,gap
0,0,0.9900171483780247,0.9832517873306862,0.006765361047338492
0,1,0.9894404196697764,0.9788481054896916,0.010592314180084772
0,2,0.9841838575525337,0.9786024620209081,0.005581395531625621
0,3,0.9809297852185163,0.9741073246100537,0.006822460608462588
0,4,0.9868128856017951,0.9682660502866247,0.01854683531517043
0,5,0.9852243729066803,0.9671746834762377,0.018049689430442606
0,6,0.9898144286390105,0.9827441181658624,0.0070703104731481
0,7,0.9906514362818938,0.9700431730123218,0.02060826326957199
1,0,0.9660195872328122,0.9582193682127909,0.007800219020021371
1,1,0.9612827196945662,0.9589048291749479,0.002377890519618342
1,2,0.948753591379425,0.9450509248528678,0.0037026665265572634
1,3,0.9561860750691352,0.9401891329991786,0.01599694206995661
1,4,0.9677218800436772,0.931478015292152,0.03624386475152519
1,5,0.9557754014594929,0.9432872560238265,0.012488145435666453
1,6,0.9694299562089342,0.9384907251870184,0.03093923102191587
1,7,0.9640385403858167,0.9222647982621985,0.041773742123618174
2,0,0.8903219142210935,0.8765133567080434,0.013808557513050101
2,1,0.9051935787016749,0.8806546910147114,0.02453888768696355
2,2,0.8778333474593638,0.8615494975437432,0.016283849915620596
2,3,0.8886295611364939,0.8806639982739134,0.007965562862580544
2,4,0.8970336273120636,0.8669542259148123,0.030079401397251293
2,5,0.9000280917943658,0.8724129604607986,0.02761513133356719
2,6,0.8839133499199928,0.8836597191479129,0.0002536307720799602
2,7,0.899300619286109,0.8701001102813506,0.029200509004758457
3,0,0.9876292257354381,0.9735188371256197,0.014110388609818392
3,1,0.9888312845195782,0.9665854713049296,0.02224581321464869
3,2,0.9826252731403696,0.980850527952499,0.0017747451878705744
3,3,0.978932717764708,0.9640615667198043,0.014871151044903774
3,4,0.976951359945684,0.971758545977178,0.005192813968506016
3,5,0.987577340941805,0.9788325733033223,0.008744767638482753
3,6,0.9826361100942042,0.9790737811836956,0.003562328910508561
3,7,0.9839833673339997,0.9735869515643032,0.010396415769696521
4,0,0.9428912913814899,0.9259248141680112,0.01696647721347866
4,1,0.9470699450338212,0.9256901031789933,0.021379841854827997
4,2,0.9480103885667742,0.9079660566160495,0.040044331950724765
4,3,0.9443142797258791,0.9195950964394444,0.024719183286434743
4,4,0.9312635927525469,0.9088001058857144,0.022463486866832527
4,5,0.9567116680836588,0.9366810489251456,0.02003061915851323
4,6,0.9215559995984298,0.9205415048716351,0.0010144947267947124
4,7,0.9430113066949051,0.9319614048159801,0.011049901878924961
5,0,0.9895800217760918,0.9884469632460883,0.0011330585300035612
5,1,0.9877905034231602,0.9869508328651876,0.0008396705579726271
5,2,0.9892851155883121,0.9884150444495257,0.0008700711387864546
5,3,0.9899359947242288,0.9795652100207761,0.010370784703452651
5,4,0.9874109010189668,0.986816413766114,0.0005944872528528267
5,5,0.9918935647585018,0.9840658835781434,0.00782768118035837
5,6,0.9864689119650223,0.9846967465977945,0.001772165367227796
5,7,0.9884825196950205,0.9840266199503138,0.004455899744706726
6,0,0.975785013709029,0.9723657845347302,0.0034192291742988212
6,1,0.9731765397023965,0.9695338316917687,0.0036427080106278265
6,2,0.9684264520516378,0.9515260748429026,0.016900377208735162
6,3,0.9784262521666129,0.9701559489811039,0.008270303185509031
6,4,0.9759360194324439,0.969518518517396,0.006417500915047891
6,5,0.9889793732470631,0.9709566976673475,0.018022675579715597
6,6,0.9788693738532425,0.9662519872158101,0.012617386637432393
6,7,0.9765309182383425,0.9757468042012879,0.000784114037054584
7,0,0.9840378500320569,0.9805580647846898,0.00347978524736714
7,1,0.985998649877906,0.9794887500642838,0.006509899813622155
7,2,0.976001272076641,0.9634978036718301,0.012503468404810869
7,3,0.9839519736845513,0.9692313349141243,0.014720638770427064
7,4,0.9879456922900998,0.9688878417126894,0.019057850577410385
7,5,0.9715129924129766,0.9682408801573594,0.0032721122556171878
7,6,0.9786640432251088,0.9726788866098459,0.005985156615262888
7,7,0.9744518997916741,0.9623373243208987,0.012114575470775435
8,0,0.9647833857249928,0.9454039052653019,0.019379480459690845
8,1,0.9362888058763077,0.9296070616557035,0.006681744220604191
8,2,0.9642150887666256,0.9126821218078323,0.05153296695879339
8,3,0.960719851503044,0.9447113737790888,0.016008477723955195
8,4,0.9614412741830655,0.9536219865054294,0.007819287677636066
8,5,0.9545311213853725,0.9173442753944318,0.0371868459909408
8,6,0.9653364668130857,0.934671626806843,0.0306648400062427
8,7,0.9589673669148042,0.9560851518921577,0.002882215022646517
9,0,0.9242851854914685,0.8883310697323004,0.03595411575916818
9,1,0.9319674869517556,0.8716377616620674,0.06032972528968816
9,2,0.8812728932725631,0.8588755960660501,0.022397297206512956
9,3,0.919708566043323,0.853082040702624,0.06662652534069902
9,4,0.9063145140841413,0.8771810426386999,0.029133471445441428
9,5,0.9261082396967121,0.8601832732055544,0.06592496649115764
9,6,0.9134962207379856,0.8591108275702943,0.05438539316769131
9,7,0.9330920438530177,0.8507487100434272,0.08234333380959047
10,0,0.9581981734920206,0.9310416385482831,0.027156534943737487
10,1,0.9390707453587815,0.8669438410825706,0.07212690427621093
10,2,0.9607953896223201,0.9234403854576158,0.037355004164704386
10,3,0.951676226980617,0.9352393659256858,0.01643686105493125
10,4,0.9366514778846615,0.9307315984628783,0.005919879421783181
10,5,0.9530518312164613,0.8833162970117133,0.06973553420474798
10,6,0.9485653125274669,0.9279560572476742,0.020609255279792738
10,7,0.9597888464067327,0.924489676116746,0.03529917028998664
11,0,0.9604731062537246,0.9475007092785179,0.01297239697520669
11,1,0.9679249321421752,0.9469784568553574,0.02094647528681781
11,2,0.9538611290367077,0.9520906929612939,0.0017704360754138282
11,3,0.9552194634015283,0.9551828809409427,3.6582460585576904e-05
11,4,0.9555382995724327,0.944396055989127,0.011142243583305733
11,5,0.9652746767463714,0.9533633377379299,0.011911339008441435
11,6,0.9609355400943211,0.9443009870577197,0.01663455303660144
11,7,0.957814186498871,0.951014895632142,0.006799290866728924
12,0,0.9881136395714454,0.9809038603743111,0.007209779197134281
12,1,0.9878210162605612,0.9817613298297391,0.006059686430822109
12,2,0.9820288176693837,0.9777615180053941,0.004267299663989532
12,3,0.9829245591662299,0.9809094005844873,0.0020151585817426154
12,4,0.9805204442491167,0.9752351536343559,0.005285290614760796
12,5,0.9816327003189914,0.975137461842037,0.006495238476954435
12,6,0.9819183515802993,0.9780305762660091,0.003887775314290187
12,7,0.9867578219362682,0.9854472274073495,0.0013105945289186849
13,0,0.9766059776545196,0.9523112119038769,0.02429476575064271
13,1,0.9662078159338939,0.9547158348290283,0.0114919811048656
13,2,0.968948186825086,0.9514600967895154,0.017488090035570614
13,3,0.9661325394915192,0.9504006658819774,0.01573187360954187
13,4,0.9754151356775154,0.964214698208938,0.011200437468577351
13,5,0.975891991783804,0.9570706146513922,0.018821377132411832
13,6,0.971904606951341,0.9569203964515884,0.014984210499752515
13,7,0.9587811520018874,0.952886080021135,0.005895071980752453
14,0,0.9899007006588684,0.9854902367019994,0.0044104639568689485
14,1,0.9916012968312842,0.9855901615500762,0.006011135281208002
14,2,0.9876512520834241,0.9758021286048502,0.01184912347857392
14,3,0.9823492785129366,0.9804124379130699,0.0019368405998667626
14,4,0.9865645346097877,0.9859346275734565,0.0006299070363311454
14,5,0.989831111525961,0.9838178303463594,0.006013281179601648
14,6,0.9799275076002518,0.9797895198336349,0.00013798776661688716
14,7,0.9903882209344848,0.9762025375589605,0.014185683375524283
15,0,0.9176645269615905,0.8929145177836357,0.02475000917795478
15,1,0.9159544520911875,0.9125582324685965,0.003396219622591068
15,2,0.9069407290475029,0.896143328433445,0.010797400614057873
15,3,0.9098784181273385,0.9044835605717855,0.005394857555553023
15,4,0.920511442014382,0.9024202255936481,0.018091216420733858
15,5,0.91343901606831,0.9111296706095486,0.0023093454587613804
15,6,0.9164631112353184,0.9125296149813944,0.003933496253924029
15,7,0.909568669426072,0.9035609662320799,0.00600770319399202
16,0,0.9395309758116758,0.877638490426199,0.06189248538547676
16,1,0.9361403754270816,0.891550217246393,0.044590158180688566
16,2,0.943127309365449,0.8803478663587316,0.06277944300671734
16,3,0.935058417577219,0.880093440549368,0.05496497702785097
16,4,0.9289637820778859,0.8597176315852895,0.06924615049259641
16,5,0.9003792415582221,0.8553327898076566,0.04504645175056554
16,6,0.8951364105918272,0.870887073534821,0.02424933705700627
16,7,0.9403566737303943,0.8535449956831038,0.08681167804729051
17,0,0.9062885091068653,0.8668888801529667,0.03939962895389859
17,1,0.8866435028863596,0.8840357932328617,0.0026077096534978805
17,2,0.897756650099149,0.8637444635323837,0.0340121865667653
17,3,0.9018057305837651,0.8528988388612977,0.04890689172246743
17,4,0.8903013212910671,0.8737639999638238,0.016537321327243282
17,5,0.8680851591646493,0.8588717192532905,0.009213439911358812
17,6,0.8902247765845737,0.8761349442512174,0.014089832333356256
17,7,0.8896890308614656,0.8883496720739638,0.0013393587875017987
18,0,0.9258772179537141,0.8754470110756227,0.05043020687809141
18,1,0.9252728726671517,0.7640297301879945,0.16124314247915728
18,2,0.9299731327918813,0.8222469494646716,0.10772618332720973
18,3,0.9260961489149738,0.8281268409896295,0.0979693079253443
18,4,0.9243739320086841,0.8681060254241767,0.05626790658450742
18,5,0.8929852601844867,0.8430138527882344,0.049971407396252276
18,6,0.8814831729943526,0.8687247206850206,0.012758452309332036
18,7,0.9237205248992859,0.8536966697459308,0.07002385515335507
19,0,0.9474491194183517,0.944728030570229,0.0027210888481227213
19,1,0.9408947952191986,0.9140989456794725,0.026795849539726135
19,2,0.9385614309190038,0.9238453835632022,0.014716047355801565
19,3,0.9453458503894259,0.9263436694187472,0.019002180970678628
19,4,0.9417073874535209,0.9002985889560796,0.04140879849744128
19,5,0.9499232425631651,0.9311768934022744,0.018746349160890685
19,6,0.9370214739789585,0.9198658713962025,0.017155602582756058
19,7,0.9407891664190182,0.9389878576531432,0.0018013087658750315
20,0,0.9971823126053567,0.9934261982074882,0.003756114397868493
20,1,0.9928978811567948,0.9843542008312032,0.008543680325591607
20,2,0.9945102969182672,0.9919070846078315,0.0026032123104356986
20,3,0.9953965999798658,0.9951680085946554,0.00022859138521047484
20,4,0.9941064249213821,0.9928062824815662,0.00130014243981591
20,5,0.995747011337783,0.9950166798183911,0.0007303315193918358
20,6,0.9968088568630941,0.9942901379044146,0.0025187189586795
20,7,0.9918509022521027,0.9917379633583995,0.0001129388937032294
21,0,0.994436997669737,0.9913662115137443,0.0030707861559927663
21,1,0.9934720782957459,0.9921400458457804,0.0013320324499654923
21,2,0.9951326626854298,0.98767867582906,0.007453986856369776
21,3,0.9873797381403032,0.9833236181811883,0.004056119959114923
21,4,0.9933938733141864,0.9909569868371807,0.002436886477005684
21,5,0.995514032492417,0.9877736207157906,0.007740411776626432
21,6,0.9917185964921322,0.9821529998125533,0.009565596679578903
21,7,0.9936084657456876,0.9921842839674699,0.0014241817782176813
22,0,0.9423752134733838,0.91034782540745,0.03202738806593386
22,1,0.9441587515799225,0.9129728777317531,0.0311858738481694
22,2,0.9476764202457102,0.9289155148099764,0.018760905435733832
22,3,0.9451262414284212,0.9264198273807096,0.01870641404771156
22,4,0.9387248762849189,0.9153130049733609,0.023411871311557975
22,5,0.9303992493463713,0.9188780558411085,0.011521193505262817
22,6,0.9457011490658934,0.9148037594246613,0.03089738964123212
22,7,0.937024793417544,0.9304952434443795,0.006529549973164461
23,0,0.995315242695478,0.9902966597527333,0.005018582942744709
23,1,0.9922690457068801,0.9860677423600728,0.006201303346807352
23,2,0.9893189347625585,0.9859732540921385,0.0033456806704199593
23,3,0.986460482037965,0.9705040135171048,0.01595646852086019
23,4,0.9854939236332491,0.9834377412896171,0.002056182343631918
23,5,0.9879867044938231,0.9802020190752849,0.007784685418538162
23,6,0.9896486034041487,0.9541386431366975,0.035509960267451235
23,7,0.9857987976879592,0.9809939416574986,0.004804856030460547
24,0,0.9487070495796367,0.9086594172436311,0.04004763233600561
24,1,0.9475866588456976,0.8839986695554715,0.06358798929022613
24,2,0.9242235643302535,0.860993576585818,0.06322998774443556
24,3,0.905613246938464,0.8860810223426552,0.019532224595808834
24,4,0.9467392564182667,0.8919045968873297,0.054834659530937024
24,5,0.9447238337427658,0.9155260090034332,0.029197824739332634
24,6,0.9361846696388754,0.9148109610686944,0.02137370857018095
24,7,0.955586172303331,0.9089537419750711,0.04663243032825992
25,0,0.9694476597669099,0.952331333256708,0.017116326510201896
25,1,0.9679886967791024,0.9494119227734548,0.01857677400564761
25,2,0.9649839483790708,0.9461141610959755,0.018869787283095296
25,3,0.9688019847910616,0.9363741840503748,0.03242780074068685
25,4,0.9635050045352349,0.9386707033710969,0.024834301164137984
25,5,0.9668536269022734,0.9441555888444485,0.022698038057824887
25,6,0.97195438308124,0.9494505454213813,0.02250383765985875
25,7,0.9688556623016321,0.9441055916001855,0.024750070701446636
26,0,0.9575925658442036,0.9425060942031989,0.01508647164100474
26,1,0.9660628690522478,0.9304044876608342,0.03565838139141364
26,2,0.9663945593387868,0.9222679109231994,0.044126648415587444
26,3,0.96443563105148,0.9438887141222686,0.0205469169292114
26,4,0.9635786514491111,0.9256513523647929,0.037927299084318244
26,5,0.9648231794979275,0.9185958096695246,0.04622736982840292
26,6,0.9551888598470984,0.8968353091714266,0.05835355067567183
26,7,0.9601313869420371,0.9259490193451831,0.034182367596854
27,0,0.978086875734722,0.9771115011303466,0.0009753746043753564
27,1,0.9744995315152922,0.9625091261911167,0.011990405324175502
27,2,0.9629924291580025,0.9527170911754721,0.010275337982530441
27,3,0.9763518205242884,0.9525758761500204,0.023775944374268
27,4,0.968449953201212,0.9517412692651727,0.016708683936039304
27,5,0.9757580948546309,0.973281866176023,0.0024762286786079724
27,6,0.9770343764953381,0.9748312089728977,0.00220316752244043
27,7,0.9774056868729449,0.9721475379359982,0.0052581489369467604
28,0,0.9928117108341599,0.9902392813181983,0.002572429515961594
28,1,0.9850833314978935,0.9839760883580014,0.001107243139892078
28,2,0.9897221377288603,0.9870546304554674,0.002667507273392933
28,3,0.9878550379760564,0.9829531224277012,0.0049019155483552845
28,4,0.9913670831541757,0.9865857683967285,0.0047813147574471415
28,5,0.9865602916356622,0.9844730983794068,0.002087193256255393
28,6,0.990841967609389,0.9853678077902935,0.005474159819095492
28,7,0.9887913481042171,0.9882257166581846,0.0005656314460324996
29,0,0.9860353683045642,0.9849747129640595,0.0010606553405047014
29,1,0.9749832393663783,0.9484206686997315,0.0265625706666468
29,2,0.9849730076695539,0.9625593245751122,0.022413683094441694
29,3,0.9723618980234235,0.9512099906187579,0.02115190740466566
29,4,0.9676056318156102,0.9668700389905016,0.0007355928251085997
29,5,0.9806871497906755,0.9769626596099943,0.003724490180681217
29,6,0.9757092083201568,0.9694935144594856,0.006215693860671223
29,7,0.9806886571327951,0.9665933147141631,0.014095342418631973
30,0,0.991465555407675,0.9907737490149454,0.0006918063927295881
30,1,0.9884713611552305,0.9848991410014785,0.003572220153752026
30,2,0.9928694682165362,0.9848340597766516,0.008035408439884595
30,3,0.991731055012078,0.9859660278583784,0.005765027153699642
30,4,0.9911645313937454,0.9874525794170639,0.0037119519766815046
30,5,0.9935953852046118,0.9849145798651312,0.008680805339480568
30,6,0.9887326387921181,0.9816718415165244,0.007060797275593722
30,7,0.9900795763563942,0.9873586843146815,0.0027208920417126636
31,0,0.9608445044011199,0.942951115229022,0.01789338917209793
31,1,0.9404373748456186,0.9095772607131346,0.030860114132484018
31,2,0.9330856148228497,0.9324332118999534,0.0006524029228962558
31,3,0.9521819612753846,0.9238380633138534,0.02834389796153114
31,4,0.9182982961803858,0.9145097051422383,0.0037885910381475485
31,5,0.9501113987788434,0.9338601675028593,0.016251231275984157
31,6,0.9379361163834021,0.8658264045594701,0.072109711823932
31,7,0.9604885734869535,0.9299726558188297,0.030515917668123782
32,0,0.9440379724434027,0.9062648183726348,0.03777315407076787
32,1,0.9365708446053135,0.8565354435030945,0.08003540110221896
32,2,0.946190691260959,0.8951405464413371,0.05105014481962189
32,3,0.9355328196958177,0.9179202098697821,0.01761260982603563
32,4,0.9425076390968973,0.9051374531324405,0.03737018596445674
32,5,0.9327432575758933,0.9173104391015007,0.015432818474392596
32,6,0.9360936976638631,0.9002346704274224,0.03585902723644063
32,7,0.9388288046809685,0.873766907139178,0.06506189754179048
33,0,0.9686689384875001,0.9560778970956689,0.012591041391831204
33,1,0.9663801276012511,0.9601011468704632,0.00627898073078792
33,2,0.9666911032654477,0.9646024634325725,0.0020886398328752165
33,3,0.9678029325063627,0.9572676933737195,0.010535239132643204
33,4,0.9653701087463741,0.961299178895524,0.0040709298508501135
33,5,0.9668852112033077,0.9643916836329525,0.0024935275703552584
33,6,0.965120593178185,0.9553688518052702,0.00975174137291479
33,7,0.9638568366779782,0.9573802637650137,0.00647657291296444
34,0,0.9046712350345429,0.8748527938404335,0.02981844119410948
34,1,0.8989213129060691,0.8844852945780747,0.01443601832799446
34,2,0.9060259855859206,0.8741177017844342,0.03190828380148647
34,3,0.9041364990080545,0.8526245420468869,0.051511956961167615
34,4,0.8888789010749033,0.8606294422314424,0.028249458843460862
34,5,0.8964952172867297,0.8345115013404142,0.061983715946315465
34,6,0.8998562848435776,0.8601757040189918,0.03968058082458581
34,7,0.8886271016717652,0.8747716097263089,0.013855491945456322
35,0,0.9848718274894684,0.9806631843913407,0.00420864309812774
35,1,0.9840753395969442,0.9836728042489257,0.00040253534801848456
35,2,0.9879735699971617,0.9857337318689355,0.002239838128226146
35,3,0.9844121150421964,0.984024509417431,0.00038760562476536364
35,4,0.9849994035052492,0.9830962910294794,0.001903112475769797
35,5,0.9808822893204516,0.9804447653052535,0.000437524015198143
35,6,0.9811386853917489,0.9766924309968732,0.0044462543948756705
35,7,0.9835416987112968,0.9723617416032339,0.011179957108062966
36,0,0.992138048285122,0.9849443483391876,0.007193699945934329
36,1,0.987297401691577,0.9839845207133825,0.003312880978194488
36,2,0.9928462323355054,0.9887123498113359,0.004133882524169463
36,3,0.9933984463413112,0.9924416403220349,0.0009568060192763905
36,4,0.9890364598288659,0.9883020689941454,0.0007343908347204886
36,5,0.9870714141518887,0.9854523203415647,0.0016190938103239905
36,6,0.9930964475675839,0.987283849031848,0.005812598535735902
36,7,0.9885263528469003,0.987992145803278,0.0005342070436222812
37,0,0.9953986722064161,0.9946815402620653,0.0007171319443507462
37,1,0.9972498847458356,0.9963635573506143,0.0008863273952213202
37,2,0.9963311350410573,0.9912026540024422,0.005128481038615074
37,3,0.9942880223118129,0.9930156853845238,0.0012723369272891194
37,4,0.9959244122229679,0.992756456178209,0.003167956044758946
37,5,0.9954751183970578,0.9943452796170376,0.0011298387800202647
37,6,0.9956481141698841,0.9953916515710881,0.0002564625987959701
37,7,0.9956948860451081,0.992504696472465,0.003190189572643165
38,0,0.9409358909956905,0.9385899067342893,0.0023459842614012016
38,1,0.9672846259424713,0.9048603623265302,0.06242426361594111
38,2,0.9656380663172511,0.9235572726579495,0.04208079365930162
38,3,0.9615237052770441,0.951320159991373,0.010203545285671134
38,4,0.949045235776035,0.9307882263920906,0.018257009383944367
38,5,0.9604983407402605,0.9422258424974261,0.01827249824283439
38,6,0.9636001446939222,0.928421400080243,0.0351787446136792
38,7,0.9594972851866396,0.9051985970877915,0.05429868809884808
39,0,0.977951305720303,0.9643577943883622,0.013593511331940755
39,1,0.9434861506807003,0.9310868398822228,0.012399310798477448
39,2,0.9748306500509141,0.9614828349577206,0.013347815093193494
39,3,0.9716480242388679,0.9287828778041831,0.04286514643468475
39,4,0.9568751461426006,0.9420333550094602,0.014841791133140436
39,5,0.9755429761561645,0.9607401869796571,0.014802789176507347
39,6,0.9647342402575356,0.9637524240096511,0.000981816247884515
39,7,0.9529108239896809,0.9493425212892805,0.0035683027004003165
