circuit_id,day,oracle_backend,oracle_fidelity,esp_backend,esp_actual_fidelity,esp_correct,esp_regret
0,0,Fez,0.9900171483780247,Fez,0.9900171483780247,True,0.0
0,1,Fez,0.9894404196697764,Fez,0.9894404196697764,True,0.0
0,2,Fez,0.9841838575525337,Fez,0.9841838575525337,True,0.0
0,3,Fez,0.9809297852185163,Fez,0.9809297852185163,True,0.0
0,4,Fez,0.9868128856017951,Fez,0.9868128856017951,True,0.0
0,5,Fez,0.9852243729066803,Fez,0.9852243729066803,True,0.0
0,6,Fez,0.9898144286390105,Fez,0.9898144286390105,True,0.0
0,7,Fez,0.9906514362818938,Fez,0.9906514362818938,True,0.0
1,0,Fez,0.9660195872328122,Fez,0.9660195872328122,True,0.0
1,1,Fez,0.9612827196945662,Fez,0.9612827196945662,True,0.0
1,2,Torino,0.948753591379425,Fez,0.9450509248528678,False,0.0037026665265572634
1,3,Fez,0.9561860750691352,Fez,0.9561860750691352,True,0.0
1,4,Fez,0.9677218800436772,Fez,0.9677218800436772,True,0.0
1,5,Fez,0.9557754014594929,Fez,0.9557754014594929,True,0.0
1,6,Fez,0.9694299562089342,Fez,0.9694299562089342,True,0.0
1,7,Fez,0.9640385403858167,Fez,0.9640385403858167,True,0.0
2,0,Fez,0.8903219142210935,Fez,0.8903219142210935,True,0.0
2,1,Fez,0.9051935787016749,Fez,0.9051935787016749,True,0.0
2,2,Fez,0.8778333474593638,Fez,0.8778333474593638,True,0.0
2,3,Torino,0.8886295611364939,Fez,0.8806639982739134,False,0.007965562862580544
2,4,Fez,0.8970336273120636,Fez,0.8970336273120636,True,0.0
2,5,Fez,0.9000280917943658,Fez,0.9000280917943658,True,0.0
2,6,Torino,0.8839133499199928,Fez,0.8836597191479129,False,0.0002536307720799602
2,7,Fez,0.899300619286109,Fez,0.899300619286109,True,0.0
3,0,Fez,0.9876292257354381,Fez,0.9876292257354381,True,0.0
3,1,Fez,0.9888312845195782,Fez,0.9888312845195782,True,0.0
3,2,Torino,0.9826252731403696,Fez,0.980850527952499,False,0.0017747451878705744
3,3,Fez,0.978932717764708,Fez,0.978932717764708,True,0.0
3,4,Torino,0.976951359945684,Fez,0.971758545977178,False,0.005192813968506016
3,5,Fez,0.987577340941805,Fez,0.987577340941805,True,0.0
3,6,Fez,0.9826361100942042,Fez,0.9826361100942042,True,0.0
3,7,Fez,0.9839833673339997,Torino,0.9735869515643032,False,0.010396415769696521
4,0,Fez,0.9428912913814899,Fez,0.9428912913814899,True,0.0
4,1,Fez,0.9470699450338212,Fez,0.9470699450338212,True,0.0
4,2,Fez,0.9480103885667742,Fez,0.9480103885667742,True,0.0
4,3,Fez,0.9443142797258791,Fez,0.9443142797258791,True,0.0
4,4,Fez,0.9312635927525469,Fez,0.9312635927525469,True,0.0
4,5,Fez,0.9567116680836588,Fez,0.9567116680836588,True,0.0
4,6,Torino,0.9215559995984298,Fez,0.9205415048716351,False,0.0010144947267947124
4,7,Fez,0.9430113066949051,Fez,0.9430113066949051,True,0.0
5,0,Fez,0.9895800217760918,Fez,0.9895800217760918,True,0.0
5,1,Fez,0.9877905034231602,Fez,0.9877905034231602,True,0.0
5,2,Fez,0.9892851155883121,Fez,0.9892851155883121,True,0.0
5,3,Fez,0.9899359947242288,Fez,0.9899359947242288,True,0.0
5,4,Fez,0.9874109010189668,Torino,0.9851512748136695,False,0.0022596262052972937
5,5,Fez,0.9918935647585018,Fez,0.9918935647585018,True,0.0
5,6,Torino,0.9864689119650223,Fez,0.9846967465977945,False,0.001772165367227796
5,7,Fez,0.9884825196950205,Fez,0.9884825196950205,True,0.0
6,0,Sherbrooke,0.975785013709029,Fez,0.9723657845347302,False,0.0034192291742988212
6,1,Sherbrooke,0.9731765397023965,Fez,0.9669532933893163,False,0.006223246313080133
6,2,Fez,0.9684264520516378,Fez,0.9684264520516378,True,0.0
6,3,Fez,0.9784262521666129,Fez,0.9784262521666129,True,0.0
6,4,Fez,0.9759360194324439,Fez,0.9759360194324439,True,0.0
6,5,Fez,0.9889793732470631,Fez,0.9889793732470631,True,0.0
6,6,Fez,0.9788693738532425,Fez,0.9788693738532425,True,0.0
6,7,Fez,0.9765309182383425,Fez,0.9765309182383425,True,0.0
7,0,Torino,0.9840378500320569,Fez,0.9805580647846898,False,0.00347978524736714
7,1,Fez,0.985998649877906,Fez,0.985998649877906,True,0.0
7,2,Torino,0.976001272076641,Torino,0.976001272076641,True,0.0
7,3,Fez,0.9839519736845513,Fez,0.9839519736845513,True,0.0
7,4,Fez,0.9879456922900998,Fez,0.9879456922900998,True,0.0
7,5,Sherbrooke,0.9715129924129766,Fez,0.9682408801573594,False,0.0032721122556171878
7,6,Fez,0.9786640432251088,Fez,0.9786640432251088,True,0.0
7,7,Fez,0.9744518997916741,Fez,0.9744518997916741,True,0.0
8,0,Fez,0.9647833857249928,Fez,0.9647833857249928,True,0.0
8,1,Torino,0.9362888058763077,Fez,0.9296070616557035,False,0.006681744220604191
8,2,Fez,0.9642150887666256,Fez,0.9642150887666256,True,0.0
8,3,Fez,0.960719851503044,Fez,0.960719851503044,True,0.0
8,4,Fez,0.9614412741830655,Fez,0.9614412741830655,True,0.0
8,5,Fez,0.9545311213853725,Fez,0.9545311213853725,True,0.0
8,6,Fez,0.9653364668130857,Fez,0.9653364668130857,True,0.0
8,7,Fez,0.9589673669148042,Fez,0.9589673669148042,True,0.0
9,0,Fez,0.9242851854914685,Fez,0.9242851854914685,True,0.0
9,1,Fez,0.9319674869517556,Fez,0.9319674869517556,True,0.0
9,2,Torino,0.8812728932725631,Torino,0.8812728932725631,True,0.0
9,3,Fez,0.919708566043323,Fez,0.919708566043323,True,0.0
9,4,Fez,0.9063145140841413,Fez,0.9063145140841413,True,0.0
9,5,Fez,0.9261082396967121,Fez,0.9261082396967121,True,0.0
9,6,Fez,0.9134962207379856,Fez,0.9134962207379856,True,0.0
9,7,Fez,0.9330920438530177,Fez,0.9330920438530177,True,0.0
10,0,Fez,0.9581981734920206,Fez,0.9581981734920206,True,0.0
10,1,Fez,0.9390707453587815,Fez,0.9390707453587815,True,0.0
10,2,Fez,0.9607953896223201,Fez,0.9607953896223201,True,0.0
10,3,Fez,0.951676226980617,Fez,0.951676226980617,True,0.0
10,4,Sherbrooke,0.9366514778846615,Fez,0.9307315984628783,False,0.005919879421783181
10,5,Fez,0.9530518312164613,Fez,0.9530518312164613,True,0.0
10,6,Fez,0.9485653125274669,Fez,0.9485653125274669,True,0.0
10,7,Fez,0.9597888464067327,Fez,0.9597888464067327,True,0.0
11,0,Fez,0.9604731062537246,Fez,0.9604731062537246,True,0.0
11,1,Fez,0.9679249321421752,Fez,0.9679249321421752,True,0.0
11,2,Torino,0.9538611290367077,Fez,0.9520906929612939,False,0.0017704360754138282
11,3,Fez,0.9552194634015283,Fez,0.9552194634015283,True,0.0
11,4,Fez,0.9555382995724327,Fez,0.9555382995724327,True,0.0
11,5,Fez,0.9652746767463714,Fez,0.9652746767463714,True,0.0
11,6,Fez,0.9609355400943211,Fez,0.9609355400943211,True,0.0
11,7,Fez,0.957814186498871,Fez,0.957814186498871,True,0.0
12,0,Fez,0.9881136395714454,Fez,0.9881136395714454,True,0.0
12,1,Fez,0.9878210162605612,Fez,0.9878210162605612,True,0.0
12,2,Fez,0.9820288176693837,Fez,0.9820288176693837,True,0.0
12,3,Sherbrooke,0.9829245591662299,Fez,0.9809094005844873,False,0.0020151585817426154
12,4,Fez,0.9805204442491167,Fez,0.9805204442491167,True,0.0
12,5,Fez,0.9816327003189914,Fez,0.9816327003189914,True,0.0
12,6,Fez,0.9819183515802993,Fez,0.9819183515802993,True,0.0
12,7,Fez,0.9867578219362682,Fez,0.9867578219362682,True,0.0
13,0,Fez,0.9766059776545196,Fez,0.9766059776545196,True,0.0
13,1,Fez,0.9662078159338939,Fez,0.9662078159338939,True,0.0
13,2,Fez,0.968948186825086,Fez,0.968948186825086,True,0.0
13,3,Fez,0.9661325394915192,Fez,0.9661325394915192,True,0.0
13,4,Fez,0.9754151356775154,Fez,0.9754151356775154,True,0.0
13,5,Fez,0.975891991783804,Fez,0.975891991783804,True,0.0
13,6,Fez,0.971904606951341,Fez,0.971904606951341,True,0.0
13,7,Torino,0.9587811520018874,Torino,0.9587811520018874,True,0.0
14,0,Sherbrooke,0.9899007006588684,Fez,0.9854902367019994,False,0.0044104639568689485
14,1,Torino,0.9916012968312842,Fez,0.9855901615500762,False,0.006011135281208002
14,2,Fez,0.9876512520834241,Fez,0.9876512520834241,True,0.0
14,3,Fez,0.9823492785129366,Fez,0.9823492785129366,True,0.0
14,4,Torino,0.9865645346097877,Fez,0.9859346275734565,False,0.0006299070363311454
14,5,Sherbrooke,0.989831111525961,Fez,0.9838178303463594,False,0.006013281179601648
14,6,Sherbrooke,0.9799275076002518,Fez,0.9780943085305449,False,0.0018331990697069145
14,7,Fez,0.9903882209344848,Fez,0.9903882209344848,True,0.0
15,0,Fez,0.9176645269615905,Fez,0.9176645269615905,True,0.0
15,1,Fez,0.9159544520911875,Fez,0.9159544520911875,True,0.0
15,2,Fez,0.9069407290475029,Fez,0.9069407290475029,True,0.0
15,3,Sherbrooke,0.9098784181273385,Fez,0.9044835605717855,False,0.005394857555553023
15,4,Fez,0.920511442014382,Fez,0.920511442014382,True,0.0
15,5,Fez,0.91343901606831,Fez,0.91343901606831,True,0.0
15,6,Fez,0.9164631112353184,Fez,0.9164631112353184,True,0.0
15,7,Fez,0.909568669426072,Fez,0.909568669426072,True,0.0
16,0,Fez,0.9395309758116758,Fez,0.9395309758116758,True,0.0
16,1,Fez,0.9361403754270816,Fez,0.9361403754270816,True,0.0
16,2,Fez,0.943127309365449,Fez,0.943127309365449,True,0.0
16,3,Fez,0.935058417577219,Fez,0.935058417577219,True,0.0
16,4,Fez,0.9289637820778859,Fez,0.9289637820778859,True,0.0
16,5,Fez,0.9003792415582221,Fez,0.9003792415582221,True,0.0
16,6,Fez,0.8951364105918272,Fez,0.8951364105918272,True,0.0
16,7,Fez,0.9403566737303943,Fez,0.9403566737303943,True,0.0
17,0,Fez,0.9062885091068653,Fez,0.9062885091068653,True,0.0
17,1,Fez,0.8866435028863596,Fez,0.8866435028863596,True,0.0
17,2,Fez,0.897756650099149,Fez,0.897756650099149,True,0.0
17,3,Fez,0.9018057305837651,Fez,0.9018057305837651,True,0.0
17,4,Fez,0.8903013212910671,Fez,0.8903013212910671,True,0.0
17,5,Fez,0.8680851591646493,Fez,0.8680851591646493,True,0.0
17,6,Fez,0.8902247765845737,Fez,0.8902247765845737,True,0.0
17,7,Fez,0.8896890308614656,Fez,0.8896890308614656,True,0.0
18,0,Fez,0.9258772179537141,Fez,0.9258772179537141,True,0.0
18,1,Fez,0.9252728726671517,Fez,0.9252728726671517,True,0.0
18,2,Fez,0.9299731327918813,Fez,0.9299731327918813,True,0.0
18,3,Fez,0.9260961489149738,Fez,0.9260961489149738,True,0.0
18,4,Fez,0.9243739320086841,Fez,0.9243739320086841,True,0.0
18,5,Fez,0.8929852601844867,Fez,0.8929852601844867,True,0.0
18,6,Fez,0.8814831729943526,Fez,0.8814831729943526,True,0.0
18,7,Fez,0.9237205248992859,Fez,0.9237205248992859,True,0.0
19,0,Torino,0.9474491194183517,Fez,0.944728030570229,False,0.0027210888481227213
19,1,Fez,0.9408947952191986,Fez,0.9408947952191986,True,0.0
19,2,Fez,0.9385614309190038,Fez,0.9385614309190038,True,0.0
19,3,Fez,0.9453458503894259,Fez,0.9453458503894259,True,0.0
19,4,Fez,0.9417073874535209,Fez,0.9417073874535209,True,0.0
19,5,Fez,0.9499232425631651,Fez,0.9499232425631651,True,0.0
19,6,Fez,0.9370214739789585,Fez,0.9370214739789585,True,0.0
19,7,Torino,0.9407891664190182,Fez,0.9389878576531432,False,0.0018013087658750315
20,0,Fez,0.9971823126053567,Fez,0.9971823126053567,True,0.0
20,1,Fez,0.9928978811567948,Fez,0.9928978811567948,True,0.0
20,2,Fez,0.9945102969182672,Fez,0.9945102969182672,True,0.0
20,3,Sherbrooke,0.9953965999798658,Fez,0.9951680085946554,False,0.00022859138521047484
20,4,Fez,0.9941064249213821,Fez,0.9941064249213821,True,0.0
20,5,Fez,0.995747011337783,Fez,0.995747011337783,True,0.0
20,6,Sherbrooke,0.9968088568630941,Fez,0.9942901379044146,False,0.0025187189586795
20,7,Sherbrooke,0.9918509022521027,Fez,0.9897079335448248,False,0.0021429687072779258
21,0,Fez,0.994436997669737,Fez,0.994436997669737,True,0.0
21,1,Fez,0.9934720782957459,Fez,0.9934720782957459,True,0.0
21,2,Fez,0.9951326626854298,Fez,0.9951326626854298,True,0.0
21,3,Fez,0.9873797381403032,Fez,0.9873797381403032,True,0.0
21,4,Sherbrooke,0.9933938733141864,Fez,0.9909569868371807,False,0.002436886477005684
21,5,Fez,0.995514032492417,Fez,0.995514032492417,True,0.0
21,6,Sherbrooke,0.9917185964921322,Sherbrooke,0.9917185964921322,True,0.0
21,7,Sherbrooke,0.9936084657456876,Fez,0.9921842839674699,False,0.0014241817782176813
22,0,Fez,0.9423752134733838,Fez,0.9423752134733838,True,0.0
22,1,Fez,0.9441587515799225,Fez,0.9441587515799225,True,0.0
22,2,Fez,0.9476764202457102,Fez,0.9476764202457102,True,0.0
22,3,Fez,0.9451262414284212,Fez,0.9451262414284212,True,0.0
22,4,Fez,0.9387248762849189,Fez,0.9387248762849189,True,0.0
22,5,Fez,0.9303992493463713,Fez,0.9303992493463713,True,0.0
22,6,Fez,0.9457011490658934,Fez,0.9457011490658934,True,0.0
22,7,Fez,0.937024793417544,Fez,0.937024793417544,True,0.0
23,0,Fez,0.995315242695478,Fez,0.995315242695478,True,0.0
23,1,Fez,0.9922690457068801,Fez,0.9922690457068801,True,0.0
23,2,Fez,0.9893189347625585,Fez,0.9893189347625585,True,0.0
23,3,Torino,0.986460482037965,Torino,0.986460482037965,True,0.0
23,4,Fez,0.9854939236332491,Torino,0.9834377412896171,False,0.002056182343631918
23,5,Fez,0.9879867044938231,Fez,0.9879867044938231,True,0.0
23,6,Fez,0.9896486034041487,Fez,0.9896486034041487,True,0.0
23,7,Fez,0.9857987976879592,Torino,0.9809939416574986,False,0.004804856030460547
24,0,Fez,0.9487070495796367,Fez,0.9487070495796367,True,0.0
24,1,Fez,0.9475866588456976,Fez,0.9475866588456976,True,0.0
24,2,Fez,0.9242235643302535,Fez,0.9242235643302535,True,0.0
24,3,Fez,0.905613246938464,Fez,0.905613246938464,True,0.0
24,4,Fez,0.9467392564182667,Fez,0.9467392564182667,True,0.0
24,5,Fez,0.9447238337427658,Fez,0.9447238337427658,True,0.0
24,6,Fez,0.9361846696388754,Fez,0.9361846696388754,True,0.0
24,7,Fez,0.955586172303331,Fez,0.955586172303331,True,0.0
25,0,Fez,0.9694476597669099,Fez,0.9694476597669099,True,0.0
25,1,Fez,0.9679886967791024,Fez,0.9679886967791024,True,0.0
25,2,Fez,0.9649839483790708,Fez,0.9649839483790708,True,0.0
25,3,Fez,0.9688019847910616,Fez,0.9688019847910616,True,0.0
25,4,Fez,0.9635050045352349,Fez,0.9635050045352349,True,0.0
25,5,Fez,0.9668536269022734,Fez,0.9668536269022734,True,0.0
25,6,Fez,0.97195438308124,Fez,0.97195438308124,True,0.0
25,7,Fez,0.9688556623016321,Fez,0.9688556623016321,True,0.0
26,0,Fez,0.9575925658442036,Fez,0.9575925658442036,True,0.0
26,1,Fez,0.9660628690522478,Fez,0.9660628690522478,True,0.0
26,2,Fez,0.9663945593387868,Fez,0.9663945593387868,True,0.0
26,3,Fez,0.96443563105148,Fez,0.96443563105148,True,0.0
26,4,Fez,0.9635786514491111,Fez,0.9635786514491111,True,0.0
26,5,Fez,0.9648231794979275,Fez,0.9648231794979275,True,0.0
26,6,Fez,0.9551888598470984,Fez,0.9551888598470984,True,0.0
26,7,Fez,0.9601313869420371,Fez,0.9601313869420371,True,0.0
27,0,Fez,0.978086875734722,Fez,0.978086875734722,True,0.0
27,1,Sherbrooke,0.9744995315152922,Fez,0.9593361047449245,False,0.01516342677036775
27,2,Torino,0.9629924291580025,Fez,0.9527170911754721,False,0.010275337982530441
27,3,Fez,0.9763518205242884,Fez,0.9763518205242884,True,0.0
27,4,Fez,0.968449953201212,Fez,0.968449953201212,True,0.0
27,5,Sherbrooke,0.9757580948546309,Fez,0.973281866176023,False,0.0024762286786079724
27,6,Fez,0.9770343764953381,Fez,0.9770343764953381,True,0.0
27,7,Fez,0.9774056868729449,Fez,0.9774056868729449,True,0.0
28,0,Torino,0.9928117108341599,Fez,0.9899722919144277,False,0.0028394189197321618
28,1,Fez,0.9850833314978935,Fez,0.9850833314978935,True,0.0
28,2,Fez,0.9897221377288603,Fez,0.9897221377288603,True,0.0
28,3,Sherbrooke,0.9878550379760564,Fez,0.9829531224277012,False,0.0049019155483552845
28,4,Fez,0.9913670831541757,Fez,0.9913670831541757,True,0.0
28,5,Fez,0.9865602916356622,Fez,0.9865602916356622,True,0.0
28,6,Fez,0.990841967609389,Fez,0.990841967609389,True,0.0
28,7,Fez,0.9887913481042171,Fez,0.9887913481042171,True,0.0
29,0,Fez,0.9860353683045642,Fez,0.9860353683045642,True,0.0
29,1,Fez,0.9749832393663783,Fez,0.9749832393663783,True,0.0
29,2,Fez,0.9849730076695539,Fez,0.9849730076695539,True,0.0
29,3,Fez,0.9723618980234235,Fez,0.9723618980234235,True,0.0
29,4,Sherbrooke,0.9676056318156102,Fez,0.9668700389905016,False,0.0007355928251085997
29,5,Fez,0.9806871497906755,Fez,0.9806871497906755,True,0.0
29,6,Fez,0.9757092083201568,Fez,0.9757092083201568,True,0.0
29,7,Torino,0.9806886571327951,Fez,0.9665933147141631,False,0.014095342418631973
30,0,Fez,0.991465555407675,Fez,0.991465555407675,True,0.0
30,1,Fez,0.9884713611552305,Fez,0.9884713611552305,True,0.0
30,2,Fez,0.9928694682165362,Fez,0.9928694682165362,True,0.0
30,3,Fez,0.991731055012078,Fez,0.991731055012078,True,0.0
30,4,Fez,0.9911645313937454,Fez,0.9911645313937454,True,0.0
30,5,Fez,0.9935953852046118,Fez,0.9935953852046118,True,0.0
30,6,Fez,0.9887326387921181,Fez,0.9887326387921181,True,0.0
30,7,Torino,0.9900795763563942,Torino,0.9900795763563942,True,0.0
31,0,Fez,0.9608445044011199,Fez,0.9608445044011199,True,0.0
31,1,Fez,0.9404373748456186,Fez,0.9404373748456186,True,0.0
31,2,Fez,0.9330856148228497,Fez,0.9330856148228497,True,0.0
31,3,Fez,0.9521819612753846,Fez,0.9521819612753846,True,0.0
31,4,Torino,0.9182982961803858,Sherbrooke,0.9110609669944737,False,0.007237329185912134
31,5,Fez,0.9501113987788434,Fez,0.9501113987788434,True,0.0
31,6,Fez,0.9379361163834021,Fez,0.9379361163834021,True,0.0
31,7,Fez,0.9604885734869535,Fez,0.9604885734869535,True,0.0
32,0,Fez,0.9440379724434027,Fez,0.9440379724434027,True,0.0
32,1,Fez,0.9365708446053135,Fez,0.9365708446053135,True,0.0
32,2,Fez,0.946190691260959,Fez,0.946190691260959,True,0.0
32,3,Fez,0.9355328196958177,Fez,0.9355328196958177,True,0.0
32,4,Fez,0.9425076390968973,Fez,0.9425076390968973,True,0.0
32,5,Fez,0.9327432575758933,Fez,0.9327432575758933,True,0.0
32,6,Fez,0.9360936976638631,Fez,0.9360936976638631,True,0.0
32,7,Fez,0.9388288046809685,Fez,0.9388288046809685,True,0.0
33,0,Torino,0.9686689384875001,Fez,0.9560778970956689,False,0.012591041391831204
33,1,Fez,0.9663801276012511,Fez,0.9663801276012511,True,0.0
33,2,Fez,0.9666911032654477,Fez,0.9666911032654477,True,0.0
33,3,Fez,0.9678029325063627,Fez,0.9678029325063627,True,0.0
33,4,Fez,0.9653701087463741,Fez,0.9653701087463741,True,0.0
33,5,Fez,0.9668852112033077,Fez,0.9668852112033077,True,0.0
33,6,Torino,0.965120593178185,Fez,0.9553688518052702,False,0.00975174137291479
33,7,Fez,0.9638568366779782,Fez,0.9638568366779782,True,0.0
34,0,Fez,0.9046712350345429,Fez,0.9046712350345429,True,0.0
34,1,Fez,0.8989213129060691,Fez,0.8989213129060691,True,0.0
34,2,Fez,0.9060259855859206,Fez,0.9060259855859206,True,0.0
34,3,Fez,0.9041364990080545,Fez,0.9041364990080545,True,0.0
34,4,Fez,0.8888789010749033,Fez,0.8888789010749033,True,0.0
34,5,Fez,0.8964952172867297,Fez,0.8964952172867297,True,0.0
34,6,Fez,0.8998562848435776,Fez,0.8998562848435776,True,0.0
34,7,Fez,0.8886271016717652,Fez,0.8886271016717652,True,0.0
35,0,Torino,0.9848718274894684,Fez,0.9797697230715158,False,0.005102104417952669
35,1,Torino,0.9840753395969442,Fez,0.9836728042489257,False,0.00040253534801848456
35,2,Fez,0.9879735699971617,Fez,0.9879735699971617,True,0.0
35,3,Sherbrooke,0.9844121150421964,Fez,0.9739103654520829,False,0.010501749590113518
35,4,Fez,0.9849994035052492,Fez,0.9849994035052492,True,0.0
35,5,Fez,0.9808822893204516,Fez,0.9808822893204516,True,0.0
35,6,Torino,0.9811386853917489,Fez,0.9766924309968732,False,0.0044462543948756705
35,7,Torino,0.9835416987112968,Fez,0.9723617416032339,False,0.011179957108062966
36,0,Fez,0.992138048285122,Fez,0.992138048285122,True,0.0
36,1,Sherbrooke,0.987297401691577,Fez,0.9839845207133825,False,0.003312880978194488
36,2,Fez,0.9928462323355054,Fez,0.9928462323355054,True,0.0
36,3,Fez,0.9933984463413112,Fez,0.9933984463413112,True,0.0
36,4,Fez,0.9890364598288659,Fez,0.9890364598288659,True,0.0
36,5,Sherbrooke,0.9870714141518887,Fez,0.9854523203415647,False,0.0016190938103239905
36,6,Fez,0.9930964475675839,Fez,0.9930964475675839,True,0.0
36,7,Fez,0.9885263528469003,Fez,0.9885263528469003,True,0.0
37,0,Torino,0.9953986722064161,Fez,0.9946815402620653,False,0.0007171319443507462
37,1,Torino,0.9972498847458356,Torino,0.9972498847458356,True,0.0
37,2,Fez,0.9963311350410573,Fez,0.9963311350410573,True,0.0
37,3,Fez,0.9942880223118129,Fez,0.9942880223118129,True,0.0
37,4,Fez,0.9959244122229679,Fez,0.9959244122229679,True,0.0
37,5,Sherbrooke,0.9954751183970578,Fez,0.9943452796170376,False,0.0011298387800202647
37,6,Fez,0.9956481141698841,Fez,0.9956481141698841,True,0.0
37,7,Torino,0.9956948860451081,Torino,0.9956948860451081,True,0.0
38,0,Fez,0.9409358909956905,Fez,0.9409358909956905,True,0.0
38,1,Fez,0.9672846259424713,Fez,0.9672846259424713,True,0.0
38,2,Fez,0.9656380663172511,Fez,0.9656380663172511,True,0.0
38,3,Fez,0.9615237052770441,Fez,0.9615237052770441,True,0.0
38,4,Fez,0.949045235776035,Fez,0.949045235776035,True,0.0
38,5,Fez,0.9604983407402605,Fez,0.9604983407402605,True,0.0
38,6,Fez,0.9636001446939222,Fez,0.9636001446939222,True,0.0
38,7,Fez,0.9594972851866396,Fez,0.9594972851866396,True,0.0
39,0,Fez,0.977951305720303,Fez,0.977951305720303,True,0.0
39,1,Torino,0.9434861506807003,Fez,0.8983543812543674,False,0.0451317694263329
39,2,Fez,0.9748306500509141,Fez,0.9748306500509141,True,0.0
39,3,Fez,0.9716480242388679,Fez,0.9716480242388679,True,0.0
39,4,Fez,0.9568751461426006,Fez,0.9568751461426006,True,0.0
39,5,Fez,0.9755429761561645,Fez,0.9755429761561645,True,0.0
39,6,Fez,0.9647342402575356,Fez,0.9647342402575356,True,0.0
39,7,Sherbrooke,0.9529108239896809,Sherbrooke,0.9529108239896809,True,0.0
