backend,candidate,fidelity,risk,avg_readout,max_readout,gate_error,gate_length,avg_t1,avg_t2,predicted_fidelity,prediction_error
ibm_fez,11,0.9474245794493928,0.0359309596648459,0.0086263020833333,0.013916015625,0.0100520534148459,2.56e-07,0.0001438481022407,0.0001385167429816,0.8313149,-0.11610965807030349
ibm_fez,22,0.9400915249106744,0.0329503042636573,0.008544921875,0.012451171875,0.0073155386386573,2.56e-07,0.0001207747435585,5.127248298399573e-05,0.90808797,-0.032003556084380436
ibm_fez,33,0.9709899607100272,0.0217025568488111,0.0054524739583333,0.008544921875,0.0053451349738111,2.56e-07,0.0001932280040168,0.0001438792917532,0.9123444,-0.058645564595677824
ibm_fez,44,0.955593365803414,0.0422009329801826,0.0118815104166666,0.02099609375,0.0065564017301826,2.56e-07,0.0001272470337116,9.476970739881588e-05,0.7963378,-0.15925558246677463
ibm_fez,55,0.9259798301054282,0.0302564081762742,0.008056640625,0.015869140625,0.0060864863012742,2.56e-07,0.0001353854959914,5.486539540895078e-05,0.9436645,0.017684661071177055
ibm_fez,66,0.9304772689587032,0.0798143912150349,0.0218098958333333,0.036376953125,0.0143847037150349,2.56e-07,0.0001007645285404,3.944125419374533e-05,0.8227638,-0.10771346833767048
ibm_kingston,11,0.9352164803961914,0.0648212846387056,0.02001953125,0.04052734375,0.0047626908887056,2.960000000000001e-07,0.0001620794518613,0.0002253940090995,0.7677087,-0.16750776161948855
ibm_kingston,22,0.9325433003471624,0.0486035991540311,0.0105794270833333,0.012451171875,0.0168653179040311,3.08e-07,0.0001620002587135,9.373742174402516e-05,0.8551246,-0.07741870756609548
ibm_kingston,33,0.4798051879232846,0.0301400877098091,0.0086263020833333,0.014404296875,0.0042611814598091,2.960000000000001e-07,0.0002029444864616,0.0001292309920843,0.9288607,0.449055536049036
ibm_kingston,44,0.9321442607532296,0.0545696257226506,0.0165201822916666,0.025146484375,0.0050090788476506,2.960000000000001e-07,0.0002008611910461,0.0001188202091835,0.92941505,-0.002729213584497958
ibm_kingston,55,0.9492607373111538,0.0245887015412333,0.0066731770833333,0.011474609375,0.0045691702912333,2.960000000000001e-07,0.0002920982092587,0.0001430233166818,0.8638355,-0.08542522371938743
ibm_kingston,66,0.9733974304789031,0.0207935111226461,0.005126953125,0.005859375,0.0054126517476461,2.960000000000001e-07,0.0002939439563727,0.0003098713449646,0.93949604,-0.033901390134664866
ibm_marrakesh,11,0.9599467517490418,0.0463882036493948,0.0138346354166666,0.026611328125,0.0048842973993948,3.16e-07,0.0001568177422256,8.551037878508443e-05,0.8615427,-0.09840405002785035
ibm_marrakesh,22,0.9614972317299842,0.0253843092330759,0.0066324869791666,0.0089111328125,0.0054868482955759,3.28e-07,0.0001315929738735,6.903605585164827e-05,0.9257983,-0.035698934801578486
ibm_marrakesh,33,0.6490982218286138,0.0899630645834697,0.0262451171875,0.053466796875,0.0112277130209697,3.16e-07,0.000104364979414,6.948434315646764e-05,0.8058857,0.15678745074066114
ibm_marrakesh,44,0.913795327890942,0.0943211892568589,0.0284016927083333,0.0382080078125,0.0091161111318589,3.16e-07,0.000144488436862,5.053594001881213e-05,0.86006206,-0.05373326515061605
ibm_marrakesh,55,0.9775193064657411,0.0729515197559615,0.0205891927083333,0.0521240234375,0.0111839416309615,3.16e-07,0.0001916836554078,0.0001464368284913,0.7931585,-0.18436083488142108
ibm_marrakesh,66,0.7572555175792574,0.0351685136815985,0.0096842447916666,0.0155029296875,0.0061157793065985,3.16e-07,0.0002424718902573,9.608079638724063e-05,0.8667419,0.10948637809640183
