backend,candidate,fidelity,risk,avg_readout,max_readout,gate_error,gate_length,avg_t1,avg_t2
ibm_fez,11,0.9474245794493927,0.035930959664845975,0.008626302083333334,0.013916015625,0.010052053414845975,2.5599999999999996e-07,0.00014384810224077297,0.00013851674298161643
ibm_fez,22,0.9400915249106743,0.03295030426365733,0.008544921875,0.012451171875,0.007315538638657332,2.56e-07,0.00012077474355856926,5.127248298399573e-05
ibm_fez,33,0.9709899607100273,0.02170255684881117,0.005452473958333333,0.008544921875,0.005345134973811168,2.5599999999999996e-07,0.00019322800401683983,0.00014387929175325445
ibm_fez,44,0.9555933658034141,0.042200932980182605,0.011881510416666666,0.02099609375,0.006556401730182606,2.56e-07,0.00012724703371164864,9.476970739881588e-05
ibm_fez,55,0.9259798301054282,0.030256408176274244,0.008056640625,0.015869140625,0.006086486301274245,2.5599999999999996e-07,0.0001353854959914352,5.486539540895078e-05
ibm_fez,66,0.9304772689587031,0.07981439121503495,0.021809895833333332,0.036376953125,0.014384703715034948,2.5599999999999996e-07,0.00010076452854042779,3.944125419374533e-05
ibm_kingston,11,0.9352164803961914,0.06482128463870561,0.02001953125,0.04052734375,0.00476269088870561,2.9600000000000006e-07,0.000162079451861332,0.00022539400909952375
ibm_kingston,22,0.9325433003471625,0.04860359915403113,0.010579427083333334,0.012451171875,0.016865317904031132,3.08e-07,0.0001620002587135963,9.373742174402517e-05
ibm_kingston,33,0.4798051879232846,0.030140087709809117,0.008626302083333334,0.014404296875,0.004261181459809119,2.9600000000000006e-07,0.00020294448646165962,0.00012923099208433803
ibm_kingston,44,0.9321442607532296,0.054569625722650617,0.016520182291666668,0.025146484375,0.005009078847650616,2.9600000000000006e-07,0.0002008611910461074,0.00011882020918357239
ibm_kingston,55,0.9492607373111538,0.024588701541233323,0.006673177083333333,0.011474609375,0.004569170291233323,2.9600000000000006e-07,0.0002920982092587094,0.00014302331668182265
ibm_kingston,66,0.9733974304789033,0.020793511122646116,0.005126953125,0.005859375,0.005412651747646118,2.9600000000000006e-07,0.0002939439563727407,0.0003098713449646358
ibm_marrakesh,11,0.9599467517490418,0.04638820364939483,0.013834635416666666,0.026611328125,0.004884297399394829,3.1599999999999997e-07,0.00015681774222562765,8.551037878508443e-05
ibm_marrakesh,22,0.9614972317299842,0.025384309233075983,0.006632486979166667,0.0089111328125,0.005486848295575983,3.28e-07,0.000131592973873558,6.903605585164827e-05
ibm_marrakesh,33,0.6490982218286138,0.08996306458346977,0.0262451171875,0.053466796875,0.01122771302096977,3.1599999999999997e-07,0.00010436497941400352,6.948434315646764e-05
ibm_marrakesh,44,0.913795327890942,0.09432118925685895,0.028401692708333332,0.0382080078125,0.009116111131858947,3.1599999999999997e-07,0.0001444884368620604,5.053594001881213e-05
ibm_marrakesh,55,0.9775193064657413,0.07295151975596154,0.020589192708333332,0.0521240234375,0.011183941630961538,3.1599999999999997e-07,0.00019168365540788717,0.00014643682849136604
ibm_marrakesh,66,0.7572555175792574,0.03516851368159853,0.009684244791666666,0.0155029296875,0.00611577930659853,3.1599999999999997e-07,0.00024247189025732542,9.608079638724063e-05
