circuit_id,backend,oracle_candidate,oracle_fidelity,esp_candidate,esp_fidelity,esp_score,ranker_candidate,ranker_fidelity,ranker_score,esp_correct,ranker_correct,esp_regret,ranker_regret
2,Fez,33,0.972817880052882,33,0.972817880052882,0.7991232485611035,66,0.9694847237727326,2.3709712,True,False,0.0,0.0033331562801492964
2,Sherbrooke,66,0.9244810682746312,66,0.9244810682746312,0.6057517167932183,66,0.9244810682746312,1.3958541,True,True,0.0,0.0
2,Torino,44,0.9347171283527056,44,0.9347171283527056,0.6743518781526842,22,0.9096572914696516,0.22059372,True,False,0.0,0.02505983688305402
5,Fez,11,0.9479073607452966,11,0.9479073607452966,0.8786790688937622,66,0.9414905022822924,1.7349248,True,False,0.0,0.006416858463004216
5,Sherbrooke,55,0.8750298871451679,55,0.8750298871451679,0.7527706727135176,55,0.8750298871451679,2.380245,True,True,0.0,0.0
5,Torino,11,0.8580872628573238,33,0.8329690387394636,0.6475029914608437,11,0.8580872628573238,-1.1141244,False,True,0.025118224117860244,0.0
8,Fez,55,0.9801000964564206,55,0.9801000964564206,0.8753257432025042,44,0.948594439315764,1.6790211,True,False,0.0,0.03150565714065656
8,Sherbrooke,55,0.9716193376438385,11,0.9635500219092128,0.818388525371383,11,0.9635500219092128,1.9766219,False,False,0.00806931573462566,0.00806931573462566
8,Torino,11,0.9666877895399832,11,0.9666877895399832,0.7849726229181961,11,0.9666877895399832,0.5444745,True,True,0.0,0.0
