circuit_id,backend,candidate_seed,esp,ranker_score,actual_fidelity
0,Fez,11,0.6877049888219472,2.023503,0.949513501645041
0,Fez,22,0.0,-3.1470203,0.6254839101085375
0,Fez,33,0.745941775843159,3.0636213,0.9538413348759488
0,Fez,44,0.7022325191408486,0.33241567,0.9379540594867278
0,Fez,55,0.7317780831151114,-0.87020683,0.934689032722243
0,Fez,66,0.7695011364777933,1.1284809,0.9462025377537154
0,Sherbrooke,11,0.0,-4.589752,0.643685827814719
0,Sherbrooke,22,0.666931529090701,3.5486748,0.9232503205677411
0,Sherbrooke,33,0.451680205315869,1.6039878,0.8928805419722701
0,Sherbrooke,44,0.4373042081934831,-2.2769258,0.791150290653497
0,Sherbrooke,55,0.4460328110458517,0.2580507,0.8591133848309763
0,Sherbrooke,66,0.395114674654194,-1.034467,0.8355664138674365
0,Torino,11,0.422942965258313,-1.3562962,0.8656014090456401
0,Torino,22,0.5779993828572362,-2.3519995,0.8521224612892113
0,Torino,33,0.5710810829941313,1.8078523,0.9414459570286255
0,Torino,44,0.1800828677898518,-3.779821,0.827033871385969
0,Torino,55,0.5058447202195486,-0.4752275,0.8842260612542634
0,Torino,66,0.3647813651710432,0.3807652,0.9047806897543124
1,Fez,11,0.882133314511557,1.01008,0.970998627581754
1,Fez,22,0.8915995189292499,1.4584267,0.9805199927719408
1,Fez,33,0.8793781108383644,0.5050742,0.9701831669984796
1,Fez,44,0.0,-1.7707425,0.836038359683155
1,Fez,55,0.8793781108383644,0.5050742,0.9733587438508088
1,Fez,66,0.0,-2.612897,0.7228977135018322
1,Sherbrooke,11,0.0,-2.6888998,0.759870355938222
1,Sherbrooke,22,0.7395214695441028,0.4692051,0.9364967433528464
1,Sherbrooke,33,0.7388073364197765,0.22115523,0.9359787974437768
1,Sherbrooke,44,0.7395214695441028,0.4692051,0.9368277761965784
1,Sherbrooke,55,0.7682835783003596,1.1190059,0.9599030444985416
1,Sherbrooke,66,0.7395214695441028,0.4692051,0.9414217984802996
1,Torino,11,0.8247481748049326,1.9010215,0.956964392166434
1,Torino,22,0.0,-0.67576796,0.751277909916224
1,Torino,33,0.6207810379397456,0.7326951,0.7920190347276861
1,Torino,44,0.0,-0.67576796,0.7630255978651921
1,Torino,55,0.0,-0.67576796,0.7570803598296606
1,Torino,66,0.0,-0.67576796,0.7717504012564346
2,Fez,11,0.72354674081767,1.0933673,0.96049894506044
2,Fez,22,0.7448290743529371,0.58369243,0.9563954491810585
2,Fez,33,0.7991232485611035,1.42098,0.972817880052882
2,Fez,44,0.5554067531957543,0.19729319,0.931959996858046
2,Fez,55,0.7661502800707094,2.1813655,0.960944318014811
2,Fez,66,0.7943409848183095,2.3709712,0.9694847237727326
2,Sherbrooke,11,0.0,-4.1313987,0.6142085529586199
2,Sherbrooke,22,0.4457205761584165,0.86471635,0.8974550761994989
2,Sherbrooke,33,0.4234428644223921,-1.9135275,0.8759621694911423
2,Sherbrooke,44,0.4095159051712264,-0.5570667,0.8490522747285417
2,Sherbrooke,55,0.4195009799586171,-1.4021449,0.8736459375773178
2,Sherbrooke,66,0.6057517167932183,1.3958541,0.9244810682746312
2,Torino,11,0.3041513725026339,-0.87930214,0.8809070972992292
2,Torino,22,0.5467431065101237,0.22059372,0.9096572914696516
2,Torino,33,0.0,-4.5585675,0.7288547786436252
2,Torino,44,0.6743518781526842,-0.07423336,0.9347171283527056
2,Torino,55,0.5404161558889551,-0.823868,0.914048948727257
2,Torino,66,0.3574098846104071,-1.3395456,0.8957377680561756
3,Fez,11,0.7567707638784988,0.7606941,0.9606754267098356
3,Fez,22,0.8089046653893223,-0.80478084,0.9568553953023764
3,Fez,33,0.8195564124901137,2.7766812,0.9638590631601194
3,Fez,44,0.820740683761317,1.5244702,0.9630771734037932
3,Fez,55,0.0,-2.6888402,0.5096108697299714
3,Fez,66,0.8446251554367642,0.09244915,0.9605721285406752
3,Sherbrooke,11,0.7691822004659636,2.5230381,0.9426893765986384
3,Sherbrooke,22,0.6028441907143473,-0.6601148,0.8748383705047509
3,Sherbrooke,33,0.6313017878259121,1.3408569,0.9069299057680094
3,Sherbrooke,44,0.4548153232144903,-3.5324593,0.8011903060495194
3,Sherbrooke,55,0.565568404355418,0.3229389,0.8835447025509539
3,Sherbrooke,66,0.5238345007418339,-1.7827337,0.8427559617291506
3,Torino,11,0.6578901779023624,0.38238883,0.9155422862017448
3,Torino,22,0.6891414172073327,-0.46060944,0.8973380563608091
3,Torino,33,0.0,-4.8346686,0.5195812486392577
3,Torino,44,0.0,-1.8728884,0.6963925697583427
3,Torino,55,0.639888566124802,1.3305086,0.9213161634984032
3,Torino,66,0.0,-3.1535795,0.5919234915582663
4,Fez,11,0.0,-3.5562673,0.4639739424461742
4,Fez,22,0.7269722196383885,0.1445605,0.9439599099576772
4,Fez,33,0.7033027840579859,-0.8892598,0.8982297868190602
4,Fez,44,0.8009015689971918,1.2120305,0.9558048304510356
4,Fez,55,0.0,-2.2896383,0.5865772145557602
4,Fez,66,0.8537009741014914,2.4603286,0.9658538323807756
4,Sherbrooke,11,0.6090848999306594,-0.7819033,0.8777886134266293
4,Sherbrooke,22,0.5873494674727022,0.29291922,0.8902659732522694
4,Sherbrooke,33,0.6223778557894017,-1.775869,0.8330225179487336
4,Sherbrooke,44,0.7626122832937262,2.124595,0.9411838752380168
4,Sherbrooke,55,0.0,-4.792403,0.5523516926856927
4,Sherbrooke,66,0.8206011837513971,3.9215097,0.952322813506386
4,Torino,11,0.7575009850101803,-0.66919,0.9198136643716126
4,Torino,22,0.7094717625059098,-1.8414892,0.8982940152995788
4,Torino,33,0.0,-3.484342,0.4638379777655167
4,Torino,44,0.7312956556168578,0.18032022,0.9381809313487656
4,Torino,55,0.7623316191939437,0.95230347,0.9405776721293816
4,Torino,66,0.7840087458920835,1.7457428,0.9594788228193378
5,Fez,11,0.8786790688937622,0.68717873,0.9479073607452966
5,Fez,22,0.8786790688937622,0.68717873,0.9339846866577578
5,Fez,33,0.8786790688937622,0.68717873,0.9421723206119887
5,Fez,44,0.8419509509343471,-0.26056233,0.9370121780902816
5,Fez,55,0.8786790688937622,0.68717873,0.9376171593260542
5,Fez,66,0.8769986350116017,1.7349248,0.9414905022822924
5,Sherbrooke,11,0.0,-2.803158,0.293432303046514
5,Sherbrooke,22,0.7260914721021048,0.9757858,0.8441162072654533
5,Sherbrooke,33,0.669147534213453,0.49990484,0.8138018396597745
5,Sherbrooke,44,0.7260914721021048,0.9757858,0.8497075919085151
5,Sherbrooke,55,0.7527706727135176,2.380245,0.8750298871451679
5,Sherbrooke,66,0.7260914721021048,0.9757858,0.8375926594251943
5,Torino,11,0.5875779483023652,-1.1141244,0.8580872628573238
5,Torino,22,0.0,-3.061537,0.2959962396698145
5,Torino,33,0.6475029914608437,-2.7972186,0.8329690387394636
5,Torino,44,0.0,-3.061537,0.2815660808321495
5,Torino,55,0.0,-3.061537,0.2761773123979293
5,Torino,66,0.0,-4.247592,0.4923917537898651
6,Fez,11,0.7088260222591758,-1.1731253,0.9223981724421906
6,Fez,22,0.7556258932403572,-2.4866483,0.8662378888606793
6,Fez,33,0.8844169908025857,2.2678938,0.9539926681618928
6,Fez,44,0.8051592693190246,-0.0728526,0.930128869357112
6,Fez,55,0.8775420545929665,3.7283442,0.9595565926806296
6,Fez,66,0.8744651183799365,1.2303058,0.94280449693421
6,Sherbrooke,11,0.6669825098940277,1.2173878,0.8955001297907464
6,Sherbrooke,22,0.6095990282121216,-2.5406628,0.7598675428183707
6,Sherbrooke,33,0.6280171637316103,-0.11935223,0.8548010559212035
6,Sherbrooke,44,0.8086047162247446,2.8841743,0.917599769974187
6,Sherbrooke,55,0.6863512005723175,-1.2118129,0.8529140617223917
6,Sherbrooke,66,0.0,-4.7558627,0.3025547531612093
6,Torino,11,0.6967044217258829,-0.025238555,0.9167426695776968
6,Torino,22,0.7849938719496385,1.4928414,0.9245099097394772
6,Torino,33,0.6635526751083571,-1.7794758,0.8854620394547368
6,Torino,44,0.7666697266086889,2.8232183,0.9301986546310956
6,Torino,55,0.8070466959274718,0.68483233,0.924021634656805
6,Torino,66,0.8004465391952539,-0.64781445,0.9061870540706816
7,Fez,11,0.7280384020224846,0.40803495,0.921852658731018
7,Fez,22,0.5986222675400756,-0.74051857,0.889598702788583
7,Fez,33,0.7280384020224846,0.40803495,0.93398713354035
7,Fez,44,0.0,-2.589857,0.6640124558723345
7,Fez,55,0.7659116654695278,2.2661164,0.9420519369949352
7,Fez,66,0.7413275316484732,1.7067227,0.9417416602218248
7,Sherbrooke,11,0.0,-4.759863,0.5953001927465902
7,Sherbrooke,22,0.2942826663499426,-1.326943,0.7842659891184688
7,Sherbrooke,33,0.3183270891531965,-0.024031404,0.7881293593149945
7,Sherbrooke,44,0.3264881244976956,-2.7218895,0.7534055743958511
7,Sherbrooke,55,0.6093756479711571,2.9600847,0.8799701650789505
7,Sherbrooke,66,0.5811393632098989,1.5201585,0.8796431894631583
7,Torino,11,0.677386006282036,2.487685,0.9416503353488866
7,Torino,22,0.5865380444589555,-1.577378,0.8630755574190274
7,Torino,33,0.4552190749309054,-3.579359,0.8044068153747073
7,Torino,44,0.6309034568492787,-0.67443186,0.863781589917803
7,Torino,55,0.5972448079934104,0.16586755,0.9052282798600412
7,Torino,66,0.5996409469686843,1.0285268,0.913646165863762
8,Fez,11,0.0,-3.0627737,0.7107461802668114
8,Fez,22,0.8426069814747918,-0.0043535605,0.9731421296404672
8,Fez,33,0.8629313249809814,0.7792063,0.9753260226273104
8,Fez,44,0.7785231674856994,1.6790211,0.948594439315764
8,Fez,55,0.8753257432025042,1.526187,0.9801000964564206
8,Fez,66,0.8441019194909243,1.0620697,0.973394825633475
8,Sherbrooke,11,0.818388525371383,1.9766219,0.9635500219092128
8,Sherbrooke,22,0.4834840442421639,-1.4770632,0.94379164523523
8,Sherbrooke,33,0.7099685568503707,0.45006698,0.9385239400560712
8,Sherbrooke,44,0.7134235611235827,-1.0521886,0.9497812887423868
8,Sherbrooke,55,0.8008907691753384,1.6904724,0.9716193376438385
8,Sherbrooke,66,0.7016342492294309,0.4037736,0.9641640290491305
8,Torino,11,0.7849726229181961,0.5444745,0.9666877895399832
8,Torino,22,0.7370198332671407,0.061101604,0.9438634628050708
8,Torino,33,0.6796611424921687,-2.1873345,0.9421147092682683
8,Torino,44,0.706872482687563,-0.9547609,0.9541507678609767
8,Torino,55,0.7089394006818708,-0.8711441,0.9518738907843812
8,Torino,66,0.7815357262228876,-0.4818014,0.9605690527850428
9,Fez,11,0.0,-1.6582792,0.854797432121831
9,Fez,22,0.9095153779322998,3.3630962,0.9966328211878628
9,Fez,33,0.8830775167627436,2.1155884,0.991511702374979
9,Fez,44,0.8831037858892988,1.131433,0.9899013431368404
9,Fez,55,0.8937841577449658,0.031731825,0.9850093164619108
9,Fez,66,0.0,-3.0572674,0.526717565112583
9,Sherbrooke,11,0.799720153409692,2.631442,0.9922833675122966
9,Sherbrooke,22,0.7947634169393464,1.573456,0.9749638924185748
9,Sherbrooke,33,0.7199745812266983,0.58183193,0.972434040177576
9,Sherbrooke,44,0.6466619043087902,-1.2567925,0.942305951641185
9,Sherbrooke,55,0.6686832875327665,-2.8185573,0.929432767670492
9,Sherbrooke,66,0.7308681726217061,-0.1411567,0.9548646038166136
9,Torino,11,0.720408307531444,1.2707599,0.9817158057764342
9,Torino,22,0.7557326429624418,-0.60743934,0.9715429608008026
9,Torino,33,0.0,-5.0187473,0.8006774711171528
9,Torino,44,0.8294933515746699,0.5978968,0.9811165749766744
9,Torino,55,0.8420470395183981,2.4638445,0.986690423481418
9,Torino,66,0.7429517718124637,-1.6637268,0.9647377826721976
