circuit_id,seed,original_qubits,original_depth,backend,condition,drift,transpiled_depth,one_qubit_gates,two_qubit_gates,esp,fidelity,active_physical_qubits,avg_gate_error,max_gate_error,avg_readout_error,max_readout_error,avg_t1,min_t1,avg_t2,min_t2,residual,predicted_residual,predicted_fidelity
24,5024,4,20,Sherbrooke,normal,none,97,151,29,0.8235368851255197,0.978736267036016,4,0.0009238626833024,0.0063034804302026,0.0068359375,0.0078125,0.0002806395150267,0.0002392803354207,0.0002504101259421,6.337555301919867e-05,0.15519938191049631,0.14783852,0.9713754031490106
24,5024,4,20,Sherbrooke,readout_4x,measure q122: 0.007568 -> 0.030273,97,151,29,0.8046958198569655,0.9778672612822052,4,0.0009238626833024,0.0063034804302026,0.01251220703125,0.0302734375,0.0002806395150267,0.0002392803354207,0.0002504101259421,6.337555301919867e-05,0.17317144142523977,0.16455914,0.9692549606583952
24,5024,4,20,Sherbrooke,readout_8x,measure q122: 0.007568 -> 0.060547,97,151,29,0.7795743994988931,0.9809650193427344,4,0.0009238626833024,0.0063034804302026,0.02008056640625,0.060546875,0.0002806395150267,0.0002392803354207,0.0002504101259421,6.337555301919867e-05,0.20139061984384132,0.17913193,0.9587063246049417
24,5024,4,20,Sherbrooke,gate_4x,"ecr (123, 122): 0.004899 -> 0.019598",97,151,29,0.69918732592822,0.9686324022183204,4,0.0018220942781521,0.0195977802512667,0.0068359375,0.0078125,0.0002806395150267,0.0002392803354207,0.0002504101259421,6.337555301919867e-05,0.2694450762901004,0.25198746,0.9511747832036106
24,5024,4,20,Sherbrooke,combined_4x,"measure q122: 0.007568 -> 0.030273 | ecr (123, 122): 0.004899 -> 0.019598",97,151,29,0.683191158323958,0.9599500604992656,4,0.0018220942781521,0.0195977802512667,0.01251220703125,0.0302734375,0.0002806395150267,0.0002392803354207,0.0002504101259421,6.337555301919867e-05,0.2767589021753075,0.26580477,0.9489959259326006
24,5024,4,20,Torino,normal,none,83,100,26,0.8440669710563433,0.9864385623246256,4,0.001097786400004,0.0076595499534253,0.0076904296875,0.011962890625,0.0001236753781531,5.952743460143615e-05,0.0001468251847943,0.0001047242913442,0.14237159126828225,0.13833621,0.9824031824992907
24,5024,4,20,Torino,readout_4x,measure q36: 0.007080 -> 0.028320,83,100,26,0.8260109527426227,0.9810488019752068,4,0.001097786400004,0.0076595499534253,0.01300048828125,0.0283203125,0.0001236753781531,5.952743460143615e-05,0.0001468251847943,0.0001047242913442,0.15503784923258412,0.15172538,0.9777363343554004
24,5024,4,20,Torino,readout_8x,measure q36: 0.007080 -> 0.056641,83,100,26,0.8019362616576619,0.9808513861029144,4,0.001097786400004,0.0076595499534253,0.02008056640625,0.056640625,0.0001236753781531,5.952743460143615e-05,0.0001468251847943,0.0001047242913442,0.1789151244452526,0.16782747,0.969763733748383
24,5024,4,20,Torino,gate_4x,"cz (29, 28): 0.004394 -> 0.017574",83,100,26,0.7486607909472726,0.9640133942898322,4,0.0020392674181132,0.0175743123380391,0.0076904296875,0.011962890625,0.0001236753781531,5.952743460143615e-05,0.0001468251847943,0.0001047242913442,0.21535260334255968,0.21918975,0.9678505391152642
24,5024,4,20,Torino,combined_4x,"measure q36: 0.007080 -> 0.028320 | cz (29, 28): 0.004394 -> 0.017574",83,100,26,0.732645671986758,0.9593196779387808,4,0.0020392674181132,0.0175743123380391,0.01300048828125,0.0283203125,0.0001236753781531,5.952743460143615e-05,0.0001468251847943,0.0001047242913442,0.2266740059520228,0.22295882,0.9556044900647991
24,5024,4,20,Fez,normal,none,89,108,29,0.890790249455508,0.9906582322206376,4,0.0006966985286189,0.0033113559831042,0.0050048828125,0.006103515625,0.0001449415573459,9.562081555389064e-05,0.0001130949403026,9.144599425726836e-05,0.09986798276512965,0.095932946,0.9867231950646007
24,5024,4,20,Fez,readout_4x,measure q136: 0.004639 -> 0.018555,89,108,29,0.8783362283078592,0.9859511779225268,4,0.0006966985286189,0.0033113559831042,0.00848388671875,0.0185546875,0.0001449415573459,9.562081555389064e-05,0.0001130949403026,9.144599425726836e-05,0.10761494961466767,0.10829334,0.986629567917959
24,5024,4,20,Fez,readout_8x,measure q136: 0.004639 -> 0.037109,89,108,29,0.861730866777661,0.9897190767912794,4,0.0006966985286189,0.0033113559831042,0.01312255859375,0.037109375,0.0001449415573459,9.562081555389064e-05,0.0001130949403026,9.144599425726836e-05,0.12798821001361838,0.11885716,0.9805880269882704
24,5024,4,20,Fez,gate_4x,"cz (143, 136): 0.002434 -> 0.009737",89,108,29,0.8399375672267261,0.9889320303521014,4,0.0011231469360865,0.0097372386371763,0.0050048828125,0.006103515625,0.0001449415573459,9.562081555389064e-05,0.0001130949403026,9.144599425726836e-05,0.14899446312537534,0.13285823,0.97279579889043
24,5024,4,20,Fez,combined_4x,"measure q136: 0.004639 -> 0.018555 | cz (143, 136): 0.002434 -> 0.009737",89,108,29,0.8281945107312825,0.982259010555242,4,0.0011231469360865,0.0097372386371763,0.00848388671875,0.0185546875,0.0001449415573459,9.562081555389064e-05,0.0001130949403026,9.144599425726836e-05,0.15406449982395953,0.14531487,0.9735093829961445
25,5025,8,26,Sherbrooke,normal,none,205,501,102,0.4384458956701293,0.7814654905856909,8,0.0012021153675518,0.0079269231477749,0.0120849609375,0.017822265625,0.0002756566357,0.0001469928637936,0.000117238502138,2.419698915907556e-05,0.3430195949155616,0.33603993,0.7744858262521759
25,5025,8,26,Sherbrooke,readout_4x,measure q71: 0.017822 -> 0.071289,205,501,102,0.4145782220057599,0.7636386975406061,8,0.0012021153675518,0.0079269231477749,0.018768310546875,0.0712890625,0.0002756566357,0.0001469928637936,0.000117238502138,2.419698915907556e-05,0.3490604755348462,0.33415535,0.7487335729292981
25,5025,8,26,Sherbrooke,readout_8x,measure q71: 0.017822 -> 0.142578,205,501,102,0.3827546571199339,0.7877112279918698,8,0.0012021153675518,0.0079269231477749,0.027679443359375,0.142578125,0.0002756566357,0.0001469928637936,0.000117238502138,2.419698915907556e-05,0.4049565708719359,0.33384934,0.7166039977971952
25,5025,8,26,Sherbrooke,gate_4x,"ecr (71, 77): 0.006194 -> 0.024776",205,501,102,0.3366307766156487,0.7701192091818967,8,0.0016335416452162,0.0247761948030116,0.0120849609375,0.017822265625,0.0002756566357,0.0001469928637936,0.000117238502138,2.419698915907556e-05,0.43348843256624797,0.34806213,0.6846929044442467
25,5025,8,26,Sherbrooke,combined_4x,"measure q71: 0.017822 -> 0.071289 | ecr (71, 77): 0.006194 -> 0.024776",205,501,102,0.3183056112965269,0.7720848186686913,8,0.0016335416452162,0.0247761948030116,0.018768310546875,0.0712890625,0.0002756566357,0.0001469928637936,0.000117238502138,2.419698915907556e-05,0.4537792073721644,0.34573737,0.6640429791649504
25,5025,8,26,Torino,normal,none,176,322,102,0.4557396269109207,0.8208742024528886,8,0.0014367475427563,0.0076595499534253,0.021514892578125,0.05029296875,0.0001701881501018,5.952743460143615e-05,0.0001557518674863,0.0001047242913442,0.3651345755419679,0.3434439,0.7991835272576766
25,5025,8,26,Torino,readout_4x,measure q48: 0.040771 -> 0.163086,176,322,102,0.3976267348054558,0.7916904689704656,8,0.0014367475427563,0.0076595499534253,0.03680419921875,0.1630859375,0.0001701881501018,5.952743460143615e-05,0.0001557518674863,0.0001047242913442,0.3940637341650098,0.34667674,0.7443034718755395
25,5025,8,26,Torino,readout_8x,measure q48: 0.040771 -> 0.326172,176,322,102,0.3201428786648362,0.7809906212765136,8,0.0014367475427563,0.0076595499534253,0.05718994140625,0.326171875,0.0001701881501018,5.952743460143615e-05,0.0001557518674863,0.0001047242913442,0.46084774261167744,0.36035576,0.6804986432922928
25,5025,8,26,Torino,gate_4x,"cz (31, 30): 0.006940 -> 0.027759",176,322,102,0.4099290402995901,0.8013865720961693,8,0.0016822563742173,0.0277588652105216,0.021514892578125,0.05029296875,0.0001701881501018,5.952743460143615e-05,0.0001557518674863,0.0001047242913442,0.39145753179657916,0.35119894,0.7611279817687826
25,5025,8,26,Torino,combined_4x,"measure q48: 0.040771 -> 0.163086 | cz (31, 30): 0.006940 -> 0.027759",176,322,102,0.3576576101163134,0.8026409495734044,8,0.0016822563742173,0.0277588652105216,0.03680419921875,0.1630859375,0.0001701881501018,5.952743460143615e-05,0.0001557518674863,0.0001047242913442,0.44498333945709095,0.35433546,0.7119930672028765
25,5025,8,26,Fez,normal,none,194,345,114,0.6489085732986815,0.8840303303292247,8,0.0008118112353338,0.0033999583821837,0.00738525390625,0.013916015625,0.0001351347090083,9.562081555389064e-05,0.0001053144373646,2.723830561991519e-05,0.23512175703054328,0.2542086,0.9031171678593046
25,5025,8,26,Fez,readout_4x,measure q141: 0.004883 -> 0.019531,194,345,114,0.6393564353207813,0.866701454970841,8,0.0008118112353338,0.0033999583821837,0.00921630859375,0.01953125,0.0001351347090083,9.562081555389064e-05,0.0001053144373646,2.723830561991519e-05,0.2273450196500596,0.25540498,0.8947614143113362
25,5025,8,26,Fez,readout_8x,measure q141: 0.004883 -> 0.039062,194,345,114,0.626620251350248,0.8692176599520023,8,0.0008118112353338,0.0033999583821837,0.01165771484375,0.0390625,0.0001351347090083,9.562081555389064e-05,0.0001053144373646,2.723830561991519e-05,0.24259740860175427,0.25635913,0.8829793814943673
25,5025,8,26,Fez,gate_4x,"cz (136, 143): 0.002434 -> 0.009737",194,345,114,0.5643563898652972,0.8528214612940008,8,0.0011141111276645,0.0097372386371763,0.00738525390625,0.013916015625,0.0001351347090083,9.562081555389064e-05,0.0001053144373646,2.723830561991519e-05,0.2884650714287036,0.30585527,0.8702116640657367
25,5025,8,26,Fez,combined_4x,"measure q141: 0.004883 -> 0.019531 | cz (136, 143): 0.002434 -> 0.009737",194,345,114,0.5560488865797435,0.8366614462837634,8,0.0011141111276645,0.0097372386371763,0.00921630859375,0.01953125,0.0001351347090083,9.562081555389064e-05,0.0001053144373646,2.723830561991519e-05,0.2806125597040199,0.31172764,0.867776529592744
26,5026,4,19,Sherbrooke,normal,none,66,103,17,0.8698306866058101,0.9852608355986676,4,0.0007790333178678,0.0109347787995824,0.0113525390625,0.016845703125,0.0003411280121078,0.0001586839588384,0.0001411847204297,1.8737652324842997e-05,0.11543014899285753,0.11303311,0.9828637950190295
26,5026,4,19,Sherbrooke,readout_4x,measure q30: 0.006348 -> 0.025391,66,103,17,0.8531607127593105,0.9812647058264128,4,0.0007790333178678,0.0109347787995824,0.01611328125,0.025390625,0.0003411280121078,0.0001586839588384,0.0001411847204297,1.8737652324842997e-05,0.1281039930671023,0.12855606,0.9817167705700939
26,5026,4,19,Sherbrooke,readout_8x,measure q30: 0.006348 -> 0.050781,66,103,17,0.8309340809639778,0.9815531926715696,4,0.0007790333178678,0.0109347787995824,0.0224609375,0.05078125,0.0003411280121078,0.0001586839588384,0.0001411847204297,1.8737652324842997e-05,0.1506191117075918,0.14119492,0.9721290056761589
26,5026,4,19,Sherbrooke,gate_4x,"ecr (29, 30): 0.006250 -> 0.025001",66,103,17,0.8060155434903908,0.9847012620717446,4,0.0014040557050902,0.025000895488896,0.0113525390625,0.016845703125,0.0003411280121078,0.0001586839588384,0.0001411847204297,1.8737652324842997e-05,0.17868571858135374,0.17277883,0.9787943734226037
26,5026,4,19,Sherbrooke,combined_4x,"measure q30: 0.006348 -> 0.025391 | ecr (29, 30): 0.006250 -> 0.025001",66,103,17,0.7905685625586338,0.9807592306561284,4,0.0014040557050902,0.025000895488896,0.01611328125,0.025390625,0.0003411280121078,0.0001586839588384,0.0001411847204297,1.8737652324842997e-05,0.19019066809749452,0.18191819,0.9724867514881916
26,5026,4,19,Torino,normal,none,54,68,17,0.8917584204694593,0.9902051036826216,4,0.0007907394942912,0.0037462778074416,0.01171875,0.02294921875,0.000190437033242,0.0001545949399916,0.0001206180764936,2.7784766241489783e-05,0.0984466832131623,0.09150184,0.9832602599284017
26,5026,4,19,Torino,readout_4x,measure q92: 0.009033 -> 0.036133,54,68,17,0.8673718265615731,0.98633272547659,4,0.0007907394942912,0.0037462778074416,0.01849365234375,0.0361328125,0.000190437033242,0.0001545949399916,0.0001206180764936,2.7784766241489783e-05,0.11896089891501693,0.10749939,0.9748712174021035
26,5026,4,19,Torino,readout_8x,measure q92: 0.009033 -> 0.072266,54,68,17,0.8348563680177248,0.987967074664413,4,0.0007907394942912,0.0037462778074416,0.02752685546875,0.072265625,0.000190437033242,0.0001545949399916,0.0001206180764936,2.7784766241489783e-05,0.15311070664668824,0.13846487,0.9733212360864198
26,5026,4,19,Torino,gate_4x,"cz (80, 81): 0.003746 -> 0.014985",54,68,17,0.8143852946029358,0.99331210936951,4,0.0018485120516865,0.0149851112297667,0.01171875,0.02294921875,0.000190437033242,0.0001545949399916,0.0001206180764936,2.7784766241489783e-05,0.17892681476657413,0.15646857,0.9708538648353272
26,5026,4,19,Torino,combined_4x,"measure q92: 0.009033 -> 0.036133 | cz (80, 81): 0.003746 -> 0.014985",54,68,17,0.7921145954896258,0.9898142122234168,4,0.0018485120516865,0.0149851112297667,0.01849365234375,0.0361328125,0.000190437033242,0.0001545949399916,0.0001206180764936,2.7784766241489783e-05,0.197699616733791,0.17590967,0.9680242636967944
26,5026,4,19,Fez,normal,none,54,68,17,0.929098446118068,0.9939506177629804,4,0.0006282746473668,0.0033113559831042,0.0050048828125,0.006103515625,0.0001449415573459,9.562081555389064e-05,0.0001130949403026,9.144599425726836e-05,0.06485217164491242,0.06886025,0.9979586938492768
26,5026,4,19,Fez,readout_4x,measure q142: 0.006104 -> 0.024414,54,68,17,0.9119816729766148,0.993815116007156,4,0.0006282746473668,0.0033113559831042,0.00958251953125,0.0244140625,0.0001449415573459,9.562081555389064e-05,0.0001130949403026,9.144599425726836e-05,0.08183344303054119,0.07729435,0.989276022647025
26,5026,4,19,Fez,readout_8x,measure q142: 0.006104 -> 0.048828,54,68,17,0.889159308788011,0.9958091092424692,4,0.0006282746473668,0.0033113559831042,0.01568603515625,0.048828125,0.0001449415573459,9.562081555389064e-05,0.0001130949403026,9.144599425726836e-05,0.10664980045445827,0.08998365,0.9791429583398794
26,5026,4,19,Fez,gate_4x,"cz (143, 136): 0.002434 -> 0.009737",54,68,17,0.8760588578776533,0.9937296065100866,4,0.0013156091394027,0.0097372386371763,0.0050048828125,0.006103515625,0.0001449415573459,9.562081555389064e-05,0.0001130949403026,9.144599425726836e-05,0.11767074863243332,0.1165228,0.9925816543296987
26,5026,4,19,Fez,combined_4x,"measure q142: 0.006104 -> 0.024414 | cz (143, 136): 0.002434 -> 0.009737",54,68,17,0.8599192326404083,0.993834921333326,4,0.0013156091394027,0.0097372386371763,0.00958251953125,0.0244140625,0.0001449415573459,9.562081555389064e-05,0.0001130949403026,9.144599425726836e-05,0.1339156886929177,0.12813376,0.988052991542958
27,5027,7,14,Sherbrooke,normal,none,78,226,45,0.6900946818168235,0.8950686730817788,7,0.0010772685197141,0.0076184484314181,0.0110909598214285,0.021484375,0.0002692352010897,0.000209920648416,0.0002470509229693,1.565907859482999e-05,0.2049739912649553,0.21844417,0.908538850384481
27,5027,7,14,Sherbrooke,readout_4x,measure q123: 0.007812 -> 0.031250,78,226,45,0.6737932326400484,0.9063752604043098,7,0.0010772685197141,0.0076184484314181,0.0144391741071428,0.03125,0.0002692352010897,0.000209920648416,0.0002470509229693,1.565907859482999e-05,0.2325820277642614,0.22488877,0.8986820044124331
27,5027,7,14,Sherbrooke,readout_8x,measure q123: 0.007812 -> 0.062500,78,226,45,0.6520579670710147,0.8817100719295864,7,0.0010772685197141,0.0076184484314181,0.0189034598214285,0.0625,0.0002692352010897,0.000209920648416,0.0002470509229693,1.565907859482999e-05,0.22965210485857168,0.23631339,0.888371354822594
27,5027,7,14,Sherbrooke,gate_4x,"ecr (119, 120): 0.007618 -> 0.030474",78,226,45,0.6000589298335987,0.8625406801215909,7,0.001583290924753,0.0304737937256724,0.0110909598214285,0.021484375,0.0002692352010897,0.000209920648416,0.0002470509229693,1.565907859482999e-05,0.26248175028799225,0.27207428,0.8721332120029407
27,5027,7,14,Sherbrooke,combined_4x,"measure q123: 0.007812 -> 0.031250 | ecr (119, 120): 0.007618 -> 0.030474",78,226,45,0.5858843094438287,0.8925246546927622,7,0.001583290924753,0.0304737937256724,0.0144391741071428,0.03125,0.0002692352010897,0.000209920648416,0.0002470509229693,1.565907859482999e-05,0.30664034524893347,0.27609202,0.8619763321012232
27,5027,7,14,Torino,normal,none,79,135,36,0.7254672610425658,0.8936906314755765,7,0.0011896029432915,0.0076595499534253,0.0164969308035714,0.040771484375,0.0001604227318634,5.952743460143615e-05,0.0001435360230982,6.870523592058317e-05,0.16822337043301072,0.20518091,0.9306481742524809
27,5027,7,14,Torino,readout_4x,measure q29: 0.011963 -> 0.047852,79,135,36,0.6991159669053636,0.8907571410596873,7,0.0011896029432915,0.0076595499534253,0.0216238839285714,0.0478515625,0.0001604227318634,5.952743460143615e-05,0.0001435360230982,6.870523592058317e-05,0.1916411741543237,0.21410976,0.9132257304084382
27,5027,7,14,Torino,readout_8x,measure q29: 0.011963 -> 0.095703,79,135,36,0.6639809080557605,0.8753892323118971,7,0.0011896029432915,0.0076595499534253,0.0284598214285714,0.095703125,0.0001604227318634,5.952743460143615e-05,0.0001435360230982,6.870523592058317e-05,0.21140832425613665,0.24110988,0.9050907858805438
27,5027,7,14,Torino,gate_4x,"cz (27, 28): 0.006178 -> 0.024712",79,135,36,0.6986606886742462,0.9103201949737514,7,0.0014063756464782,0.0247120881632858,0.0164969308035714,0.040771484375,0.0001604227318634,5.952743460143615e-05,0.0001435360230982,6.870523592058317e-05,0.21165950629950514,0.22252649,0.9211871793625702
27,5027,7,14,Torino,combined_4x,"measure q29: 0.011963 -> 0.047852 | cz (27, 28): 0.006178 -> 0.024712",79,135,36,0.6732830950900817,0.8840847605642033,7,0.0014063756464782,0.0247120881632858,0.0216238839285714,0.0478515625,0.0001604227318634,5.952743460143615e-05,0.0001435360230982,6.870523592058317e-05,0.2108016654741216,0.24123035,0.9145134488031172
27,5027,7,14,Fez,normal,none,84,150,42,0.825003650088877,0.9510651290716629,7,0.0007660074817465,0.0040460063587621,0.0064174107142857,0.012451171875,0.0001395720382706,9.562081555389064e-05,9.966039233734265e-05,4.917429322867596e-05,0.12606147898278586,0.111309715,0.936313364704222
27,5027,7,14,Fez,readout_4x,measure q143: 0.004395 -> 0.017578,84,150,42,0.8140791289744091,0.942523235338589,7,0.0007660074817465,0.0040460063587621,0.00830078125,0.017578125,0.0001395720382706,9.562081555389064e-05,9.966039233734265e-05,4.917429322867596e-05,0.1284441063641798,0.12752946,0.9416085861859036
27,5027,7,14,Fez,readout_8x,measure q143: 0.004395 -> 0.035156,84,150,42,0.7995131008217856,0.9432042767830404,7,0.0007660074817465,0.0040460063587621,0.0108119419642857,0.03515625,0.0001395720382706,9.562081555389064e-05,9.966039233734265e-05,4.917429322867596e-05,0.1436911759612548,0.13238338,0.9318964771817252
27,5027,7,14,Fez,gate_4x,"cz (125, 124): 0.002396 -> 0.009585",84,150,42,0.8131569663608684,0.935962699254989,7,0.0008408873963526,0.0095846290695804,0.0064174107142857,0.012451171875,0.0001395720382706,9.562081555389064e-05,9.966039233734265e-05,4.917429322867596e-05,0.12280573289412056,0.12842122,0.9415781835640087
27,5027,7,14,Fez,combined_4x,"measure q143: 0.004395 -> 0.017578 | cz (125, 124): 0.002396 -> 0.009585",84,150,42,0.802389316487527,0.9292652975576732,7,0.0008408873963526,0.0095846290695804,0.00830078125,0.017578125,0.0001395720382706,9.562081555389064e-05,9.966039233734265e-05,4.917429322867596e-05,0.1268759810701462,0.13288127,0.9352705853464366
28,5028,7,21,Sherbrooke,normal,none,120,250,45,0.6720211139916885,0.8930002703501762,7,0.0010655014574626,0.0093561781062957,0.0116489955357142,0.02587890625,0.0002811717027428,0.0001631063682298,0.0001895583505216,2.7133052989838604e-05,0.22097915635848764,0.24196662,0.9139877340793121
28,5028,7,21,Sherbrooke,readout_4x,measure q106: 0.012451 -> 0.049805,120,250,45,0.646602268394475,0.9094691120655732,7,0.0010655014574626,0.0093561781062957,0.0169852120535714,0.0498046875,0.0002811717027428,0.0001631063682298,0.0001895583505216,2.7133052989838604e-05,0.26286684367109825,0.26541573,0.9120179964866686
28,5028,7,21,Sherbrooke,readout_8x,measure q106: 0.012451 -> 0.099609,120,250,45,0.612710474264857,0.8893600538145974,7,0.0010655014574626,0.0093561781062957,0.0241001674107142,0.099609375,0.0002811717027428,0.0001631063682298,0.0001895583505216,2.7133052989838604e-05,0.27664957954974034,0.2739278,0.8866382820727794
28,5028,7,21,Sherbrooke,gate_4x,"ecr (104, 103): 0.004719 -> 0.018878",120,250,45,0.5907187650008281,0.9004728164517778,7,0.0014974543316718,0.018877940428398,0.0116489955357142,0.02587890625,0.0002811717027428,0.0001631063682298,0.0001895583505216,2.7133052989838604e-05,0.3097540514509497,0.30389512,0.894613880853184
28,5028,7,21,Sherbrooke,combined_4x,"measure q106: 0.012451 -> 0.049805 | ecr (104, 103): 0.004719 -> 0.018878",120,250,45,0.5683751380428238,0.8906404499553568,7,0.0014974543316718,0.018877940428398,0.0169852120535714,0.0498046875,0.0002811717027428,0.0001631063682298,0.0001895583505216,2.7133052989838604e-05,0.32226531191253305,0.32202795,0.8904030895217819
28,5028,7,21,Torino,normal,none,112,175,51,0.7346234914651032,0.9384428076707942,8,0.000867491644843,0.0040510160588396,0.0158342633928571,0.033935546875,0.0002049385628996,0.0001545949399916,0.0001151470971883,2.7784766241489783e-05,0.20381931620569105,0.19199991,0.9266234037270661
28,5028,7,21,Torino,readout_4x,measure q99: 0.009521 -> 0.038086,112,175,51,0.7134376525443694,0.9241445241399628,8,0.000867491644843,0.0040510160588396,0.0199148995535714,0.0380859375,0.0002049385628996,0.0001545949399916,0.0001151470971883,2.7784766241489783e-05,0.21070687159559343,0.20363955,0.9170772045415542
28,5028,7,21,Torino,readout_8x,measure q99: 0.009521 -> 0.076172,112,175,51,0.6851898673167244,0.9273508990465352,8,0.000867491644843,0.0040510160588396,0.0253557477678571,0.076171875,0.0002049385628996,0.0001545949399916,0.0001151470971883,2.7784766241489783e-05,0.24216103172981085,0.23780015,0.9229900184264198
28,5028,7,21,Torino,gate_4x,"cz (81, 80): 0.003746 -> 0.014985",112,175,51,0.7181422663535726,0.91917437138926,8,0.0009669503476954,0.0149851112297667,0.0158342633928571,0.033935546875,0.0002049385628996,0.0001545949399916,0.0001151470971883,2.7784766241489783e-05,0.20103210503568736,0.20721163,0.9253538949098241
28,5028,7,21,Torino,combined_4x,"measure q99: 0.009521 -> 0.038086 | cz (81, 80): 0.003746 -> 0.014985",112,175,51,0.6974317302028779,0.9362600519737404,8,0.0009669503476954,0.0149851112297667,0.0199148995535714,0.0380859375,0.0002049385628996,0.0001545949399916,0.0001151470971883,2.7784766241489783e-05,0.23882832177086255,0.22233944,0.9197711666147355
28,5028,7,21,Fez,normal,none,89,162,45,0.8235156009060933,0.9536114135565598,7,0.0007346798630804,0.0033999583821837,0.0059640066964285,0.0107421875,0.0001333726439916,9.562081555389064e-05,0.0001114349571747,9.144599425726836e-05,0.13009581265046644,0.11294117,0.9364567691547467
28,5028,7,21,Fez,readout_4x,measure q143: 0.004395 -> 0.017578,89,162,45,0.8126107842192545,0.9469016998832492,7,0.0007346798630804,0.0033999583821837,0.0078473772321428,0.017578125,0.0001333726439916,9.562081555389064e-05,0.0001114349571747,9.144599425726836e-05,0.13429091566399476,0.1276519,0.9402626842722788
28,5028,7,21,Fez,readout_8x,measure q143: 0.004395 -> 0.035156,89,162,45,0.7980710286368025,0.9416827311265474,7,0.0007346798630804,0.0033999583821837,0.0103585379464285,0.03515625,0.0001333726439916,9.562081555389064e-05,0.0001114349571747,9.144599425726836e-05,0.14361170248974497,0.1339408,0.9320118296612394
28,5028,7,21,Fez,gate_4x,"cz (124, 123): 0.003249 -> 0.012997",89,162,45,0.8074867287136783,0.9431914060582892,7,0.000828863658369,0.0129973637498288,0.0059640066964285,0.0107421875,0.0001333726439916,9.562081555389064e-05,0.0001114349571747,9.144599425726836e-05,0.1357046773446109,0.13356958,0.9410563120104541
28,5028,7,21,Fez,combined_4x,"measure q143: 0.004395 -> 0.017578 | cz (124, 123): 0.003249 -> 0.012997",89,162,45,0.7967941629092302,0.9414543578021162,7,0.000828863658369,0.0129973637498288,0.0078473772321428,0.017578125,0.0001333726439916,9.562081555389064e-05,0.0001114349571747,9.144599425726836e-05,0.14466019489288595,0.13804686,0.9348410236041155
29,5029,6,14,Sherbrooke,normal,none,57,112,19,0.8185817190645788,0.9562708951101926,6,0.001033787910765,0.0078509866247253,0.0106608072916666,0.015625,0.0002431170760399,0.0001325295323086,0.0002259313317361,7.063221921579745e-05,0.13768917604561381,0.13407648,0.9526581951616857
29,5029,6,14,Sherbrooke,readout_4x,measure q118: 0.012451 -> 0.049805,57,112,19,0.7876192955746207,0.9403450179435662,6,0.001033787910765,0.0078509866247253,0.0168863932291666,0.0498046875,0.0002431170760399,0.0001325295323086,0.0002259313317361,7.063221921579745e-05,0.15272572236894544,0.15858354,0.9462028323187385
29,5029,6,14,Sherbrooke,readout_8x,measure q118: 0.012451 -> 0.099609,57,112,19,0.7463360642546766,0.952139710517544,6,0.001033787910765,0.0078509866247253,0.0251871744791666,0.099609375,0.0002431170760399,0.0001325295323086,0.0002259313317361,7.063221921579745e-05,0.2058036462628674,0.19201401,0.9383500730151288
29,5029,6,14,Sherbrooke,gate_4x,"ecr (119, 118): 0.006482 -> 0.025927",57,112,19,0.7415508845612885,0.9346559264734594,6,0.0017759622409631,0.0259266232682509,0.0106608072916666,0.015625,0.0002431170760399,0.0001325295323086,0.0002259313317361,7.063221921579745e-05,0.19310504191217093,0.19952641,0.9410772988364579
29,5029,6,14,Sherbrooke,combined_4x,"measure q118: 0.012451 -> 0.049805 | ecr (119, 118): 0.006482 -> 0.025927",57,112,19,0.7135021119190446,0.9276717615857396,6,0.0017759622409631,0.0259266232682509,0.0168863932291666,0.0498046875,0.0002431170760399,0.0001325295323086,0.0002259313317361,7.063221921579745e-05,0.21416964966669505,0.2122322,0.9257343142105332
29,5029,6,14,Torino,normal,none,45,78,22,0.8064990011114953,0.9554324197059948,6,0.0012846651928513,0.0071495508286375,0.0142415364583333,0.030517578125,0.0001614949655751,5.952743460143615e-05,0.0001188339375348,3.136320201800166e-05,0.1489334185944995,0.15055972,0.9570587244887231
29,5029,6,14,Torino,readout_4x,measure q29: 0.011963 -> 0.047852,45,78,22,0.7772043746812038,0.94901339006632,6,0.0012846651928513,0.0071495508286375,0.0202229817708333,0.0478515625,0.0001614949655751,5.952743460143615e-05,0.0001188339375348,3.136320201800166e-05,0.17180901538511617,0.16304919,0.9402535659176998
29,5029,6,14,Torino,readout_8x,measure q29: 0.011963 -> 0.095703,45,78,22,0.7381448727741485,0.935569819270095,6,0.0012846651928513,0.0071495508286375,0.0281982421875,0.095703125,0.0001614949655751,5.952743460143615e-05,0.0001188339375348,3.136320201800166e-05,0.19742494649594644,0.19732593,0.9354708027735
29,5029,6,14,Torino,gate_4x,"cz (36, 29): 0.003858 -> 0.015432",45,78,22,0.7878668070105799,0.937457331122964,6,0.0015161442832001,0.0154319393565831,0.0142415364583333,0.030517578125,0.0001614949655751,5.952743460143615e-05,0.0001188339375348,3.136320201800166e-05,0.14959052411238416,0.1580233,0.9458901047972925
29,5029,6,14,Torino,combined_4x,"measure q29: 0.011963 -> 0.047852 | cz (36, 29): 0.003858 -> 0.015432",45,78,22,0.7592489615372527,0.9369835017836728,6,0.0015161442832001,0.0154319393565831,0.0202229817708333,0.0478515625,0.0001614949655751,5.952743460143615e-05,0.0001188339375348,3.136320201800166e-05,0.1777345402464201,0.18020627,0.9394552305630554
29,5029,6,14,Fez,normal,none,45,73,19,0.904606533714465,0.9696142620657582,6,0.0007347768281171,0.0040460063587621,0.0054117838541666,0.00634765625,0.0001352017986214,9.562081555389064e-05,0.0001080747421887,7.152777106683473e-05,0.0650077283512932,0.07845139,0.9830579212986744
29,5029,6,14,Fez,readout_4x,measure q143: 0.004395 -> 0.017578,45,73,19,0.8926279283146168,0.9648550912117426,6,0.0007347768281171,0.0040460063587621,0.0076090494791666,0.017578125,0.0001352017986214,9.562081555389064e-05,0.0001080747421887,7.152777106683473e-05,0.07222716289712583,0.0875381,0.9801660290936733
29,5029,6,14,Fez,readout_8x,measure q143: 0.004395 -> 0.035156,45,73,19,0.8766564544481524,0.966599173769822,6,0.0007347768281171,0.0040460063587621,0.0105387369791666,0.03515625,0.0001352017986214,9.562081555389064e-05,0.0001080747421887,7.152777106683473e-05,0.08994271932166953,0.099348746,0.9760052006882914
29,5029,6,14,Fez,gate_4x,"cz (142, 143): 0.003311 -> 0.013245",45,73,19,0.8866638418548664,0.9645621659179184,6,0.0009507348270152,0.0132454239324169,0.0054117838541666,0.00634765625,0.0001352017986214,9.562081555389064e-05,0.0001080747421887,7.152777106683473e-05,0.07789832406305208,0.091047026,0.9777108680718501
29,5029,6,14,Fez,combined_4x,"measure q143: 0.004395 -> 0.017578 | cz (142, 143): 0.003311 -> 0.013245",45,73,19,0.8749228297263321,0.9681057476022,6,0.0009507348270152,0.0132454239324169,0.0076090494791666,0.017578125,0.0001352017986214,9.562081555389064e-05,0.0001080747421887,7.152777106683473e-05,0.09318291787586797,0.09988971,0.9748125402718719
