circuit_id,condition,oracle_backend,oracle_fidelity,esp_backend,esp_score,esp_actual_fidelity,esp_correct,fidelity_regret
0,combined_4x,Fez,0.9656398529239292,Fez,0.8696126906003562,0.9656398529239292,True,0.0
0,gate_4x,Fez,0.9619812095601804,Fez,0.8866041209277177,0.9619812095601804,True,0.0
0,normal,Fez,0.9615452340674594,Fez,0.9050347894057996,0.9615452340674594,True,0.0
0,readout_4x,Fez,0.9651875127105976,Fez,0.8876901423361063,0.9651875127105976,True,0.0
0,readout_8x,Fez,0.964151391440814,Fez,0.8645639462431817,0.964151391440814,True,0.0
1,combined_4x,Fez,0.9751769283961768,Fez,0.8669114144378293,0.9751769283961768,True,0.0
1,gate_4x,Fez,0.9847682802654258,Fez,0.8831822743184192,0.9847682802654258,True,0.0
1,normal,Fez,0.9853202183638042,Fez,0.9210363925345716,0.9853202183638042,True,0.0
1,readout_4x,Fez,0.9838368977691896,Fez,0.9040681465409354,0.9838368977691896,True,0.0
1,readout_8x,Fez,0.9639027966479268,Fez,0.8814438185494204,0.9639027966479268,True,0.0
2,combined_4x,Fez,0.960694554972948,Fez,0.827361991552798,0.960694554972948,True,0.0
2,gate_4x,Fez,0.9486769009338222,Fez,0.8397229774823719,0.9486769009338222,True,0.0
2,normal,Fez,0.95375158694955,Fez,0.8480164089687041,0.95375158694955,True,0.0
2,readout_4x,Fez,0.9503970919473184,Fez,0.8355333411232375,0.9503970919473184,True,0.0
2,readout_8x,Fez,0.955743220658708,Fez,0.8188892506626151,0.955743220658708,True,0.0
3,combined_4x,Fez,0.9853090852178762,Fez,0.8832386517102577,0.9853090852178762,True,0.0
3,gate_4x,Fez,0.9861931602611288,Fez,0.8957621848315227,0.9861931602611288,True,0.0
3,normal,Fez,0.9851837963243164,Fez,0.9047801946045334,0.9851837963243164,True,0.0
3,readout_4x,Fez,0.9879156111837544,Fez,0.8921305818764348,0.9879156111837544,True,0.0
3,readout_8x,Fez,0.9882819969854946,Fez,0.875264431572303,0.9882819969854946,True,0.0
4,combined_4x,Fez,0.9686244854733654,Fez,0.9117971123717806,0.9686244854733654,True,0.0
4,gate_4x,Fez,0.9830646325084256,Fez,0.925419579190084,0.9830646325084256,True,0.0
4,normal,Fez,0.9926382716386604,Fez,0.953021959957802,0.9926382716386604,True,0.0
4,readout_4x,Fez,0.9787612336486792,Fez,0.9389931774265292,0.9787612336486792,True,0.0
4,readout_8x,Fez,0.9512647967534388,Fez,0.9202881340514988,0.9512647967534388,True,0.0
5,combined_4x,Fez,0.9163268698993922,Fez,0.8313931170029232,0.9163268698993922,True,0.0
5,gate_4x,Fez,0.9202595231645152,Fez,0.846997342171897,0.9202595231645152,True,0.0
5,normal,Fez,0.9234549544357716,Fez,0.8545145841893335,0.9234549544357716,True,0.0
5,readout_4x,Fez,0.9094904542069664,Fez,0.8387718689316082,0.9094904542069664,True,0.0
5,readout_8x,Torino,0.916548628892388,Fez,0.8177815819213076,0.91481260222271,False,0.0017360266696779814
6,combined_4x,Fez,0.9642261776863064,Fez,0.8114089364744504,0.9642261776863064,True,0.0
6,gate_4x,Fez,0.97710118614621,Fez,0.8222976249857875,0.97710118614621,True,0.0
6,normal,Fez,0.9733155126840544,Fez,0.8531104423941962,0.9733155126840544,True,0.0
6,readout_4x,Fez,0.9716038960775998,Fez,0.8418137371736747,0.9716038960775998,True,0.0
6,readout_8x,Fez,0.9664622589581828,Fez,0.8267514635463126,0.9664622589581828,True,0.0
7,combined_4x,Fez,0.9578114657443626,Fez,0.7349555937277499,0.9578114657443626,True,0.0
7,gate_4x,Fez,0.9727703339796846,Fez,0.7453766058776209,0.9727703339796846,True,0.0
7,normal,Fez,0.9659955626885376,Fez,0.7905042453099335,0.9659955626885376,True,0.0
7,readout_4x,Fez,0.9671870714332848,Fez,0.7794523095771235,0.9671870714332848,True,0.0
7,readout_8x,Fez,0.9547529463277096,Fez,0.7647163952667103,0.9547529463277096,True,0.0
8,combined_4x,Fez,0.920450070120368,Fez,0.7595611612134686,0.920450070120368,True,0.0
8,gate_4x,Fez,0.9389174295495368,Fez,0.7703310582754506,0.9389174295495368,True,0.0
8,normal,Fez,0.9417003476905186,Fez,0.8229944619492545,0.9417003476905186,True,0.0
8,readout_4x,Fez,0.9367832333420694,Fez,0.8114882847770428,0.9367832333420694,True,0.0
8,readout_8x,Fez,0.932688472646724,Fez,0.7961467152140937,0.932688472646724,True,0.0
9,combined_4x,Fez,0.9771319657104102,Fez,0.8662313509021995,0.9771319657104102,True,0.0
9,gate_4x,Fez,0.981502892390338,Fez,0.8785137357284246,0.981502892390338,True,0.0
9,normal,Fez,0.98739845872579,Fez,0.9144290194719166,0.98739845872579,True,0.0
9,readout_4x,Fez,0.9766629137242672,Fez,0.901644507794237,0.9766629137242672,True,0.0
9,readout_8x,Fez,0.9708663925223536,Fez,0.8845984922239977,0.9708663925223536,True,0.0
10,combined_4x,Fez,0.977884397005952,Fez,0.8561214465403569,0.977884397005952,True,0.0
10,gate_4x,Fez,0.9722791657068496,Fez,0.8676101538249441,0.9722791657068496,True,0.0
10,normal,Fez,0.9846774179668338,Fez,0.900077502000589,0.9846774179668338,True,0.0
10,readout_4x,Fez,0.9831992815544058,Fez,0.8881588690658093,0.9831992815544058,True,0.0
10,readout_8x,Fez,0.982374957004128,Fez,0.872267358486103,0.982374957004128,True,0.0
11,combined_4x,Fez,0.9947112150197548,Fez,0.848600865050593,0.9947112150197548,True,0.0
11,gate_4x,Fez,0.9891429552761823,Fez,0.8645280584637046,0.9891429552761823,True,0.0
11,normal,Fez,0.9910013848022682,Fez,0.8910135755757659,0.9910013848022682,True,0.0
11,readout_4x,Fez,0.9964982145904618,Fez,0.8745984396955933,0.9964982145904618,True,0.0
11,readout_8x,Fez,0.991091511490272,Fez,0.852711591855363,0.991091511490272,True,0.0
12,combined_4x,Fez,0.9852239555522904,Fez,0.8368788109315151,0.9852239555522904,True,0.0
12,gate_4x,Fez,0.9824239307913668,Fez,0.8481092919927232,0.9824239307913668,True,0.0
12,normal,Fez,0.9785839725229892,Fez,0.86221351278114,0.9785839725229892,True,0.0
12,readout_4x,Fez,0.9811711986989544,Fez,0.850796266657996,0.9811711986989544,True,0.0
12,readout_8x,Fez,0.9832384217621086,Fez,0.8355732718271369,0.9832384217621086,True,0.0
13,combined_4x,Fez,0.9757046862623072,Fez,0.860553966044302,0.9757046862623072,True,0.0
13,gate_4x,Fez,0.9795432183741128,Fez,0.8721021554494693,0.9795432183741128,True,0.0
13,normal,Fez,0.9844178609744448,Fez,0.8785336808497991,0.9844178609744448,True,0.0
13,readout_4x,Fez,0.9774759192929976,Fez,0.8669003265668443,0.9774759192929976,True,0.0
13,readout_8x,Fez,0.9821999097416532,Fez,0.8513891875229048,0.9821999097416532,True,0.0
14,combined_4x,Fez,0.9759303987159682,Fez,0.8121570019167705,0.9759303987159682,True,0.0
14,gate_4x,Fez,0.9555511730689858,Fez,0.8280258010524191,0.9555511730689858,True,0.0
14,normal,Fez,0.9717796560192284,Fez,0.8528026201377931,0.9717796560192284,True,0.0
14,readout_4x,Fez,0.9723355763563156,Fez,0.8364589827002628,0.9723355763563156,True,0.0
14,readout_8x,Fez,0.9557148184158514,Fez,0.8146674661168891,0.9557148184158514,True,0.0
15,combined_4x,Fez,0.9064379013553944,Fez,0.7568925310451073,0.9064379013553944,True,0.0
15,gate_4x,Fez,0.8862110823890712,Fez,0.7676245893211201,0.8862110823890712,True,0.0
15,normal,Fez,0.8947986186537878,Fez,0.814250794638105,0.8947986186537878,True,0.0
15,readout_4x,Fez,0.9151004983517532,Fez,0.8028668615269029,0.9151004983517532,True,0.0
15,readout_8x,Fez,0.905089775750416,Fez,0.7876882840452996,0.905089775750416,True,0.0
16,combined_4x,Fez,0.9364193088370472,Fez,0.7431031354851657,0.9364193088370472,True,0.0
16,gate_4x,Fez,0.9392628120338106,Fez,0.7530751954544,0.9392628120338106,True,0.0
16,normal,Fez,0.934212947211958,Fez,0.7766791299795112,0.934212947211958,True,0.0
16,readout_4x,Fez,0.9360123240648116,Fez,0.7663945117796844,0.9360123240648116,True,0.0
16,readout_8x,Fez,0.9226914603632896,Fez,0.7526816875132487,0.9226914603632896,True,0.0
17,combined_4x,Fez,0.9763483862187312,Fez,0.9350441994598,0.9763483862187312,True,0.0
17,gate_4x,Fez,0.9778271483416208,Fez,0.947592009293505,0.9778271483416208,True,0.0
17,normal,Fez,0.9812127729578772,Fez,0.9616200324349694,0.9812127729578772,True,0.0
17,readout_4x,Fez,0.9783371172340428,Fez,0.9488864665322012,0.9783371172340428,True,0.0
17,readout_8x,Fez,0.9799563149342622,Fez,0.931908378661844,0.9799563149342622,True,0.0
18,combined_4x,Fez,0.9497181196137242,Fez,0.8301944467836424,0.9497181196137242,True,0.0
18,gate_4x,Fez,0.9530148812555954,Fez,0.841965860581321,0.9530148812555954,True,0.0
18,normal,Fez,0.9735970746630164,Fez,0.8670790771155162,0.9735970746630164,True,0.0
18,readout_4x,Fez,0.9676554328084986,Fez,0.8549565587452478,0.9676554328084986,True,0.0
18,readout_8x,Fez,0.9529960022039056,Fez,0.8387932009182234,0.9529960022039056,True,0.0
19,combined_4x,Torino,0.9699234922347132,Fez,0.7677793311079686,0.9682671784364412,False,0.0016563137982720244
19,gate_4x,Sherbrooke,0.976965771831521,Fez,0.7936331249105838,0.9754332739061132,False,0.001532497925407772
19,normal,Fez,0.9826093794777356,Fez,0.8827405151041421,0.9826093794777356,True,0.0
19,readout_4x,Fez,0.9760022667646062,Fez,0.8539839139210852,0.9760022667646062,True,0.0
19,readout_8x,Fez,0.9689833600028224,Fez,0.8156417790103423,0.9689833600028224,True,0.0
20,combined_4x,Fez,0.9392257575018896,Fez,0.8360157711656507,0.9392257575018896,True,0.0
20,gate_4x,Fez,0.9397252207404484,Fez,0.8523507486583664,0.9397252207404484,True,0.0
20,normal,Fez,0.9646938062339382,Fez,0.8700693602740323,0.9646938062339382,True,0.0
20,readout_4x,Fez,0.9574483079969917,Fez,0.8533948123375767,0.9574483079969917,True,0.0
20,readout_8x,Fez,0.9266402450198044,Fez,0.8311620817556357,0.9266402450198044,True,0.0
21,combined_4x,Fez,0.987914045513836,Fez,0.8887511844185776,0.987914045513836,True,0.0
21,gate_4x,Sherbrooke,0.9907886686272313,Fez,0.9061165632724476,0.9889429309526117,False,0.0018457376746195964
21,normal,Sherbrooke,0.9900725150986028,Fez,0.915486265476234,0.9831941334176376,False,0.006878381680965218
21,readout_4x,Fez,0.9876329475382656,Fez,0.8979413198479425,0.9876329475382656,True,0.0
21,readout_8x,Fez,0.9858512053282626,Fez,0.8745480590102206,0.9858512053282626,True,0.0
22,combined_4x,Fez,0.991078542079409,Fez,0.8921232907439548,0.991078542079409,True,0.0
22,gate_4x,Fez,0.9956441969023756,Fez,0.9095545574468676,0.9956441969023756,True,0.0
22,normal,Fez,0.996374486148807,Fez,0.9298265066804402,0.996374486148807,True,0.0
22,readout_4x,Fez,0.992955356736406,Fez,0.9120067357907412,0.992955356736406,True,0.0
22,readout_8x,Torino,0.9910715883470168,Fez,0.8882470412711428,0.9906173964623936,False,0.0004541918846232562
23,combined_4x,Fez,0.9816395306310682,Fez,0.8425360159513723,0.9816395306310682,True,0.0
23,gate_4x,Fez,0.9823394090758064,Fez,0.8583493796141233,0.9823394090758064,True,0.0
23,normal,Fez,0.9886495374601996,Fez,0.89221377553984,0.9886495374601996,True,0.0
23,readout_4x,Fez,0.990159754742594,Fez,0.8757765283854583,0.990159754742594,True,0.0
23,readout_8x,Fez,0.98250168240927,Fez,0.8538601988462826,0.98250168240927,True,0.0
24,combined_4x,Fez,0.982259010555242,Fez,0.8281945107312825,0.982259010555242,True,0.0
24,gate_4x,Fez,0.9889320303521014,Fez,0.8399375672267261,0.9889320303521014,True,0.0
24,normal,Fez,0.9906582322206376,Fez,0.890790249455508,0.9906582322206376,True,0.0
24,readout_4x,Fez,0.9859511779225268,Fez,0.8783362283078592,0.9859511779225268,True,0.0
24,readout_8x,Fez,0.9897190767912794,Fez,0.861730866777661,0.9897190767912794,True,0.0
25,combined_4x,Fez,0.8366614462837634,Fez,0.5560488865797435,0.8366614462837634,True,0.0
25,gate_4x,Fez,0.8528214612940008,Fez,0.5643563898652972,0.8528214612940008,True,0.0
25,normal,Fez,0.8840303303292247,Fez,0.6489085732986815,0.8840303303292247,True,0.0
25,readout_4x,Fez,0.866701454970841,Fez,0.6393564353207813,0.866701454970841,True,0.0
25,readout_8x,Fez,0.8692176599520023,Fez,0.626620251350248,0.8692176599520023,True,0.0
26,combined_4x,Fez,0.993834921333326,Fez,0.8599192326404083,0.993834921333326,True,0.0
26,gate_4x,Fez,0.9937296065100866,Fez,0.8760588578776533,0.9937296065100866,True,0.0
26,normal,Fez,0.9939506177629804,Fez,0.929098446118068,0.9939506177629804,True,0.0
26,readout_4x,Fez,0.993815116007156,Fez,0.9119816729766148,0.993815116007156,True,0.0
26,readout_8x,Fez,0.9958091092424692,Fez,0.889159308788011,0.9958091092424692,True,0.0
27,combined_4x,Fez,0.9292652975576732,Fez,0.802389316487527,0.9292652975576732,True,0.0
27,gate_4x,Fez,0.935962699254989,Fez,0.8131569663608684,0.935962699254989,True,0.0
27,normal,Fez,0.9510651290716629,Fez,0.825003650088877,0.9510651290716629,True,0.0
27,readout_4x,Fez,0.942523235338589,Fez,0.8140791289744091,0.942523235338589,True,0.0
27,readout_8x,Fez,0.9432042767830404,Fez,0.7995131008217856,0.9432042767830404,True,0.0
28,combined_4x,Fez,0.9414543578021162,Fez,0.7967941629092302,0.9414543578021162,True,0.0
28,gate_4x,Fez,0.9431914060582892,Fez,0.8074867287136783,0.9431914060582892,True,0.0
28,normal,Fez,0.9536114135565598,Fez,0.8235156009060933,0.9536114135565598,True,0.0
28,readout_4x,Fez,0.9469016998832492,Fez,0.8126107842192545,0.9469016998832492,True,0.0
28,readout_8x,Fez,0.9416827311265474,Fez,0.7980710286368025,0.9416827311265474,True,0.0
29,combined_4x,Fez,0.9681057476022,Fez,0.8749228297263321,0.9681057476022,True,0.0
29,gate_4x,Fez,0.9645621659179184,Fez,0.8866638418548664,0.9645621659179184,True,0.0
29,normal,Fez,0.9696142620657582,Fez,0.904606533714465,0.9696142620657582,True,0.0
29,readout_4x,Fez,0.9648550912117426,Fez,0.8926279283146168,0.9648550912117426,True,0.0
29,readout_8x,Fez,0.966599173769822,Fez,0.8766564544481524,0.966599173769822,True,0.0
