circuit_id,backend,candidate_seed,pairwise_score,esp,actual_fidelity
2,Fez,11,0.3144675,0.72354674081767,0.96049894506044
2,Fez,22,0.4328943,0.7448290743529371,0.9563954491810585
2,Fez,33,0.7536002,0.7991232485611035,0.972817880052882
2,Fez,44,0.114831194,0.5554067531957543,0.931959996858046
2,Fez,55,0.5995827,0.7661502800707094,0.960944318014811
2,Fez,66,0.80473155,0.7943409848183095,0.9694847237727326
2,Sherbrooke,11,0.02714618,0.0,0.6142085529586199
2,Sherbrooke,22,0.5729207,0.4457205761584165,0.8974550761994989
2,Sherbrooke,33,0.4740653,0.4234428644223921,0.8759621694911423
2,Sherbrooke,44,0.5683204,0.4095159051712264,0.8490522747285417
2,Sherbrooke,55,0.3625631,0.4195009799586171,0.8736459375773178
2,Sherbrooke,66,0.95686436,0.6057517167932183,0.9244810682746312
2,Torino,11,0.3411092,0.3041513725026339,0.8809070972992292
2,Torino,22,0.705614,0.5467431065101237,0.9096572914696516
2,Torino,33,0.034600273,0.0,0.7288547786436252
2,Torino,44,0.9526393,0.6743518781526842,0.9347171283527056
2,Torino,55,0.59735197,0.5404161558889551,0.914048948727257
2,Torino,66,0.36953464,0.3574098846104071,0.8957377680561756
5,Fez,11,0.48900014,0.8786790688937622,0.9479073607452966
5,Fez,22,0.48900014,0.8786790688937622,0.9339846866577578
5,Fez,33,0.48900014,0.8786790688937622,0.9421723206119887
5,Fez,44,0.42790017,0.8419509509343471,0.9370121780902816
5,Fez,55,0.48900014,0.8786790688937622,0.9376171593260542
5,Fez,66,0.687606,0.8769986350116017,0.9414905022822924
5,Sherbrooke,11,0.042135485,0.0,0.293432303046514
5,Sherbrooke,22,0.65792614,0.7260914721021048,0.8441162072654533
5,Sherbrooke,33,0.32245812,0.669147534213453,0.8138018396597745
5,Sherbrooke,44,0.6579262,0.7260914721021048,0.8497075919085151
5,Sherbrooke,55,0.6848643,0.7527706727135176,0.8750298871451679
5,Sherbrooke,66,0.6579262,0.7260914721021048,0.8375926594251943
5,Torino,11,0.8259615,0.5875779483023652,0.8580872628573238
5,Torino,22,0.29839218,0.0,0.2959962396698145
5,Torino,33,0.8964006,0.6475029914608437,0.8329690387394636
5,Torino,44,0.29839218,0.0,0.2815660808321495
5,Torino,55,0.29839218,0.0,0.2761773123979293
5,Torino,66,0.35534066,0.0,0.4923917537898651
8,Fez,11,0.0803478,0.0,0.7107461802668114
8,Fez,22,0.59560525,0.8426069814747918,0.9731421296404672
8,Fez,33,0.5927426,0.8629313249809814,0.9753260226273104
8,Fez,44,0.2964329,0.7785231674856994,0.948594439315764
8,Fez,55,0.7247636,0.8753257432025042,0.9801000964564206
8,Fez,66,0.71726906,0.8441019194909243,0.973394825633475
8,Sherbrooke,11,0.8938605,0.818388525371383,0.9635500219092128
8,Sherbrooke,22,0.0668248,0.4834840442421639,0.94379164523523
8,Sherbrooke,33,0.49045926,0.7099685568503707,0.9385239400560712
8,Sherbrooke,44,0.35730073,0.7134235611235827,0.9497812887423868
8,Sherbrooke,55,0.79921305,0.8008907691753384,0.9716193376438385
8,Sherbrooke,66,0.3993799,0.7016342492294309,0.9641640290491305
8,Torino,11,0.7914981,0.7849726229181961,0.9666877895399832
8,Torino,22,0.5417274,0.7370198332671407,0.9438634628050708
8,Torino,33,0.17078541,0.6796611424921687,0.9421147092682683
8,Torino,44,0.28638947,0.706872482687563,0.9541507678609767
8,Torino,55,0.39269194,0.7089394006818708,0.9518738907843812
8,Torino,66,0.7862958,0.7815357262228876,0.9605690527850428
