circuit_id,backend,oracle_candidate,oracle_fidelity,esp_candidate,esp_fidelity,pairwise_candidate,pairwise_fidelity,esp_correct,pairwise_correct,esp_regret,pairwise_regret
2,Fez,33,0.972817880052882,33,0.972817880052882,66,0.9694847237727326,True,False,0.0,0.0033331562801492964
2,Sherbrooke,66,0.9244810682746312,66,0.9244810682746312,66,0.9244810682746312,True,True,0.0,0.0
2,Torino,44,0.9347171283527056,44,0.9347171283527056,44,0.9347171283527056,True,True,0.0,0.0
5,Fez,11,0.9479073607452966,11,0.9479073607452966,66,0.9414905022822924,True,False,0.0,0.006416858463004216
5,Sherbrooke,55,0.8750298871451679,55,0.8750298871451679,55,0.8750298871451679,True,True,0.0,0.0
5,Torino,11,0.8580872628573238,33,0.8329690387394636,33,0.8329690387394636,False,False,0.025118224117860244,0.025118224117860244
8,Fez,55,0.9801000964564206,55,0.9801000964564206,55,0.9801000964564206,True,True,0.0,0.0
8,Sherbrooke,55,0.9716193376438385,11,0.9635500219092128,11,0.9635500219092128,False,False,0.00806931573462566,0.00806931573462566
8,Torino,11,0.9666877895399832,11,0.9666877895399832,11,0.9666877895399832,True,True,0.0,0.0
