circuit_id,day,predicted_backend,Fez_score,Sherbrooke_score,Torino_score,oracle_backend,oracle_fidelity,esp_backend,esp_selected_fidelity,pairwise_correct,esp_correct,ml_selected_fidelity,ml_regret,esp_regret,gap
30,0,Fez,1.8136144876480103,0.4149494171142578,0.7714360952377319,Fez,0.991465555407675,Fez,0.991465555407675,True,True,0.991465555407675,0.0,0.0,0.0006918063927295881
30,1,Fez,1.8839829564094543,1.0546427965164185,0.0613742470741272,Fez,0.9884713611552304,Fez,0.9884713611552304,True,True,0.9884713611552304,0.0,0.0,0.003572220153752026
30,2,Fez,1.9898267984390259,0.5169340372085571,0.493239164352417,Fez,0.9928694682165362,Fez,0.9928694682165362,True,True,0.9928694682165362,0.0,0.0,0.008035408439884595
30,3,Fez,1.9710176587104797,0.0892740786075592,0.9397082626819611,Fez,0.991731055012078,Fez,0.991731055012078,True,True,0.991731055012078,0.0,0.0,0.005765027153699642
30,4,Fez,1.6484323740005493,0.6267152726650238,0.7248523533344269,Fez,0.9911645313937454,Fez,0.9911645313937454,True,True,0.9911645313937454,0.0,0.0,0.0037119519766813935
30,5,Fez,1.9901206493377686,0.9718089699745178,0.03807038068771362,Fez,0.9935953852046118,Fez,0.9935953852046118,True,True,0.9935953852046118,0.0,0.0,0.008680805339480568
30,6,Fez,1.9918418526649475,0.2646751403808594,0.7434830069541931,Fez,0.988732638792118,Fez,0.988732638792118,True,True,0.988732638792118,0.0,0.0,0.007060797275593611
30,7,Fez,1.6255890130996704,0.020740315318107605,1.353670671582222,Torino,0.9900795763563942,Torino,0.9900795763563942,False,True,0.9873586843146815,0.0027208920417126636,0.0,0.0027208920417126636
31,0,Fez,1.8332664966583252,0.8283666968345642,0.3383668065071106,Fez,0.96084450440112,Fez,0.96084450440112,True,True,0.96084450440112,0.0,0.0,0.01789338917209804
31,1,Fez,1.7165119647979736,0.7042635679244995,0.5792244672775269,Fez,0.9404373748456186,Fez,0.9404373748456186,True,True,0.9404373748456186,0.0,0.0,0.030860114132484018
31,2,Fez,1.2190582156181335,1.1226561069488525,0.6582856774330139,Fez,0.9330856148228496,Fez,0.9330856148228496,True,True,0.9330856148228496,0.0,0.0,0.0006524029228961448
31,3,Fez,1.4803557991981506,0.5755687952041626,0.9440754055976868,Fez,0.9521819612753846,Fez,0.9521819612753846,True,True,0.9521819612753846,0.0,0.0,0.02834389796153114
31,4,Fez,1.253817617893219,0.7254735678434372,1.0207088142633438,Torino,0.9182982961803858,Sherbrooke,0.9110609669944736,False,False,0.9145097051422384,0.0037885910381474375,0.007237329185912245,0.0037885910381474375
31,5,Fez,1.7626818418502808,0.7853281497955322,0.451990008354187,Fez,0.9501113987788434,Fez,0.9501113987788434,True,True,0.9501113987788434,0.0,0.0,0.016251231275984268
31,6,Fez,1.9837998747825623,0.384467750787735,0.6317323744297028,Fez,0.937936116383402,Fez,0.937936116383402,True,True,0.937936116383402,0.0,0.0,0.07210971182393189
31,7,Fez,1.937229335308075,0.07791801542043686,0.9848526492714882,Fez,0.9604885734869536,Fez,0.9604885734869536,True,True,0.9604885734869536,0.0,0.0,0.030515917668124004
32,0,Fez,1.9944214820861816,0.030863959342241287,0.9747145585715771,Fez,0.9440379724434028,Fez,0.9440379724434028,True,True,0.9440379724434028,0.0,0.0,0.03777315407076798
32,1,Fez,1.9919884204864502,0.08034319430589676,0.927668385207653,Fez,0.9365708446053136,Fez,0.9365708446053136,True,True,0.9365708446053136,0.0,0.0,0.08003540110221907
32,2,Fez,1.9902798533439636,0.12215515971183777,0.8875649869441986,Fez,0.946190691260959,Fez,0.946190691260959,True,True,0.946190691260959,0.0,0.0,0.05105014481962189
32,3,Fez,1.9897215962409973,0.014340736903250217,0.9959376668557525,Fez,0.9355328196958176,Fez,0.9355328196958176,True,True,0.9355328196958176,0.0,0.0,0.01761260982603563
32,4,Fez,1.986519992351532,0.01637413166463375,0.9971058759838343,Fez,0.9425076390968972,Fez,0.9425076390968972,True,True,0.9425076390968972,0.0,0.0,0.03737018596445674
32,5,Fez,1.9688593745231628,0.043061744421720505,0.9880788810551167,Fez,0.9327432575758932,Fez,0.9327432575758932,True,True,0.9327432575758932,0.0,0.0,0.015432818474392374
32,6,Fez,1.9898113012313843,0.5853993892669678,0.42478930950164795,Fez,0.9360936976638632,Fez,0.9360936976638632,True,True,0.9360936976638632,0.0,0.0,0.035859027236440744
32,7,Fez,1.986615777015686,0.16605980694293976,0.8473244160413742,Fez,0.9388288046809684,Fez,0.9388288046809684,True,True,0.9388288046809684,0.0,0.0,0.06506189754179037
33,0,Fez,1.9200847744941711,0.7786350846290588,0.30128014087677,Torino,0.9686689384875,Fez,0.9560778970956688,False,False,0.9560778970956688,0.012591041391831204,0.012591041391831204,0.012591041391831204
33,1,Fez,1.9479122161865234,0.09192825108766556,0.960159532725811,Fez,0.9663801276012512,Fez,0.9663801276012512,True,True,0.9663801276012512,0.0,0.0,0.006278980730788031
33,2,Fez,1.9824774861335754,0.5989111065864563,0.41861140727996826,Fez,0.9666911032654476,Fez,0.9666911032654476,True,True,0.9666911032654476,0.0,0.0,0.0020886398328752165
33,3,Fez,1.985074758529663,0.33573827147483826,0.6791869699954987,Fez,0.9678029325063628,Fez,0.9678029325063628,True,True,0.9678029325063628,0.0,0.0,0.010535239132643204
33,4,Fez,1.8118170499801636,1.1664920449256897,0.02169090509414673,Fez,0.965370108746374,Fez,0.965370108746374,True,True,0.965370108746374,0.0,0.0,0.0040709298508500025
33,5,Fez,1.9829559326171875,0.24201977252960205,0.7750242948532104,Fez,0.9668852112033076,Fez,0.9668852112033076,True,True,0.9668852112033076,0.0,0.0,0.0024935275703552584
33,6,Fez,1.928723692893982,0.3417738974094391,0.729502409696579,Torino,0.965120593178185,Fez,0.9553688518052702,False,False,0.9553688518052702,0.00975174137291479,0.00975174137291479,0.00975174137291479
33,7,Fez,1.9916091561317444,0.7931856513023376,0.21520519256591797,Fez,0.9638568366779782,Fez,0.9638568366779782,True,True,0.9638568366779782,0.0,0.0,0.006476572912964551
34,0,Fez,1.9820427298545837,0.045797258615493774,0.9721600115299225,Fez,0.9046712350345428,Fez,0.9046712350345428,True,True,0.9046712350345428,0.0,0.0,0.02981844119410937
34,1,Fez,1.8077762126922607,0.07767576724290848,1.1145480200648308,Fez,0.8989213129060691,Fez,0.8989213129060691,True,True,0.8989213129060691,0.0,0.0,0.01443601832799446
34,2,Fez,1.9816851019859314,0.26141542196273804,0.7568994760513306,Fez,0.9060259855859206,Fez,0.9060259855859206,True,True,0.9060259855859206,0.0,0.0,0.03190828380148647
34,3,Fez,1.9860575795173645,0.028200000524520874,0.9857424199581146,Fez,0.9041364990080544,Fez,0.9041364990080544,True,True,0.9041364990080544,0.0,0.0,0.051511956961167504
34,4,Fez,1.9790377616882324,0.11176006495952606,0.9092021733522415,Fez,0.8888789010749033,Fez,0.8888789010749033,True,True,0.8888789010749033,0.0,0.0,0.028249458843460862
34,5,Fez,1.988829791545868,0.03830344416201115,0.9728667642921209,Fez,0.8964952172867297,Fez,0.8964952172867297,True,True,0.8964952172867297,0.0,0.0,0.061983715946315465
34,6,Fez,1.9493585228919983,0.8797760009765625,0.1708654761314392,Fez,0.8998562848435776,Fez,0.8998562848435776,True,True,0.8998562848435776,0.0,0.0,0.03968058082458581
34,7,Fez,1.9773297309875488,0.655791699886322,0.36687856912612915,Fez,0.8886271016717652,Fez,0.8886271016717652,True,True,0.8886271016717652,0.0,0.0,0.013855491945456322
35,0,Fez,1.7628916501998901,0.5830963551998138,0.654011994600296,Torino,0.9848718274894684,Fez,0.9797697230715158,False,False,0.9797697230715158,0.005102104417952669,0.005102104417952669,0.004208643098127629
35,1,Fez,1.9762288331985474,0.07191582024097443,0.9518553465604782,Torino,0.9840753395969442,Fez,0.9836728042489256,False,False,0.9836728042489256,0.0004025353480185956,0.0004025353480185956,0.0004025353480185956
35,2,Fez,1.9243890047073364,0.38412347435951233,0.6914875209331512,Fez,0.9879735699971616,Fez,0.9879735699971616,True,True,0.9879735699971616,0.0,0.0,0.002239838128225924
35,3,Fez,1.9140132069587708,0.6979096531867981,0.38807713985443115,Sherbrooke,0.9844121150421964,Fez,0.9739103654520828,False,False,0.9739103654520828,0.01050174959011363,0.01050174959011363,0.00038760562476536364
35,4,Fez,1.9247478246688843,0.9066058397293091,0.16864633560180664,Fez,0.9849994035052492,Fez,0.9849994035052492,True,True,0.9849994035052492,0.0,0.0,0.001903112475769797
35,5,Fez,1.7150183320045471,1.2342877388000488,0.05069392919540405,Fez,0.9808822893204516,Fez,0.9808822893204516,True,True,0.9808822893204516,0.0,0.0,0.00043752401519803197
35,6,Fez,1.9790086150169373,0.6455571055412292,0.3754342794418335,Torino,0.9811386853917488,Fez,0.9766924309968732,False,False,0.9766924309968732,0.0044462543948755595,0.0044462543948755595,0.0044462543948755595
35,7,Fez,1.8476797342300415,0.5661177337169647,0.5862025320529938,Torino,0.9835416987112968,Fez,0.972361741603234,False,False,0.972361741603234,0.011179957108062855,0.011179957108062855,0.011179957108062855
36,0,Fez,1.4349725246429443,1.2424367666244507,0.322590708732605,Fez,0.992138048285122,Fez,0.992138048285122,True,True,0.992138048285122,0.0,0.0,0.007193699945934329
36,1,Fez,1.5395998358726501,1.30515718460083,0.15524297952651978,Sherbrooke,0.987297401691577,Fez,0.9839845207133824,False,False,0.9839845207133824,0.003312880978194599,0.003312880978194599,0.003312880978194599
36,2,Sherbrooke,1.1990055590867996,1.3190879076719284,0.481906533241272,Fez,0.9928462323355054,Fez,0.9928462323355054,False,True,0.988712349811336,0.004133882524169352,0.0,0.004133882524169352
36,3,Fez,1.5570763945579529,1.1329954266548157,0.30992817878723145,Fez,0.9933984463413112,Fez,0.9933984463413112,True,True,0.9933984463413112,0.0,0.0,0.0009568060192765016
36,4,Sherbrooke,1.2515518963336945,1.443829983472824,0.30461812019348145,Fez,0.989036459828866,Fez,0.989036459828866,False,True,0.9877590850664943,0.0012773747623716636,0.0,0.0007343908347205996
36,5,Fez,1.8547604084014893,1.0295345187187195,0.11570507287979126,Sherbrooke,0.9870714141518888,Fez,0.9854523203415648,False,False,0.9854523203415648,0.0016190938103239905,0.0016190938103239905,0.0016190938103239905
36,6,Fez,1.8171231150627136,0.28533613681793213,0.8975407481193542,Fez,0.993096447567584,Fez,0.993096447567584,True,True,0.993096447567584,0.0,0.0,0.005812598535736013
36,7,Fez,1.5339796543121338,1.4496145248413086,0.016405820846557617,Fez,0.9885263528469004,Fez,0.9885263528469004,True,True,0.9885263528469004,0.0,0.0,0.0005342070436223922
37,0,Fez,1.819115400314331,0.05062619224190712,1.1302584074437618,Torino,0.995398672206416,Fez,0.9946815402620652,False,False,0.9946815402620652,0.0007171319443507462,0.0007171319443507462,0.0007171319443507462
37,1,Torino,0.9032048285007477,0.2676289230585098,1.8291662484407425,Torino,0.9972498847458356,Torino,0.9972498847458356,True,True,0.9972498847458356,0.0,0.0,0.0008863273952212092
37,2,Fez,1.8944171667099,0.28168925642967224,0.8238935768604279,Fez,0.9963311350410572,Fez,0.9963311350410572,True,True,0.9963311350410572,0.0,0.0,0.005128481038614963
37,3,Fez,1.9003077149391174,0.049821171909570694,1.0498711131513119,Fez,0.9942880223118128,Fez,0.9942880223118128,True,True,0.9942880223118128,0.0,0.0,0.0012723369272890084
37,4,Fez,1.9955706000328064,0.07111307233572006,0.9333163276314735,Fez,0.995924412222968,Fez,0.995924412222968,True,True,0.995924412222968,0.0,0.0,0.003167956044759057
37,5,Fez,1.6441384553909302,0.47086790204048157,0.8849936425685883,Sherbrooke,0.9954751183970578,Fez,0.9943452796170376,False,False,0.9943452796170376,0.0011298387800202647,0.0011298387800202647,0.0011298387800202647
37,6,Fez,1.9861797094345093,0.129211887717247,0.8846084028482437,Fez,0.995648114169884,Fez,0.995648114169884,True,True,0.995648114169884,0.0,0.0,0.0002564625987959701
37,7,Torino,1.3440239131450653,0.02525038830935955,1.6307256985455751,Torino,0.995694886045108,Torino,0.995694886045108,True,True,0.995694886045108,0.0,0.0,0.003190189572643054
38,0,Fez,1.959305226802826,0.08033737540245056,0.9603573977947235,Fez,0.9409358909956904,Fez,0.9409358909956904,True,True,0.9409358909956904,0.0,0.0,0.0023459842614012016
38,1,Fez,1.977948546409607,0.047987207770347595,0.9740642458200455,Fez,0.9672846259424712,Fez,0.9672846259424712,True,True,0.9672846259424712,0.0,0.0,0.062424263615941
38,2,Fez,1.9910802245140076,0.5935622453689575,0.4153575301170349,Fez,0.9656380663172512,Fez,0.9656380663172512,True,True,0.9656380663172512,0.0,0.0,0.04208079365930162
38,3,Fez,1.8559051752090454,0.13475443422794342,1.0093403905630112,Fez,0.961523705277044,Fez,0.961523705277044,True,True,0.961523705277044,0.0,0.0,0.010203545285671023
38,4,Fez,1.9455660581588745,0.30629366636276245,0.748140275478363,Fez,0.949045235776035,Fez,0.949045235776035,True,True,0.949045235776035,0.0,0.0,0.018257009383944367
38,5,Fez,1.9272342920303345,0.3330908715724945,0.739674836397171,Fez,0.9604983407402604,Fez,0.9604983407402604,True,True,0.9604983407402604,0.0,0.0,0.01827249824283439
38,6,Fez,1.9842809438705444,0.029763180762529373,0.9859558753669262,Fez,0.9636001446939222,Fez,0.9636001446939222,True,True,0.9636001446939222,0.0,0.0,0.0351787446136792
38,7,Fez,1.9919110536575317,0.462763249874115,0.5453256964683533,Fez,0.9594972851866396,Fez,0.9594972851866396,True,True,0.9594972851866396,0.0,0.0,0.05429868809884797
39,0,Fez,1.469776690006256,1.2253323197364807,0.3048909902572632,Fez,0.977951305720303,Fez,0.977951305720303,True,True,0.977951305720303,0.0,0.0,0.013593511331940755
39,1,Fez,1.451664388179779,0.9301469326019287,0.6181886792182922,Torino,0.9434861506807004,Fez,0.8983543812543674,False,False,0.8983543812543674,0.04513176942633301,0.04513176942633301,0.012399310798477559
39,2,Fez,1.9200875163078308,0.3440561294555664,0.7358563542366028,Fez,0.974830650050914,Fez,0.974830650050914,True,True,0.974830650050914,0.0,0.0,0.013347815093193383
39,3,Fez,1.9573167562484741,0.8428237438201904,0.19985949993133545,Fez,0.971648024238868,Fez,0.971648024238868,True,True,0.971648024238868,0.0,0.0,0.04286514643468475
39,4,Fez,1.8880214095115662,0.7908430099487305,0.32113558053970337,Fez,0.9568751461426006,Fez,0.9568751461426006,True,True,0.9568751461426006,0.0,0.0,0.014841791133140436
39,5,Fez,1.8724538683891296,0.9362454414367676,0.19130069017410278,Fez,0.9755429761561644,Fez,0.9755429761561644,True,True,0.9755429761561644,0.0,0.0,0.014802789176507125
39,6,Fez,1.89452064037323,0.06145808845758438,1.0440212711691856,Fez,0.9647342402575356,Fez,0.9647342402575356,True,True,0.9647342402575356,0.0,0.0,0.000981816247884404
39,7,Sherbrooke,0.9875425100326538,1.2792142629623413,0.7332432270050049,Sherbrooke,0.9529108239896809,Sherbrooke,0.9529108239896809,True,True,0.9529108239896809,0.0,0.0,0.0035683027004004275
