circuit_id,circuit_seed,day,scenario_id,backend,original_qubits,original_depth,drift,transpiled_depth,one_qubit_gates,two_qubit_gates,esp,fidelity,active_physical_qubits,avg_gate_error,max_gate_error,avg_readout_error,max_readout_error,avg_t1,min_t1,avg_t2,min_t2,ranking_score
30,10030,0,c30_day0,Fez,5,12,normal,51,80,20,0.910940294591103,0.991465555407675,5,0.0006503582615934,0.0033113559831042,0.005615234375,0.008056640625,0.0001350813559158,9.562081555389064e-05,9.592361336609828e-05,2.723830561991519e-05,3.00046
30,10030,0,c30_day0,Sherbrooke,5,12,normal,50,103,20,0.8530539450030555,0.9795592143558488,5,0.00090447143016,0.0063034804302026,0.009423828125,0.019775390625,0.0002768752423068,0.0002392803354207,0.0002220877069163,6.337555301919867e-05,0.98172075
30,10030,0,c30_day0,Torino,5,12,normal,34,63,14,0.8573163495280428,0.9907737490149454,5,0.0011922586544511,0.0076595499534253,0.012255859375,0.030517578125,0.0001400946498882,5.952743460143615e-05,0.000139053546922,0.0001047242913442,0.2653261
30,10030,1,c30_day1,Fez,5,12,"cz(142, 143): 0.0033->0.0111",47,77,20,0.8844877524362039,0.9884713611552304,5,0.0009900473534658,0.0110980056178483,0.0052734375,0.00634765625,0.0001470341777747,9.562081555389064e-05,0.0001131619497329,9.144599425726836e-05,2.4535666
30,10030,1,c30_day1,Sherbrooke,5,12,"readout q125: 0.0078->0.0301 | ecr(123, 122): 0.0049->0.0082",50,103,20,0.8199901298700444,0.9848991410014784,5,0.0010399792871278,0.0082329383442248,0.0138878667194075,0.0301326929720379,0.0002768752423068,0.0002392803354207,0.0002220877069163,6.337555301919867e-05,0.20397738
30,10030,1,c30_day1,Torino,5,12,"readout q80: 0.0229->0.0977 | cz(81, 80): 0.0037->0.0183",41,75,20,0.7926266588221681,0.9820424233468824,5,0.0009066498382174,0.0183388895663163,0.0281239845965269,0.0976511729826348,0.0001984830298638,0.0001545949399916,0.0001086338519209,2.7784766241489783e-05,-0.7816045
30,10030,2,c30_day2,Fez,5,12,readout q141: 0.0049->0.0098,44,71,17,0.9100036043842106,0.9928694682165362,5,0.0006640476273189,0.0033113559831042,0.00712890625,0.0107421875,0.0001355044007645,9.562081555389064e-05,0.000112811557022,9.144599425726836e-05,2.241285
30,10030,2,c30_day2,Sherbrooke,5,12,readout q101: 0.0037->0.0182 | readout q110: 0.0073->0.0266,39,77,14,0.8238715592976132,0.9838805692063598,5,0.0011679862777836,0.0078509866247253,0.017257597682761,0.0265509853801962,0.0002497563615647,0.0001325295323086,0.0002368203945395,7.063221921579745e-05,-0.7935066
30,10030,2,c30_day2,Torino,5,12,readout q27: 0.0305->0.0610,48,75,17,0.8175270665516245,0.9848340597766516,5,0.0011664448815459,0.0076595499534253,0.018359375,0.06103515625,0.0001400946498882,5.952743460143615e-05,0.000139053546922,0.0001047242913442,-0.12512596
30,10030,3,c30_day3,Fez,5,12,"cz(142, 143): 0.0033->0.0063",44,71,17,0.9061971544245544,0.991731055012078,5,0.0007670768924051,0.0063335477589675,0.00615234375,0.0107421875,0.0001355044007645,9.562081555389064e-05,0.000112811557022,9.144599425726836e-05,2.500338
30,10030,3,c30_day3,Sherbrooke,5,12,"readout q118: 0.0125->0.0372 | ecr(110, 118): 0.0061->0.0248",39,77,14,0.7558893813509431,0.9847131255096266,5,0.0021966499534252,0.0248039024643316,0.015438380967729,0.0371528423386454,0.0002497563615647,0.0001325295323086,0.0002368203945395,7.063221921579745e-05,-1.7595685
30,10030,3,c30_day3,Torino,5,12,readout q30: 0.0054->0.0199 | readout q27: 0.0305->0.0553,34,63,14,0.8231561329610948,0.9859660278583784,5,0.0011922586544511,0.0076595499534253,0.0201279863906208,0.0553197378772831,0.0001400946498882,5.952743460143615e-05,0.000139053546922,0.0001047242913442,-0.063247405
30,10030,4,c30_day4,Fez,5,12,"cz(142, 143): 0.0033->0.0109",47,77,20,0.8850273107231472,0.9911645313937454,5,0.0009838295101635,0.0108969620177401,0.0052734375,0.00634765625,0.0001470341777747,9.562081555389064e-05,0.0001131619497329,9.144599425726836e-05,2.454885
30,10030,4,c30_day4,Sherbrooke,5,12,readout q118: 0.0125->0.0311,39,77,14,0.8365503333058947,0.9813269538498952,5,0.0011679862777836,0.0078509866247253,0.0142190170196029,0.0310560225980148,0.0002497563615647,0.0001325295323086,0.0002368203945395,7.063221921579745e-05,-0.43783268
30,10030,4,c30_day4,Torino,5,12,"readout q36: 0.0071->0.0368 | cz(36, 29): 0.0039->0.0092",34,63,14,0.8227437218884117,0.987452579417064,5,0.0013311675065329,0.0092059756442952,0.0182011831280323,0.0368066968901615,0.0001400946498882,5.952743460143615e-05,0.000139053546922,0.0001047242913442,-0.20994122
30,10030,5,c30_day5,Fez,5,12,readout q136: 0.0046->0.0164,38,70,17,0.9020099457656428,0.9935953852046118,5,0.0007439206067401,0.0040460063587621,0.007622714318468,0.01638505596734,0.0001290332627451,9.562081555389064e-05,0.0001007247829383,7.152777106683473e-05,2.5388396
30,10030,5,c30_day5,Sherbrooke,5,12,"readout q122: 0.0076->0.0178 | ecr(123, 122): 0.0049->0.0118",50,103,20,0.8153468030751747,0.9849145798651312,5,0.0011850530523364,0.0118017529683571,0.0114787521732277,0.019775390625,0.0002768752423068,0.0002392803354207,0.0002220877069163,6.337555301919867e-05,0.3622406
30,10030,5,c30_day5,Torino,5,12,"readout q27: 0.0305->0.1083 | readout q27: 0.1083->0.2375 | cz(28, 27): 0.0062->0.0197",34,63,14,0.6295710239968766,0.9668770460148663,5,0.0020722430891224,0.0197297823347591,0.0536461427053714,0.2374689947768573,0.0001400946498882,5.952743460143615e-05,0.000139053546922,0.0001047242913442,-2.9443786
30,10030,6,c30_day6,Fez,5,12,readout q143: 0.0044->0.0095,34,63,14,0.9201359755010458,0.988732638792118,5,0.0006704948640438,0.0040460063587621,0.0062845548461477,0.0094501179807388,0.0001290332627451,9.562081555389064e-05,0.0001007247829383,7.152777106683473e-05,2.9068596
30,10030,6,c30_day6,Sherbrooke,5,12,"readout q110: 0.0073->0.0272 | readout q118: 0.0125->0.0191 | ecr(110, 100): 0.0063->0.0303",39,77,14,0.790364588260918,0.9816718415165244,5,0.0016953847558155,0.0302869108968775,0.0157913852190774,0.0271695605947143,0.0002497563615647,0.0001325295323086,0.0002368203945395,7.063221921579745e-05,-1.1889908
30,10030,6,c30_day6,Torino,5,12,"readout q80: 0.0229->0.0902 | cz(80, 81): 0.0037->0.0150",41,75,20,0.774962197313688,0.9794940086402854,5,0.0012276134528177,0.0150173165939151,0.026634820750781,0.0902053537539053,0.0001984830298638,0.0001545949399916,0.0001086338519209,2.7784766241489783e-05,-0.5181809
30,10030,7,c30_day7,Fez,5,12,"readout q142: 0.0061->0.0203 | cz(143, 142): 0.0033->0.0154",47,77,20,0.8193538000250206,0.9873586843146815,5,0.0016238145435998,0.0154306940327078,0.0081120818960232,0.0202967376051164,0.0001470341777747,9.562081555389064e-05,0.0001131619497329,9.144599425726836e-05,0.110691965
30,10030,7,c30_day7,Sherbrooke,5,12,"readout q122: 0.0076->0.0223 | readout q126: 0.0198->0.0457 | ecr(124, 123): 0.0053->0.0262",59,107,20,0.6612359034355928,0.9712803069400648,5,0.0025267089800613,0.0262028888068993,0.0175459784536033,0.0456753049534985,0.0002768752423068,0.0002392803354207,0.0002220877069163,6.337555301919867e-05,-1.7855325
30,10030,7,c30_day7,Torino,5,12,readout q36: 0.0071->0.0142,34,63,14,0.8512032012279904,0.9900795763563942,5,0.0011922586544511,0.0076595499534253,0.013671875,0.030517578125,0.0001400946498882,5.952743460143615e-05,0.000139053546922,0.0001047242913442,0.18518022
31,10031,0,c31_day0,Fez,4,9,normal,31,44,9,0.9498571039088364,0.96084450440112,4,0.000591119842348,0.0033113559831042,0.0050048828125,0.006103515625,0.0001449415573459,9.562081555389064e-05,0.0001130949403026,9.144599425726836e-05,2.506179
31,10031,0,c31_day0,Sherbrooke,4,9,normal,35,62,9,0.9229720283387304,0.942951115229022,4,0.0007406673070945,0.0063034804302026,0.0068359375,0.0078125,0.0002806395150267,0.0002392803354207,0.0002504101259421,6.337555301919867e-05,-0.11448824
31,10031,0,c31_day0,Torino,4,9,normal,31,44,9,0.921280815816098,0.9344094182830488,4,0.0006546475767277,0.0037462778074416,0.01171875,0.02294921875,0.000190437033242,0.0001545949399916,0.0001206180764936,2.7784766241489783e-05,0.5768505
31,10031,1,c31_day1,Fez,4,9,"cz(103, 96): 0.0046->0.0132",34,46,9,0.9099900265545482,0.9404373748456186,4,0.0013829549006636,0.0132006665857057,0.00445556640625,0.00634765625,0.0001515716190726,0.0001233924649187,0.0001050222104996,8.856971895776478e-05,0.29379532
31,10031,1,c31_day1,Sherbrooke,4,9,"readout q125: 0.0078->0.0275 | ecr(124, 123): 0.0053->0.0151",36,64,9,0.8610004443452117,0.8873842021910053,4,0.0013913337712289,0.0150695196555113,0.0117525053802002,0.0274787715208008,0.0002806395150267,0.0002392803354207,0.0002504101259421,6.337555301919867e-05,-0.8068808
31,10031,1,c31_day1,Torino,4,9,"readout q99: 0.0095->0.0166 | cz(80, 92): 0.0031->0.0141",31,44,9,0.8748461255225086,0.9095772607131346,4,0.0014879064236683,0.0141124543513882,0.0134880689286966,0.02294921875,0.000190437033242,0.0001545949399916,0.0001206180764936,2.7784766241489783e-05,-0.049360823
31,10031,2,c31_day2,Fez,4,9,readout q136: 0.0046->0.0098 | readout q141: 0.0049->0.0192,31,44,9,0.9313336093659892,0.9330856148228496,4,0.000591119842348,0.0033113559831042,0.0098752001139306,0.0192426333825967,0.0001449415573459,9.562081555389064e-05,0.0001130949403026,9.144599425726836e-05,1.1624976
31,10031,2,c31_day2,Sherbrooke,4,9,readout q124: 0.0042->0.0083,36,64,9,0.919125368745262,0.9324332118999534,4,0.0007203750521056,0.0063034804302026,0.00787353515625,0.00830078125,0.0002806395150267,0.0002392803354207,0.0002504101259421,6.337555301919867e-05,0.013322955
31,10031,2,c31_day2,Torino,4,9,"readout q81: 0.0054->0.0110 | cz(92, 80): 0.0031->0.0083",31,44,9,0.8971419410034855,0.9182434510956544,4,0.0010467019195394,0.0082664946716803,0.0131205440984455,0.02294921875,0.000190437033242,0.0001545949399916,0.0001206180764936,2.7784766241489783e-05,-0.591242
31,10031,3,c31_day3,Fez,4,9,readout q142: 0.0061->0.0203,31,44,9,0.9363069240236996,0.9521819612753846,4,0.000591119842348,0.0033113559831042,0.0085494886524377,0.0202819389847509,0.0001449415573459,9.562081555389064e-05,0.0001130949403026,9.144599425726836e-05,1.3154057
31,10031,3,c31_day3,Sherbrooke,4,9,readout q122: 0.0076->0.0329,36,64,9,0.8994079447130405,0.9065448264272916,4,0.0007203750521056,0.0063034804302026,0.013170295815972,0.0329057926388883,0.0002806395150267,0.0002392803354207,0.0002504101259421,6.337555301919867e-05,0.09315961
31,10031,3,c31_day3,Torino,4,9,"cz(92, 80): 0.0031->0.0090",31,44,9,0.8993942838513719,0.9238380633138534,4,0.0011055461413845,0.0090461806111269,0.01171875,0.02294921875,0.000190437033242,0.0001545949399916,0.0001206180764936,2.7784766241489783e-05,-0.35351652
31,10031,4,c31_day4,Fez,4,9,"readout q136: 0.0046->0.0240 | readout q141: 0.0049->0.0086 | cz(143, 142): 0.0033->0.0124",31,44,9,0.8945144920276986,0.9145097051422384,4,0.0012778314558825,0.0124102848624365,0.0107648592782916,0.0239627352090268,0.0001449415573459,9.562081555389064e-05,0.0001130949403026,9.144599425726836e-05,0.42176202
31,10031,4,c31_day4,Sherbrooke,4,9,readout q124: 0.0042->0.0113 | readout q125: 0.0078->0.0229,35,62,9,0.9023456397820562,0.9110609669944736,4,0.0007406673070945,0.0063034804302026,0.0124131262461093,0.0229350216903546,0.0002806395150267,0.0002392803354207,0.0002504101259421,6.337555301919867e-05,-0.3328119
31,10031,4,c31_day4,Torino,4,9,"readout q36: 0.0071->0.0130 | cz(29, 28): 0.0044->0.0124",34,46,9,0.8893201255897537,0.9182982961803858,4,0.0014551077353181,0.0124361436289158,0.0091749576172634,0.0130181898440539,0.0001236753781531,5.952743460143615e-05,0.0001468251847943,0.0001047242913442,-0.0093161855
31,10031,5,c31_day5,Fez,4,9,readout q143: 0.0044->0.0122,31,44,9,0.9423630478534024,0.9501113987788434,4,0.000591119842348,0.0033113559831042,0.0069686316651446,0.0122495266605786,0.0001449415573459,9.562081555389064e-05,0.0001130949403026,9.144599425726836e-05,2.1212769
31,10031,5,c31_day5,Sherbrooke,4,9,"readout q125: 0.0078->0.0207 | ecr(124, 123): 0.0053->0.0107",36,64,9,0.8865863370087603,0.9118410532617652,4,0.0010889644180271,0.0106549270987651,0.0100635027189355,0.0207227608757423,0.0002806395150267,0.0002392803354207,0.0002504101259421,6.337555301919867e-05,0.33678538
31,10031,5,c31_day5,Torino,4,9,readout q92: 0.0090->0.0202,31,44,9,0.9108801686657276,0.9338601675028592,4,0.0006546475767277,0.0037462778074416,0.0145155888723311,0.02294921875,0.000190437033242,0.0001545949399916,0.0001206180764936,2.7784766241489783e-05,-0.04137537
31,10031,6,c31_day6,Fez,4,9,"readout q103: 0.0029->0.0099 | cz(103, 104): 0.0048->0.0155",34,46,9,0.9254503468123676,0.937936116383402,4,0.0009528162498666,0.0154651779682568,0.006196894788769,0.0098950010300763,0.0001515716190726,0.0001233924649187,0.0001050222104996,8.856971895776478e-05,1.7420565
31,10031,6,c31_day6,Sherbrooke,4,9,"readout q30: 0.0063->0.0251 | readout q29: 0.0125->0.0424 | ecr(17, 30): 0.0036->0.0126",40,61,9,0.8247591646532741,0.8603954151146262,4,0.0013801811043447,0.0125888605731351,0.0235240234823301,0.042375209774443,0.0003411280121078,0.0001586839588384,0.0001411847204297,1.8737652324842997e-05,-1.819076
31,10031,6,c31_day6,Torino,4,9,"readout q92: 0.0090->0.0528 | readout q81: 0.0054->0.0140 | cz(81, 80): 0.0037->0.0182",31,44,9,0.8355771539271624,0.8658264045594701,4,0.0014718259366708,0.0181830954997686,0.0248096092920553,0.0527862334019673,0.000190437033242,0.0001545949399916,0.0001206180764936,2.7784766241489783e-05,-0.91166556
31,10031,7,c31_day7,Fez,4,9,readout q143: 0.0044->0.0088,31,44,9,0.945664502665492,0.9604885734869536,4,0.000591119842348,0.0033113559831042,0.006103515625,0.0087890625,0.0001449415573459,9.562081555389064e-05,0.0001130949403026,9.144599425726836e-05,2.3136425
31,10031,7,c31_day7,Sherbrooke,4,9,"readout q122: 0.0076->0.0262 | readout q122: 0.0262->0.0565 | ecr(123, 122): 0.0049->0.0214",36,64,9,0.8345347581349628,0.8699891634029563,4,0.0013979601478428,0.0213873490590879,0.0190780720708848,0.0565368976585392,0.0002806395150267,0.0002392803354207,0.0002504101259421,6.337555301919867e-05,-1.7687396
31,10031,7,c31_day7,Torino,4,9,readout q92: 0.0090->0.0181,31,44,9,0.9128828384361533,0.9299726558188296,4,0.0006546475767277,0.0037462778074416,0.01397705078125,0.02294921875,0.000190437033242,0.0001545949399916,0.0001206180764936,2.7784766241489783e-05,-0.044459082
32,10032,0,c32_day0,Fez,7,22,normal,118,227,63,0.7739899908865251,0.9440379724434028,7,0.0007379766396573,0.0033999583821837,0.0059640066964285,0.0107421875,0.0001333726439916,9.562081555389064e-05,0.0001114349571747,9.144599425726836e-05,3.3900015
32,10032,0,c32_day0,Sherbrooke,7,22,normal,173,328,66,0.5447493791058571,0.8908682995466992,7,0.0013222755846641,0.0090344552764134,0.0119977678571428,0.02587890625,0.000291580467355,0.0002107191192652,0.0002014876037342,2.7133052989838604e-05,-2.5744004
32,10032,0,c32_day0,Torino,7,22,normal,116,229,66,0.57932179166669,0.9062648183726348,7,0.0013213345541925,0.0076595499534253,0.0217633928571428,0.05029296875,0.0001733772831796,5.952743460143615e-05,0.0001626058039603,0.0001047242913442,0.31886372
32,10032,1,c32_day1,Fez,7,22,"cz(144, 145): 0.0027->0.0070",116,229,66,0.7336896728741206,0.9365708446053136,7,0.000874321286794,0.0070118745036306,0.0072893415178571,0.013916015625,0.0001407767316958,9.562081555389064e-05,0.0001164681704709,9.144599425726836e-05,2.3760233
32,10032,1,c32_day1,Sherbrooke,7,22,"readout q103: 0.0088->0.0391 | ecr(93, 106): 0.0070->0.0338",196,365,75,0.2949535516002158,0.8289208748729271,7,0.0024823218818332,0.0338122620417163,0.0163277401886707,0.0390988688206953,0.000291580467355,0.0002107191192652,0.0002014876037342,2.7133052989838604e-05,-3.5968466
32,10032,1,c32_day1,Torino,7,22,"readout q27: 0.0305->0.1514 | cz(29, 30): 0.0077->0.0356",116,229,66,0.3705069554149923,0.8565354435030945,7,0.0023621721551403,0.0355729219788421,0.0390273689698797,0.1513654109141585,0.0001733772831796,5.952743460143615e-05,0.0001626058039603,0.0001047242913442,-1.4557644
32,10032,2,c32_day2,Fez,7,22,readout q141: 0.0049->0.0125,130,236,63,0.7663808537651149,0.946190691260959,7,0.0007229411632614,0.0033999583821837,0.007058933641294,0.0125473011140585,0.0001333726439916,9.562081555389064e-05,0.0001114349571747,9.144599425726836e-05,2.9696143
32,10032,2,c32_day2,Sherbrooke,7,22,readout q103: 0.0088->0.0182,178,334,69,0.5478514518883513,0.8951405464413371,7,0.0012552603226604,0.0090344552764134,0.0133493197331024,0.02587890625,0.000291580467355,0.0002107191192652,0.0002014876037342,2.7133052989838604e-05,-2.769556
32,10032,2,c32_day2,Torino,7,22,"cz(36, 48): 0.0041->0.0128",141,230,66,0.5636445662596592,0.8813738715012739,7,0.0015436175312194,0.0128131625206612,0.0161830357142857,0.040771484375,0.0001520152365056,5.952743460143615e-05,0.0001477933213735,9.850632384804888e-05,-0.35696292
32,10032,3,c32_day3,Fez,7,22,"cz(123, 136): 0.0034->0.0140",124,226,63,0.7505951313838132,0.9355328196958176,7,0.0008457709949898,0.0139884758430427,0.0059640066964285,0.0107421875,0.0001333726439916,9.562081555389064e-05,0.0001114349571747,9.144599425726836e-05,3.2861204
32,10032,3,c32_day3,Sherbrooke,7,22,"ecr(107, 106): 0.0088->0.0187",165,339,66,0.4984963835203785,0.8902862683844097,7,0.0015020754569804,0.0187233949742221,0.0119977678571428,0.02587890625,0.000291580467355,0.0002107191192652,0.0002014876037342,2.7133052989838604e-05,-2.9148123
32,10032,3,c32_day3,Torino,7,22,readout q30: 0.0054->0.0107,141,230,66,0.6066345811821393,0.917920209869782,7,0.0012792632573895,0.0076595499534253,0.0169503348214285,0.040771484375,0.0001520152365056,5.952743460143615e-05,0.0001477933213735,9.850632384804888e-05,0.2916392
32,10032,4,c32_day4,Fez,7,22,"cz(142, 141): 0.0029->0.0113",130,236,63,0.7403237132282207,0.9425076390968972,7,0.0008634821890932,0.0113281431860797,0.0059640066964285,0.0107421875,0.0001333726439916,9.562081555389064e-05,0.0001114349571747,9.144599425726836e-05,3.1823826
32,10032,4,c32_day4,Sherbrooke,7,22,"readout q105: 0.0110->0.0258 | ecr(93, 106): 0.0070->0.0175",178,335,69,0.4791372939856417,0.902587380020527,7,0.0015663566101234,0.0175349060934612,0.0141151200576311,0.02587890625,0.000291580467355,0.0002107191192652,0.0002014876037342,2.7133052989838604e-05,-3.0393672
32,10032,4,c32_day4,Torino,7,22,readout q28: 0.0063->0.0161,118,227,63,0.6096116063660187,0.9051374531324404,7,0.001273636343187,0.0076595499534253,0.0175729752158003,0.040771484375,0.0001520152365056,5.952743460143615e-05,0.0001477933213735,9.850632384804888e-05,0.34091127
32,10032,5,c32_day5,Fez,7,22,"cz(142, 143): 0.0033->0.0060",134,261,75,0.7426029252559115,0.9327432575758932,7,0.0007679953424579,0.0059931727531036,0.0055803571428571,0.008056640625,0.0001330704690997,9.562081555389064e-05,9.93721402775816e-05,2.723830561991519e-05,2.2629821
32,10032,5,c32_day5,Sherbrooke,7,22,readout q93: 0.0098->0.0388,181,329,66,0.5333001624442738,0.880234445010711,7,0.001297551040026,0.0090344552764134,0.016143930939724,0.0387887665780681,0.000291580467355,0.0002107191192652,0.0002014876037342,2.7133052989838604e-05,-3.2511463
32,10032,5,c32_day5,Torino,7,22,"readout q100: 0.0339->0.0645 | cz(99, 98): 0.0025->0.0111",123,242,66,0.5996007448167661,0.9173104391015008,7,0.001068003244151,0.0111252373064678,0.0253921038195416,0.0644634767367918,0.0002074036732879,0.0001545949399916,0.0001220053230948,2.7784766241489783e-05,-0.2680767
32,10032,6,c32_day6,Fez,7,22,"readout q144: 0.0107->0.0197 | cz(142, 143): 0.0033->0.0051",138,241,66,0.7411265118584469,0.9360936976638632,7,0.0008086137329667,0.0050767939762608,0.007237859610851,0.0196591579009571,0.0001333726439916,9.562081555389064e-05,0.0001114349571747,9.144599425726836e-05,3.193781
32,10032,6,c32_day6,Sherbrooke,7,22,readout q104: 0.0037->0.0199,154,323,63,0.5601188260080412,0.8817597978162705,7,0.001235527655378,0.0090344552764134,0.014322336490577,0.02587890625,0.000291580467355,0.0002107191192652,0.0002014876037342,2.7133052989838604e-05,-2.1306324
32,10032,6,c32_day6,Torino,7,22,"readout q100: 0.0339->0.1156 | cz(92, 80): 0.0031->0.0104",123,242,66,0.5611006530889568,0.9002346704274224,7,0.0011009186593162,0.0103579043739059,0.0326917213197142,0.1155607992379995,0.0002074036732879,0.0001545949399916,0.0001220053230948,2.7784766241489783e-05,-1.2341883
32,10032,7,c32_day7,Fez,7,22,"cz(142, 143): 0.0033->0.0141",104,220,60,0.7290247765405892,0.9388288046809684,7,0.0009427009362962,0.0140529754539943,0.0072893415178571,0.013916015625,0.0001407767316958,9.562081555389064e-05,0.0001164681704709,9.144599425726836e-05,2.4483867
32,10032,7,c32_day7,Sherbrooke,7,22,"readout q104: 0.0037->0.0116 | ecr(105, 104): 0.0057->0.0198",167,359,75,0.4126438595908582,0.873766907139178,7,0.0018146880311686,0.0197927441875572,0.0131302154969105,0.02587890625,0.000291580467355,0.0002107191192652,0.0002014876037342,2.7133052989838604e-05,-3.0607686
32,10032,7,c32_day7,Torino,7,22,"readout q98: 0.0190->0.0316 | cz(99, 92): 0.0032->0.0157",149,236,66,0.489991075012622,0.8654803617607496,7,0.001865345058576,0.0214065917075244,0.0206293243018084,0.033935546875,0.0001844980649256,6.171807947517145e-05,0.0001058441270278,8.334912884691768e-06,-1.8915251
33,10033,0,c33_day0,Fez,7,9,normal,32,81,18,0.9065112620819884,0.9560778970956688,7,0.0006616767226759,0.0033999583821837,0.004638671875,0.00634765625,0.0001466785492901,9.562081555389064e-05,0.0001186141088333,9.144599425726836e-05,2.0124543
33,10033,0,c33_day0,Sherbrooke,7,9,normal,38,100,18,0.8385168565474856,0.95397176579039,7,0.0009402867183837,0.0063034804302026,0.0092075892857142,0.021484375,0.0002615672543832,0.0001812780919545,0.0002033938465967,1.565907859482999e-05,0.27153593
33,10033,0,c33_day0,Torino,7,9,normal,32,80,18,0.8171900203508955,0.9686689384875,7,0.0011219583720712,0.0071495508286375,0.0129743303571428,0.030517578125,0.0001714660342054,5.952743460143615e-05,0.0001308609859002,3.136320201800166e-05,-0.016791297
33,10033,1,c33_day1,Fez,7,9,"cz(123, 124): 0.0032->0.0126",32,81,18,0.8651563494673399,0.9663801276012512,7,0.0011295644899911,0.0125838480359658,0.004638671875,0.00634765625,0.0001466785492901,9.562081555389064e-05,0.0001186141088333,9.144599425726836e-05,1.521093
33,10033,1,c33_day1,Sherbrooke,7,9,"readout q100: 0.0134->0.0800 | ecr(110, 100): 0.0063->0.0141",49,109,18,0.7366342315368267,0.952613391164338,7,0.0013206679720221,0.0141223433915516,0.0190703115043395,0.0800253836553767,0.0002342829354563,0.0001325295323086,0.0002131694548377,7.063221921579745e-05,-0.70431155
33,10033,1,c33_day1,Torino,7,9,"readout q30: 0.0054->0.0160 | cz(36, 48): 0.0041->0.0123",32,83,15,0.7924125842112648,0.9601011468704632,7,0.0011496450750136,0.0123116842574122,0.016858357138112,0.040771484375,0.0001641906726579,5.952743460143615e-05,0.0001627243145513,0.0001047242913442,-0.04176268
33,10033,2,c33_day2,Fez,7,9,readout q143: 0.0044->0.0088,32,80,18,0.9033468535754172,0.9666911032654476,7,0.0006589962827625,0.0033999583821837,0.0052664620535714,0.0087890625,0.0001466785492901,9.562081555389064e-05,0.0001186141088333,9.144599425726836e-05,2.188804
33,10033,2,c33_day2,Sherbrooke,7,9,readout q110: 0.0073->0.0302,35,89,15,0.8045541865573677,0.9626637878753884,7,0.0010875173284408,0.0078509866247253,0.0147030231410965,0.0301672557376761,0.000240712613743,0.0001325295323086,0.0002402596106484,7.063221921579745e-05,-0.50026464
33,10033,2,c33_day2,Torino,7,9,"readout q29: 0.0120->0.0508 | readout q28: 0.0063->0.0251 | cz(27, 28): 0.0062->0.0117",34,77,18,0.7559717644839963,0.9646024634325724,7,0.0013529718970415,0.0116546342370024,0.021197101896143,0.0508155816886039,0.0001714660342054,5.952743460143615e-05,0.0001308609859002,3.136320201800166e-05,-0.53418577
33,10033,3,c33_day3,Fez,7,9,readout q136: 0.0046->0.0171,32,81,18,0.8954363633093101,0.9678029325063628,7,0.0006581247375412,0.0033999583821837,0.0064253168960478,0.0171451870223351,0.0001466785492901,9.562081555389064e-05,0.0001186141088333,9.144599425726836e-05,1.8102201
33,10033,3,c33_day3,Sherbrooke,7,9,"readout q74: 0.0029->0.0047 | readout q74: 0.0047->0.0106 | ecr(110, 100): 0.0063->0.0304",33,85,15,0.759477034916503,0.9572676933737196,7,0.0018500816332796,0.030365501862278,0.0125295026940567,0.024658203125,0.000240712613743,0.0001325295323086,0.0002402596106484,7.063221921579745e-05,-0.94193566
33,10033,3,c33_day3,Torino,7,9,"readout q36: 0.0071->0.0112 | cz(29, 36): 0.0039->0.0132",34,77,18,0.8044872582647279,0.949932226151706,7,0.0012779360462252,0.0131594156001424,0.0135572635969203,0.030517578125,0.0001714660342054,5.952743460143615e-05,0.0001308609859002,3.136320201800166e-05,-0.22609805
33,10033,4,c33_day4,Fez,7,9,"readout q4: 0.0015->0.0023 | readout q124: 0.0046->0.0159 | cz(123, 124): 0.0032->0.0104",47,90,18,0.8835513318197752,0.965370108746374,7,0.0007167702428646,0.0103911681604126,0.0065758970493631,0.0159145908465972,0.0001431582718938,9.562081555389064e-05,0.0001157686483775,7.152777106683473e-05,2.2973483
33,10033,4,c33_day4,Sherbrooke,7,9,readout q124: 0.0042->0.0063,40,108,18,0.8347891511006095,0.961299178895524,7,0.0008985806345423,0.0063034804302026,0.0095168453730903,0.021484375,0.0002615672543832,0.0001812780919545,0.0002033938465967,1.565907859482999e-05,0.1580124
33,10033,4,c33_day4,Torino,7,9,readout q27: 0.0305->0.1541,32,81,18,0.713180305313657,0.9479744849206732,7,0.0011088646564337,0.0071495508286375,0.0306229787602556,0.1540581169467894,0.0001714660342054,5.952743460143615e-05,0.0001308609859002,3.136320201800166e-05,-1.5712761
33,10033,5,c33_day5,Fez,7,9,readout q123: 0.0063->0.0143,32,86,18,0.8948020010518503,0.9668852112033076,8,0.0006017799045459,0.0040460063587621,0.0068927763641972,0.0143138876743808,0.0001388084996175,9.562081555389064e-05,9.58353732487232e-05,4.917429322867596e-05,2.3541582
33,10033,5,c33_day5,Sherbrooke,7,9,"readout q120: 0.0127->0.0717 | ecr(124, 123): 0.0053->0.0168",45,101,18,0.7605656365294075,0.9566471383170247,7,0.0012310164793509,0.0168318189567294,0.0176396393837456,0.0717196631862197,0.0002615672543832,0.0001812780919545,0.0002033938465967,1.565907859482999e-05,-0.9125532
33,10033,5,c33_day5,Torino,7,9,readout q8: 0.0183->0.0307,32,83,18,0.8043861297887124,0.9643916836329524,7,0.0011186041159303,0.0071495508286375,0.0147511317365935,0.0307481565311547,0.0001714660342054,5.952743460143615e-05,0.0001308609859002,3.136320201800166e-05,-0.070524015
33,10033,6,c33_day6,Fez,7,9,"readout q136: 0.0046->0.0118 | cz(124, 123): 0.0032->0.0108",32,83,18,0.8885714948722686,0.9553688518052702,7,0.0007744935856948,0.0108392176700615,0.0056545953941239,0.0117501365088676,0.0001466785492901,9.562081555389064e-05,0.0001186141088333,9.144599425726836e-05,2.5406077
33,10033,6,c33_day6,Sherbrooke,7,9,"ecr(106, 105): 0.0062->0.0137",42,106,18,0.793284748765681,0.9530353235983456,8,0.001420560113017,0.0167389567964148,0.0077427455357142,0.012451171875,0.0002825509800758,0.0001677113623002,0.0002225396667146,2.7133052989838604e-05,-0.6811541
33,10033,6,c33_day6,Torino,7,9,readout q28: 0.0063->0.0332,32,81,15,0.8004512881282395,0.965120593178185,7,0.0008970932256457,0.0076595499534253,0.0191766050805338,0.040771484375,0.0001641906726579,5.952743460143615e-05,0.0001627243145513,0.0001047242913442,-0.37066048
33,10033,7,c33_day7,Fez,7,9,"readout q124: 0.0046->0.0141 | readout q136: 0.0046->0.0170 | cz(142, 143): 0.0033->0.0086",32,81,18,0.8681242655707346,0.9638568366779782,7,0.000875532069275,0.0085805326602967,0.00774531510231,0.0169550902989667,0.0001466785492901,9.562081555389064e-05,0.0001186141088333,9.144599425726836e-05,1.5204618
33,10033,7,c33_day7,Sherbrooke,7,9,"readout q110: 0.0073->0.0172 | ecr(99, 100): 0.0079->0.0260",35,90,15,0.7714162881453406,0.9573802637650136,7,0.0015954845139957,0.0259923438952922,0.0128477120254077,0.024658203125,0.000240712613743,0.0001325295323086,0.0002402596106484,7.063221921579745e-05,-0.9497418
33,10033,7,c33_day7,Torino,7,9,"readout q8: 0.0183->0.0572 | cz(27, 17): 0.0071->0.0235",32,82,18,0.744628054731863,0.9545397909423364,7,0.0016171705153375,0.023528305549254,0.0185326133443519,0.0572185277854635,0.0001714660342054,5.952743460143615e-05,0.0001308609859002,3.136320201800166e-05,-1.3048196
34,10034,0,c34_day0,Fez,8,21,normal,119,230,63,0.7660421226779275,0.9046712350345428,8,0.0007061366463386,0.0033999583821837,0.00738525390625,0.013916015625,0.0001351347090083,9.562081555389064e-05,0.0001053144373646,2.723830561991519e-05,2.3771424
34,10034,0,c34_day0,Sherbrooke,8,21,normal,142,364,72,0.5303693569409729,0.8685437315129921,8,0.0012238501269359,0.0078509866247253,0.01226806640625,0.021484375,0.0002482296356076,0.0001325295323086,0.0002051382774221,1.565907859482999e-05,-1.7787272
34,10034,0,c34_day0,Torino,8,21,normal,114,241,69,0.6397172866490164,0.8748527938404335,8,0.0009498035310062,0.0076595499534253,0.0186767578125,0.05029296875,0.0001883005687296,0.0001097621468386,0.0001470837523802,6.947727011386484e-05,0.45995292
34,10034,1,c34_day1,Fez,8,21,readout q144: 0.0107->0.0478 | readout q141: 0.0049->0.0149,124,245,72,0.703970145315081,0.8989213129060691,8,0.0007821885431932,0.0033999583821837,0.0126603353769748,0.0478078314048186,0.0001374252480133,9.562081555389064e-05,0.0001036523741814,4.917429322867596e-05,2.3590107
34,10034,1,c34_day1,Sherbrooke,8,21,"readout q98: 0.0247->0.0455 | ecr(119, 118): 0.0065->0.0225",158,349,69,0.429504469225956,0.838942730844105,8,0.0017145993470496,0.0224640367480414,0.0152749387569813,0.045539353805851,0.0002492654495243,0.0001325295323086,0.000248320531147,7.063221921579745e-05,-2.5692492
34,10034,1,c34_day1,Torino,8,21,"readout q99: 0.0095->0.0268 | cz(101, 111): 0.0038->0.0096",125,237,69,0.6136457486230584,0.8844852945780747,8,0.0010111352786697,0.0096239043300087,0.0219407290947762,0.04736328125,0.0002049385628996,0.0001545949399916,0.0001151470971883,2.7784766241489783e-05,-0.22257206
34,10034,2,c34_day2,Fez,8,21,readout q124: 0.0046->0.0093,121,220,63,0.7581003174920505,0.9060259855859206,8,0.0007904361081781,0.0040460063587621,0.006591796875,0.0107421875,0.0001346512008832,9.562081555389064e-05,0.0001064465589112,7.152777106683473e-05,2.9134772
34,10034,2,c34_day2,Sherbrooke,8,21,readout q122: 0.0076->0.0151,194,363,72,0.5584754421776631,0.8664185320250402,12,0.0010739563814041,0.0167389567964148,0.01409912109375,0.02587890625,0.0002742943333867,0.0001631063682298,0.0001975994906152,2.7133052989838604e-05,-0.7311551
34,10034,2,c34_day2,Torino,8,21,"readout q73: 0.0100->0.0207 | cz(99, 92): 0.0032->0.0148",123,255,75,0.5910231660815305,0.8741177017844342,8,0.0010531259193016,0.0147919147781616,0.0218077166365901,0.053955078125,0.000206060901426,0.0001545949399916,0.0001210133915216,2.7784766241489783e-05,-0.02181195
34,10034,3,c34_day3,Fez,8,21,readout q124: 0.0046->0.0093,113,224,63,0.7565932186761168,0.9041364990080544,8,0.0007597654183934,0.0033999583821837,0.007537841796875,0.013916015625,0.0001357648708125,9.562081555389064e-05,0.0001147292651193,9.144599425726836e-05,2.487459
34,10034,3,c34_day3,Sherbrooke,8,21,"readout q106: 0.0125->0.0440 | ecr(93, 106): 0.0070->0.0329",154,304,63,0.4415289343077522,0.8526245420468869,8,0.0018650150936914,0.0328822640127355,0.0156975715157489,0.0440376033759918,0.0002755212049644,0.0001631063682298,0.0002066806768379,2.7133052989838604e-05,-3.3487015
34,10034,3,c34_day3,Torino,8,21,"readout q32: 0.0122->0.0293 | cz(30, 31): 0.0069->0.0278",135,242,72,0.5613699878552032,0.8487976549808237,12,0.0013034340884411,0.0277992740458038,0.0204148325864814,0.05029296875,0.0001801669908383,5.952743460143615e-05,0.0001526986755308,6.947727011386484e-05,-0.6464284
34,10034,4,c34_day4,Fez,8,21,readout q145: 0.0139->0.0278,133,256,72,0.7279491392591916,0.8888789010749033,8,0.0007427983274886,0.0033999583821837,0.009124755859375,0.02783203125,0.0001351347090083,9.562081555389064e-05,0.0001053144373646,2.723830561991519e-05,2.390025
34,10034,4,c34_day4,Sherbrooke,8,21,"ecr(78, 79): 0.0062->0.0163",164,324,66,0.4751672096491378,0.8398961399566459,8,0.0016229297501698,0.0163443646453107,0.01336669921875,0.01953125,0.000260112151915,0.0001469928637936,0.000151366373522,2.419698915907556e-05,-2.3792872
34,10034,4,c34_day4,Torino,8,21,"readout q28: 0.0063->0.0135 | cz(36, 29): 0.0039->0.0103",139,242,72,0.5352624027535375,0.8606294422314424,8,0.0015385111744965,0.0102664037210588,0.0173427580486777,0.040771484375,0.0001620376191833,5.952743460143615e-05,0.0001332395564541,3.136320201800166e-05,-0.6833212
34,10034,5,c34_day5,Fez,8,21,readout q143: 0.0044->0.0088,118,224,63,0.7609799956720921,0.8964952172867297,8,0.0007405436658555,0.0033999583821837,0.00750732421875,0.013916015625,0.0001357648708125,9.562081555389064e-05,0.0001147292651193,9.144599425726836e-05,2.5027184
34,10034,5,c34_day5,Sherbrooke,8,21,"readout q124: 0.0042->0.0112 | ecr(111, 104): 0.0065->0.0220",149,348,69,0.3954047351252625,0.8345115013404142,8,0.0019257451216449,0.0219994822363681,0.0146433140028737,0.045654296875,0.0002707720470799,0.0001677113623002,0.000204021823757,1.565907859482999e-05,-2.749314
34,10034,5,c34_day5,Torino,8,21,readout q31: 0.0503->0.2758,130,236,69,0.4386863471390928,0.8329404234170836,8,0.0012738701438381,0.0076595499534253,0.0482635344334969,0.2757567129679758,0.0001747459891605,5.952743460143615e-05,0.0001654209429497,0.0001047242913442,-1.0241102
34,10034,6,c34_day6,Fez,8,21,readout q145: 0.0139->0.0812,119,230,63,0.7137949897633689,0.8998562848435776,8,0.0007061366463386,0.0033999583821837,0.0157921122681072,0.0811708825198576,0.0001351347090083,9.562081555389064e-05,0.0001053144373646,2.723830561991519e-05,0.661817
34,10034,6,c34_day6,Sherbrooke,8,21,"ecr(80, 79): 0.0079->0.0132",175,363,75,0.5064230337692351,0.8601757040189918,8,0.001326033132742,0.0132072420307661,0.0120849609375,0.017822265625,0.0002756566357,0.0001469928637936,0.000117238502138,2.419698915907556e-05,-1.97968
34,10034,6,c34_day6,Torino,8,21,"readout q27: 0.0305->0.1690 | readout q27: 0.1690->0.4000 | cz(29, 28): 0.0044->0.0192",119,230,63,0.3288899904022131,0.8154610187012835,8,0.0015920924087361,0.0192243685034733,0.066265869140625,0.4,0.0001747459891605,5.952743460143615e-05,0.0001654209429497,0.0001047242913442,-1.3156608
34,10034,7,c34_day7,Fez,8,21,"readout q143: 0.0044->0.0152 | cz(143, 144): 0.0032->0.0140",125,244,72,0.655380492714294,0.8886271016717652,8,0.0011457297428001,0.0139954545339231,0.0073652257629127,0.0152206342283022,0.0001346512008832,9.562081555389064e-05,0.0001064465589112,7.152777106683473e-05,1.9986811
34,10034,7,c34_day7,Sherbrooke,8,21,readout q98: 0.0247->0.0493,168,354,69,0.5303312185420815,0.8747716097263089,8,0.0011937498416527,0.0078509866247253,0.0157470703125,0.04931640625,0.0002492654495243,0.0001325295323086,0.000248320531147,7.063221921579745e-05,-2.3329654
34,10034,7,c34_day7,Torino,8,21,readout q48: 0.0408->0.1376,114,226,63,0.5266049547800261,0.838374912890667,8,0.0012643922416536,0.0076595499534253,0.0328198170918843,0.1375585367350745,0.0001773197303354,5.952743460143615e-05,0.0001508682329553,6.870523592058317e-05,-0.9817409
35,10035,0,c35_day0,Fez,6,9,normal,14,42,5,0.9478622432565376,0.9797697230715158,6,0.0004458853251735,0.0040460063587621,0.0054117838541666,0.00634765625,0.0001352017986214,9.562081555389064e-05,0.0001080747421887,7.152777106683473e-05,2.5829835
35,10035,0,c35_day0,Sherbrooke,6,9,normal,15,45,5,0.9013454991514156,0.9806631843913408,6,0.0007877700394553,0.0078509866247253,0.0106608072916666,0.015625,0.0002431170760399,0.0001325295323086,0.0002259313317361,7.063221921579745e-05,0.08961879
35,10035,0,c35_day0,Torino,6,9,normal,14,42,5,0.8957638092605122,0.9848718274894684,6,0.0007830712579913,0.0076595499534253,0.0120849609375,0.030517578125,0.0001410896070604,5.952743460143615e-05,0.0001322956764097,9.850632384804888e-05,-0.081806615
35,10035,1,c35_day1,Fez,6,9,"readout q142: 0.0061->0.0199 | readout q123: 0.0063->0.0123 | cz(122, 123): 0.0040->0.0167",14,42,5,0.917237987695098,0.9836728042489256,6,0.0007161258915935,0.0167473129805027,0.0087066227180872,0.0198996259548988,0.0001352017986214,9.562081555389064e-05,0.0001080747421887,7.152777106683473e-05,1.3437482
35,10035,1,c35_day1,Sherbrooke,6,9,"readout q99: 0.0156->0.0900 | ecr(101, 100): 0.0077->0.0303",15,45,5,0.814250619198903,0.957966719274559,6,0.0012408349035932,0.0303198763118965,0.023051371697162,0.0899683864329725,0.0002431170760399,0.0001325295323086,0.0002259313317361,7.063221921579745e-05,-0.6949314
35,10035,1,c35_day1,Torino,6,9,readout q36: 0.0071->0.0142,14,42,5,0.88937650892401,0.9840753395969442,6,0.0007830712579913,0.0076595499534253,0.0132649739583333,0.030517578125,0.0001410896070604,5.952743460143615e-05,0.0001322956764097,9.850632384804888e-05,0.4355543
35,10035,2,c35_day2,Fez,6,9,"cz(124, 123): 0.0032->0.0088",14,42,5,0.9425909231334456,0.9879735699971616,6,0.0005638257915588,0.008792542857569,0.0054117838541666,0.00634765625,0.0001352017986214,9.562081555389064e-05,0.0001080747421887,7.152777106683473e-05,2.1234522
35,10035,2,c35_day2,Sherbrooke,6,9,readout q119: 0.0115->0.0513,15,45,5,0.8650125960860906,0.9857337318689356,6,0.0007877700394553,0.0078509866247253,0.0173019893224943,0.0513217015599658,0.0002431170760399,0.0001325295323086,0.0002259313317361,7.063221921579745e-05,-0.18014899
35,10035,2,c35_day2,Torino,6,9,"readout q36: 0.0071->0.0255 | cz(28, 29): 0.0044->0.0217",14,42,5,0.8638163673573432,0.9808484556047196,6,0.0011517062820538,0.0217194242154462,0.0151607233926951,0.030517578125,0.0001410896070604,5.952743460143615e-05,0.0001322956764097,9.850632384804888e-05,-0.025792431
35,10035,3,c35_day3,Fez,6,9,"readout q122: 0.0063->0.0221 | cz(122, 123): 0.0040->0.0151",14,42,5,0.9225147613400092,0.9739103654520828,6,0.0006802560588337,0.0150614308407944,0.0080378318795874,0.0221039444025244,0.0001352017986214,9.562081555389064e-05,0.0001080747421887,7.152777106683473e-05,1.5145079
35,10035,3,c35_day3,Sherbrooke,6,9,readout q101: 0.0037->0.0073,15,45,5,0.8980325409335101,0.9844121150421964,6,0.0007877700394553,0.0078509866247253,0.0112711588541666,0.015625,0.0002431170760399,0.0001325295323086,0.0002259313317361,7.063221921579745e-05,-0.11368141
35,10035,3,c35_day3,Torino,6,9,readout q36: 0.0071->0.0187,14,42,5,0.8852525958382182,0.984024509417431,6,0.0007830712579913,0.0076595499534253,0.0140268406127333,0.030517578125,0.0001410896070604,5.952743460143615e-05,0.0001322956764097,9.850632384804888e-05,0.23045318
35,10035,4,c35_day4,Fez,6,9,readout q124: 0.0046->0.0093,14,42,5,0.9434449308646132,0.9849994035052492,6,0.0004458853251735,0.0040460063587621,0.0061848958333333,0.00927734375,0.0001352017986214,9.562081555389064e-05,0.0001080747421887,7.152777106683473e-05,2.5354216
35,10035,4,c35_day4,Sherbrooke,6,9,"ecr(119, 118): 0.0065->0.0279",15,45,5,0.8819529207323251,0.9830962910294794,6,0.0012152838489437,0.0278573462914828,0.0106608072916666,0.015625,0.0002431170760399,0.0001325295323086,0.0002259313317361,7.063221921579745e-05,-0.59188694
35,10035,4,c35_day4,Torino,6,9,"readout q28: 0.0063->0.0235 | readout q30: 0.0054->0.0181 | cz(28, 29): 0.0044->0.0177",14,42,5,0.8574477762560418,0.9733359225725066,6,0.0010667408686492,0.0177260497854291,0.0170556943141872,0.030517578125,0.0001410896070604,5.952743460143615e-05,0.0001322956764097,9.850632384804888e-05,0.25995353
35,10035,5,c35_day5,Fez,6,9,"readout q143: 0.0044->0.0107 | readout q136: 0.0046->0.0103 | cz(122, 123): 0.0040->0.0133",14,42,5,0.927781421976621,0.9808822893204516,6,0.00064299051126,0.0133099501048275,0.007407983296797,0.010712591688539,0.0001352017986214,9.562081555389064e-05,0.0001080747421887,7.152777106683473e-05,2.208045
35,10035,5,c35_day5,Sherbrooke,6,9,readout q100: 0.0134->0.0481 | readout q119: 0.0115->0.0179,15,45,5,0.8640757645938754,0.9804447653052536,6,0.0007877700394553,0.0078509866247253,0.0174992596788945,0.0480557019631276,0.0002431170760399,0.0001325295323086,0.0002259313317361,7.063221921579745e-05,0.08227286
35,10035,5,c35_day5,Torino,6,9,"readout q27: 0.0305->0.1427 | cz(28, 27): 0.0062->0.0220",14,42,5,0.7794760998872331,0.9744488376624436,6,0.0011196018554279,0.0219949601203418,0.0307873245297502,0.1427317596785013,0.0001410896070604,5.952743460143615e-05,0.0001322956764097,9.850632384804888e-05,-1.7125584
35,10035,6,c35_day6,Fez,6,9,readout q136: 0.0046->0.0238,14,42,5,0.9295682014035802,0.9766924309968732,6,0.0004458853251735,0.0040460063587621,0.0086135820629044,0.0238494611274268,0.0001352017986214,9.562081555389064e-05,0.0001080747421887,7.152777106683473e-05,1.8714544
35,10035,6,c35_day6,Sherbrooke,6,9,"readout q119: 0.0115->0.0614 | ecr(99, 100): 0.0079->0.0222",15,45,5,0.84349506184394,0.9743038045337732,6,0.001073783149495,0.0221516421267101,0.0189802926694253,0.0613915216415517,0.0002431170760399,0.0001325295323086,0.0002259313317361,7.063221921579745e-05,-0.37795213
35,10035,6,c35_day6,Torino,6,9,"readout q17: 0.0112->0.0644 | cz(36, 29): 0.0039->0.0107",14,42,5,0.8417296403484102,0.9811386853917488,6,0.000929108139495,0.0107217182698196,0.020951305431531,0.0644285357141865,0.0001410896070604,5.952743460143615e-05,0.0001322956764097,9.850632384804888e-05,0.70904046
35,10035,7,c35_day7,Fez,6,9,readout q136: 0.0046->0.0182,14,42,5,0.9349134788678434,0.972361741603234,6,0.0004458853251735,0.0040460063587621,0.0076780589047174,0.0182363221783046,0.0001352017986214,9.562081555389064e-05,0.0001080747421887,7.152777106683473e-05,1.8407142
35,10035,7,c35_day7,Sherbrooke,6,9,readout q118: 0.0125->0.0355,15,45,5,0.8802915260149418,0.9710043412986588,6,0.0007877700394553,0.0078509866247253,0.0145053978727987,0.0355187153617922,0.0002431170760399,0.0001325295323086,0.0002259313317361,7.063221921579745e-05,0.32206783
35,10035,7,c35_day7,Torino,6,9,readout q17: 0.0112->0.0277,14,42,5,0.880844682628802,0.9835416987112968,6,0.0007830712579913,0.0076595499534253,0.0148296535476486,0.030517578125,0.0001410896070604,5.952743460143615e-05,0.0001322956764097,9.850632384804888e-05,0.270932
36,10036,0,c36_day0,Fez,6,12,normal,33,58,10,0.9460484313066252,0.992138048285122,6,0.0004623930015819,0.0033113559831042,0.0039876302083333,0.006103515625,0.0001575703496091,9.562081555389064e-05,0.0001228498337733,9.144599425726836e-05,1.1240929
36,10036,0,c36_day0,Sherbrooke,6,12,normal,36,62,10,0.9113692163613084,0.9849443483391876,6,0.0008107775329577,0.0063034804302026,0.0056966145833333,0.0078125,0.0002698959465769,0.0001812780919545,0.0002012657735039,6.337555301919867e-05,1.2263106
36,10036,0,c36_day0,Torino,6,12,normal,33,58,10,0.9066499409512144,0.9825855100230758,6,0.0005835817487129,0.0037462778074416,0.0096435546875,0.02294921875,0.000207676565893,0.0001545949399916,0.0001573338632158,2.7784766241489783e-05,0.44521728
36,10036,1,c36_day1,Fez,6,12,readout q4: 0.0015->0.0051,33,58,10,0.942588544956424,0.9839845207133824,6,0.0004623930015819,0.0033113559831042,0.0045962703235358,0.006103515625,0.0001575703496091,9.562081555389064e-05,0.0001228498337733,9.144599425726836e-05,1.3746775
36,10036,1,c36_day1,Sherbrooke,6,12,readout q113: 0.0039->0.0070,36,62,10,0.9085841469733584,0.987297401691577,6,0.0008107775329577,0.0063034804302026,0.0062039446827137,0.0078125,0.0002698959465769,0.0001812780919545,0.0002012657735039,6.337555301919867e-05,1.005534
36,10036,1,c36_day1,Torino,6,12,"readout q80: 0.0229->0.0417 | cz(99, 92): 0.0032->0.0156",33,58,10,0.8672664290084969,0.9837484839462952,6,0.0009489902268547,0.0156029013195048,0.0127605048981923,0.041650920014154,0.000207676565893,0.0001545949399916,0.0001573338632158,2.7784766241489783e-05,0.26293087
36,10036,2,c36_day2,Fez,6,12,"readout q23: 0.0024->0.0072 | cz(136, 143): 0.0024->0.0061",33,58,10,0.9346595054524148,0.9928462323355054,6,0.0005704562902251,0.0061084614731616,0.0047724520060518,0.0071503370363113,0.0001575703496091,9.562081555389064e-05,0.0001228498337733,9.144599425726836e-05,1.2267008
36,10036,2,c36_day2,Sherbrooke,6,12,"ecr(124, 123): 0.0053->0.0132",36,62,10,0.89682083352858,0.988712349811336,6,0.0010322068902747,0.0132449792197212,0.0056966145833333,0.0078125,0.0002698959465769,0.0001812780919545,0.0002012657735039,6.337555301919867e-05,0.36652464
36,10036,2,c36_day2,Torino,6,12,readout q51: 0.0051->0.0103,33,58,10,0.9019776345070488,0.9839528779684048,6,0.0005835817487129,0.0037462778074416,0.010498046875,0.02294921875,0.000207676565893,0.0001545949399916,0.0001573338632158,2.7784766241489783e-05,0.2006742
36,10036,3,c36_day3,Fez,6,12,"readout q23: 0.0024->0.0142 | cz(143, 136): 0.0024->0.0075",33,58,10,0.9158542200194776,0.9933984463413112,6,0.0007631523545992,0.0075472186605875,0.0059514875448784,0.0142245502692708,0.0001575703496091,9.562081555389064e-05,0.0001228498337733,9.144599425726836e-05,0.73522836
36,10036,3,c36_day3,Sherbrooke,6,12,readout q113: 0.0039->0.0078,36,62,10,0.9077952194344012,0.9924416403220347,6,0.0008107775329577,0.0063034804302026,0.00634765625,0.0078125,0.0002698959465769,0.0001812780919545,0.0002012657735039,6.337555301919867e-05,1.005534
36,10036,3,c36_day3,Torino,6,12,readout q66: 0.0059->0.0115,33,58,10,0.9014759103413984,0.9798297939671284,6,0.0005835817487129,0.0037462778074416,0.0105891077967877,0.02294921875,0.000207676565893,0.0001545949399916,0.0001573338632158,2.7784766241489783e-05,0.2006742
36,10036,4,c36_day4,Fez,6,12,"readout q142: 0.0061->0.0336 | cz(136, 143): 0.0024->0.0098",33,58,10,0.9062563595396984,0.989036459828866,6,0.000680135762813,0.0098375635411501,0.0085733278556943,0.0336177015091659,0.0001575703496091,9.562081555389064e-05,0.0001228498337733,9.144599425726836e-05,0.03518624
36,10036,4,c36_day4,Sherbrooke,6,12,"readout q123: 0.0078->0.0455 | readout q122: 0.0076->0.0147 | ecr(125, 124): 0.0063->0.0124",36,62,10,0.85981191883859,0.9877590850664943,6,0.0009801667406479,0.0124014919070474,0.0131643383353289,0.0454936998394619,0.0002698959465769,0.0001812780919545,0.0002012657735039,6.337555301919867e-05,0.777792
36,10036,4,c36_day4,Torino,6,12,readout q80: 0.0229->0.0487,33,58,10,0.8827918305382231,0.9883020689941454,6,0.0005835817487129,0.0037462778074416,0.013928667821261,0.048659897552566,0.000207676565893,0.0001545949399916,0.0001573338632158,2.7784766241489783e-05,0.53658193
36,10036,5,c36_day5,Fez,6,12,"cz(143, 142): 0.0033->0.0133",33,58,10,0.9271663567138856,0.9854523203415648,6,0.0007564085829683,0.0133078857502418,0.0039876302083333,0.006103515625,0.0001575703496091,9.562081555389064e-05,0.0001228498337733,9.144599425726836e-05,1.1975403
36,10036,5,c36_day5,Sherbrooke,6,12,readout q113: 0.0039->0.0078,36,62,10,0.9077952194344012,0.9870714141518888,6,0.0008107775329577,0.0063034804302026,0.00634765625,0.0078125,0.0002698959465769,0.0001812780919545,0.0002012657735039,6.337555301919867e-05,1.005534
36,10036,5,c36_day5,Torino,6,12,readout q51: 0.0051->0.0228 | readout q81: 0.0054->0.0187,33,58,10,0.8785974249628911,0.9848576679223426,6,0.0005835817487129,0.0037462778074416,0.0148128999766392,0.02294921875,0.000207676565893,0.0001545949399916,0.0001573338632158,2.7784766241489783e-05,0.1915325
36,10036,6,c36_day6,Fez,6,12,"readout q23: 0.0024->0.0064 | cz(141, 142): 0.0029->0.0124",33,58,10,0.933347484820133,0.993096447567584,6,0.0006013993620957,0.0123762223562747,0.0046498209164925,0.0064145504989554,0.0001575703496091,9.562081555389064e-05,0.0001228498337733,9.144599425726836e-05,1.1412793
36,10036,6,c36_day6,Sherbrooke,6,12,"readout q123: 0.0078->0.0202 | ecr(123, 122): 0.0049->0.0190",36,62,10,0.8259753205912418,0.987283849031848,6,0.0019877750185224,0.0190234148895922,0.0077690959719708,0.0202473883318251,0.0002698959465769,0.0001812780919545,0.0002012657735039,6.337555301919867e-05,-1.2981536
36,10036,6,c36_day6,Torino,6,12,"cz(92, 99): 0.0032->0.0094",33,58,10,0.8844016300361685,0.9866294997556356,6,0.0009466610446268,0.0093513610932208,0.0096435546875,0.02294921875,0.000207676565893,0.0001545949399916,0.0001573338632158,2.7784766241489783e-05,0.29935262
36,10036,7,c36_day7,Fez,6,12,readout q136: 0.0046->0.0106,33,58,10,0.9403420573196698,0.9885263528469004,6,0.0004623930015819,0.0033113559831042,0.0049882667864891,0.0106424913439349,0.0001575703496091,9.562081555389064e-05,0.0001228498337733,9.144599425726836e-05,1.4514403
36,10036,7,c36_day7,Sherbrooke,6,12,readout q125: 0.0078->0.0444,36,62,10,0.8777812891241823,0.987992145803278,6,0.0008107775329577,0.0063034804302026,0.0117910201139187,0.0443789331835124,0.0002698959465769,0.0001812780919545,0.0002012657735039,6.337555301919867e-05,1.130113
36,10036,7,c36_day7,Torino,6,12,"readout q99: 0.0095->0.0493 | readout q99: 0.0493->0.1930 | cz(92, 80): 0.0031->0.0134",33,58,10,0.7233864750365318,0.9862850746734356,6,0.0008884237896135,0.0134364040200457,0.0402295369980967,0.1930373782385805,0.000207676565893,0.0001545949399916,0.0001573338632158,2.7784766241489783e-05,-2.0005467
37,10037,0,c37_day0,Fez,4,16,normal,70,97,27,0.8983382407676318,0.9946815402620652,4,0.0007018017394736,0.0033113559831042,0.0050048828125,0.006103515625,0.0001449415573459,9.562081555389064e-05,0.0001130949403026,9.144599425726836e-05,2.1477659
37,10037,0,c37_day0,Sherbrooke,4,16,normal,87,124,24,0.8216495882481224,0.9939697565235496,4,0.0010150153007718,0.0109347787995824,0.0113525390625,0.016845703125,0.0003411280121078,0.0001586839588384,0.0001411847204297,1.8737652324842997e-05,-0.4912854
37,10037,0,c37_day0,Torino,4,16,normal,69,81,24,0.8514355078716885,0.995398672206416,4,0.0012346064327641,0.0076595499534253,0.0076904296875,0.011962890625,0.0001236753781531,5.952743460143615e-05,0.0001468251847943,0.0001047242913442,0.50183713
37,10037,1,c37_day1,Fez,4,16,"readout q136: 0.0046->0.0166 | cz(143, 142): 0.0033->0.0131",71,87,27,0.746271345759891,0.9963635573506144,4,0.0022723334757608,0.0130701129499209,0.0079846792145113,0.0165578574830454,0.0001449415573459,9.562081555389064e-05,0.0001130949403026,9.144599425726836e-05,-0.13527815
37,10037,1,c37_day1,Sherbrooke,4,16,"readout q30: 0.0063->0.0130 | ecr(17, 30): 0.0036->0.0112",89,130,24,0.7370119967385811,0.9931386353957196,4,0.0016329036571397,0.0112410427262688,0.0130095829181576,0.016845703125,0.0003411280121078,0.0001586839588384,0.0001411847204297,1.8737652324842997e-05,-1.5598787
37,10037,1,c37_day1,Torino,4,16,readout q92: 0.0090->0.0181,70,90,27,0.8544225909501242,0.9972498847458356,4,0.0008614100151559,0.0037462778074416,0.01397705078125,0.02294921875,0.000190437033242,0.0001545949399916,0.0001206180764936,2.7784766241489783e-05,0.9946738
37,10037,2,c37_day2,Fez,4,16,readout q143: 0.0044->0.0089 | readout q143: 0.0089->0.0230,71,87,27,0.8761786002103423,0.9963311350410572,4,0.0008170802438671,0.0033113559831042,0.0096494562649119,0.0229728250596478,0.0001449415573459,9.562081555389064e-05,0.0001130949403026,9.144599425726836e-05,2.123916
37,10037,2,c37_day2,Sherbrooke,4,16,"readout q124: 0.0042->0.0242 | ecr(124, 123): 0.0053->0.0238",88,139,27,0.5917940396020325,0.9889293949279874,4,0.0028417713160869,0.0237641369290008,0.0118587321082064,0.0242415690578258,0.0002806395150267,0.0002392803354207,0.0002504101259421,6.337555301919867e-05,-1.206976
37,10037,2,c37_day2,Torino,4,16,readout q80: 0.0229->0.0459,71,87,27,0.8432382672843108,0.9912026540024422,4,0.0008715005813882,0.0037462778074416,0.0174560546875,0.0458984375,0.000190437033242,0.0001545949399916,0.0001206180764936,2.7784766241489783e-05,1.1001074
37,10037,3,c37_day3,Fez,4,16,readout q102: 0.0061->0.0122,69,81,24,0.881335183963893,0.9942880223118128,4,0.0009723842653454,0.0047573200668353,0.0059814453125,0.01220703125,0.0001515716190726,0.0001233924649187,0.0001050222104996,8.856971895776478e-05,2.8320801
37,10037,3,c37_day3,Sherbrooke,4,16,readout q30: 0.0063->0.0246 | readout q31: 0.0098->0.0308,87,124,24,0.7893996563768567,0.9930156853845238,4,0.0010150153007718,0.0109347787995824,0.0211817527871186,0.0307956885188664,0.0003411280121078,0.0001586839588384,0.0001411847204297,1.8737652324842997e-05,-1.0048513
37,10037,3,c37_day3,Torino,4,16,"cz(29, 28): 0.0044->0.0133",72,86,24,0.8213256207878928,0.990451465910639,4,0.0015032078758971,0.0133368497777363,0.0076904296875,0.011962890625,0.0001236753781531,5.952743460143615e-05,0.0001468251847943,0.0001047242913442,0.07563422
37,10037,4,c37_day4,Fez,4,16,readout q103: 0.0029->0.0058,72,86,24,0.8813236033917364,0.995924412222968,4,0.0009577486086785,0.0047573200668353,0.0051797290574084,0.00634765625,0.0001515716190726,0.0001233924649187,0.0001050222104996,8.856971895776478e-05,2.8829994
37,10037,4,c37_day4,Sherbrooke,4,16,"ecr(17, 30): 0.0036->0.0157",87,124,24,0.7097349459664426,0.9899476670249951,4,0.0019947606810681,0.0157282052302596,0.0113525390625,0.016845703125,0.0003411280121078,0.0001586839588384,0.0001411847204297,1.8737652324842997e-05,-1.620146
37,10037,4,c37_day4,Torino,4,16,"cz(80, 81): 0.0037->0.0153",70,97,27,0.7743758370271112,0.992756456178209,4,0.0016717953070834,0.0152662129231061,0.01171875,0.02294921875,0.000190437033242,0.0001545949399916,0.0001206180764936,2.7784766241489783e-05,-0.23409627
37,10037,5,c37_day5,Fez,4,16,"readout q96: 0.0024->0.0099 | cz(103, 102): 0.0033->0.0090",72,86,24,0.8289435292465425,0.9943452796170376,4,0.0014700025171393,0.0089597724216522,0.0063155014176398,0.0098811462955593,0.0001515716190726,0.0001233924649187,0.0001050222104996,8.856971895776478e-05,0.5248593
37,10037,5,c37_day5,Sherbrooke,4,16,readout q124: 0.0042->0.0240,88,138,27,0.8145750402895274,0.9954751183970578,4,0.0009519124438161,0.0063034804302026,0.0118102023145698,0.0240474498832793,0.0002806395150267,0.0002392803354207,0.0002504101259421,6.337555301919867e-05,0.23244588
37,10037,5,c37_day5,Torino,4,16,"readout q29: 0.0120->0.0369 | cz(29, 28): 0.0044->0.0144",69,81,24,0.8052781196478171,0.990177079350537,4,0.001519583668415,0.0143677813322917,0.0139167189096713,0.0368680475136854,0.0001236753781531,5.952743460143615e-05,0.0001468251847943,0.0001047242913442,0.35546392
37,10037,6,c37_day6,Fez,4,16,"readout q96: 0.0024->0.0116 | cz(102, 103): 0.0033->0.0092",69,81,24,0.8734918927571651,0.995648114169884,4,0.0010280481653447,0.0091696889284996,0.0067437844525401,0.0115942784351606,0.0001515716190726,0.0001233924649187,0.0001050222104996,8.856971895776478e-05,1.9689937
37,10037,6,c37_day6,Sherbrooke,4,16,"readout q125: 0.0078->0.0378 | readout q123: 0.0078->0.0188 | ecr(123, 122): 0.0049->0.0139",78,136,27,0.7253220489758381,0.9915518712253052,4,0.0015373448231122,0.0139232100295999,0.0170827746728064,0.0378330892570883,0.0002806395150267,0.0002392803354207,0.0002504101259421,6.337555301919867e-05,-1.60506
37,10037,6,c37_day6,Torino,4,16,"readout q30: 0.0054->0.0156 | cz(29, 36): 0.0039->0.0141",69,81,24,0.737223037411942,0.995391651571088,4,0.0024965438999336,0.0140505566893613,0.0102462012771361,0.0155941801085447,0.0001236753781531,5.952743460143615e-05,0.0001468251847943,0.0001047242913442,-0.55479157
37,10037,7,c37_day7,Fez,4,16,"readout q142: 0.0061->0.0366 | cz(143, 144): 0.0032->0.0120",75,93,24,0.8195793040822648,0.9922300637508006,4,0.0012071072786189,0.0119739345048851,0.0140962684028659,0.0366096829864636,0.000127319740731,9.562081555389064e-05,0.0001181529477132,9.360064375549624e-05,1.4268693
37,10037,7,c37_day7,Sherbrooke,4,16,"readout q17: 0.0168->0.0869 | ecr(31, 30): 0.0109->0.0210",87,124,24,0.725139211578487,0.992504696472465,4,0.0013544548331932,0.0209821889592544,0.0288609742078659,0.0868794437064639,0.0003411280121078,0.0001586839588384,0.0001411847204297,1.8737652324842997e-05,-1.7180481
37,10037,7,c37_day7,Torino,4,16,"cz(80, 81): 0.0037->0.0078",70,90,27,0.8484447932882687,0.995694886045108,4,0.0009988893125574,0.0077675472564338,0.01171875,0.02294921875,0.000190437033242,0.0001545949399916,0.0001206180764936,2.7784766241489783e-05,0.38755554
38,10038,0,c38_day0,Fez,6,25,normal,157,239,72,0.7561005207935352,0.9409358909956904,6,0.0007781687317054,0.0033999583821837,0.0061848958333333,0.0107421875,0.000138821110552,9.562081555389064e-05,0.0001129146287607,9.144599425726836e-05,2.854843
38,10038,0,c38_day0,Sherbrooke,6,25,normal,193,353,72,0.60962032550072,0.906486395426018,6,0.0009992594585978,0.0063034804302026,0.0114339192708333,0.021484375,0.0002718363494371,0.0002392803354207,0.0001876829355294,1.565907859482999e-05,-1.1509814
38,10038,0,c38_day0,Torino,6,25,normal,149,229,72,0.6778394639883457,0.9385899067342892,6,0.0008854357379526,0.0040802090599368,0.0199788411458333,0.053955078125,0.0001916493674974,0.0001545949399916,0.0001109475288524,2.7784766241489783e-05,0.8859013
38,10038,1,c38_day1,Fez,6,25,readout q142: 0.0061->0.0142 | readout q142: 0.0142->0.0478,128,197,57,0.7645490741576927,0.9672846259424712,6,0.0007340005636718,0.0033113559831042,0.0134137145886921,0.0477674437821527,0.0001288604256696,9.562081555389064e-05,9.854934845505242e-05,2.723830561991519e-05,1.5777454
38,10038,1,c38_day1,Sherbrooke,6,25,"readout q122: 0.0076->0.0379 | readout q125: 0.0078->0.0154 | ecr(123, 122): 0.0049->0.0196",191,348,72,0.4746332768111377,0.8543776001438367,6,0.0015088909575865,0.0196279787030252,0.0177450056129098,0.0378846479924397,0.0002718363494371,0.0002392803354207,0.0001876829355294,1.565907859482999e-05,-3.1175282
38,10038,1,c38_day1,Torino,6,25,"readout q30: 0.0054->0.0164 | readout q29: 0.0120->0.0271 | cz(28, 27): 0.0062->0.0144",121,203,60,0.5870019503810462,0.9048603623265302,6,0.0015253993683175,0.0143595218048187,0.021361397626574,0.040771484375,0.0001530070437697,5.952743460143615e-05,0.0001560078209611,0.0001047242913442,-0.19657603
38,10038,2,c38_day2,Fez,6,25,readout q136: 0.0046->0.0220 | readout q142: 0.0061->0.0203,128,197,57,0.7728725402997473,0.9656380663172512,6,0.0007340005636718,0.0033113559831042,0.0117314988002074,0.0219729211217029,0.0001288604256696,9.562081555389064e-05,9.854934845505242e-05,2.723830561991519e-05,2.432986
38,10038,2,c38_day2,Sherbrooke,6,25,readout q103: 0.0088->0.0205,177,308,63,0.6004425895121208,0.9235572726579496,6,0.0010900588908178,0.0070188333274661,0.0171778465844735,0.045654296875,0.0002936812990008,0.0001677113623002,0.0001799861953691,2.7133052989838604e-05,-1.489808
38,10038,2,c38_day2,Torino,6,25,"readout q27: 0.0305->0.1212 | cz(28, 27): 0.0062->0.0268",121,203,60,0.4938160819035117,0.8542922231807406,6,0.0019023927764044,0.0267531800956736,0.0321175384891967,0.1211720278101807,0.0001530070437697,5.952743460143615e-05,0.0001560078209611,0.0001047242913442,-1.5063913
38,10038,3,c38_day3,Fez,6,25,"cz(136, 143): 0.0024->0.0076",128,197,57,0.7897519578563093,0.961523705277044,6,0.0007747048684456,0.0076037563655702,0.0064697265625,0.0107421875,0.0001288604256696,9.562081555389064e-05,9.854934845505242e-05,2.723830561991519e-05,2.657524
38,10038,3,c38_day3,Sherbrooke,6,25,readout q119: 0.0115->0.0357,185,324,66,0.5615714066038541,0.9176358513472522,6,0.0012469895960414,0.0078509866247253,0.0146922533888198,0.0356632859579191,0.0002431170760399,0.0001325295323086,0.0002259313317361,7.063221921579745e-05,-2.1678925
38,10038,3,c38_day3,Torino,6,25,"readout q81: 0.0054->0.0223 | cz(92, 80): 0.0031->0.0053",132,207,63,0.6895984993087257,0.951320159991373,6,0.0009372082321556,0.0052665931488793,0.019465887302564,0.033935546875,0.000204961395834,0.0001545949399916,0.0001220956627184,2.7784766241489783e-05,1.2203832
38,10038,4,c38_day4,Fez,6,25,"readout q144: 0.0107->0.0620 | cz(136, 143): 0.0024->0.0074",121,203,60,0.7226355740611471,0.949045235776035,6,0.0008897149466822,0.0073576315019381,0.014726819683601,0.0619937306016062,0.000138821110552,9.562081555389064e-05,0.0001129146287607,9.144599425726836e-05,1.2841337
38,10038,4,c38_day4,Sherbrooke,6,25,readout q110: 0.0073->0.0124,170,297,57,0.6104683832721691,0.9307882263920906,6,0.0011940524726311,0.0078509866247253,0.0115074684850079,0.015625,0.0002431170760399,0.0001325295323086,0.0002259313317361,7.063221921579745e-05,-1.741382
38,10038,4,c38_day4,Torino,6,25,readout q27: 0.0305->0.0493,132,212,63,0.6129290754683203,0.9251425239326598,6,0.0013291570667208,0.0076595499534253,0.0201368776674388,0.0492880628796329,0.0001530070437697,5.952743460143615e-05,0.0001560078209611,0.0001047242913442,0.27510342
38,10038,5,c38_day5,Fez,6,25,readout q143: 0.0044->0.0241,129,203,60,0.7703096233583918,0.9604983407402604,6,0.0007737192355844,0.0033999583821837,0.0094633284953863,0.0240651272223179,0.000138821110552,9.562081555389064e-05,0.0001129146287607,9.144599425726836e-05,2.6583629
38,10038,5,c38_day5,Sherbrooke,6,25,readout q122: 0.0076->0.0151,193,352,72,0.6049713144083404,0.9136827058296644,6,0.0010016162026039,0.0063034804302026,0.0126953125,0.021484375,0.0002718363494371,0.0002392803354207,0.0001876829355294,1.565907859482999e-05,-1.380674
38,10038,5,c38_day5,Torino,6,25,readout q99: 0.0095->0.0502 | readout q100: 0.0339->0.0991,128,197,57,0.6545336273582384,0.942225842497426,6,0.0008295960482385,0.0040510160588396,0.0342881571268174,0.0991256569106116,0.000204961395834,0.0001545949399916,0.0001220956627184,2.7784766241489783e-05,0.3406061
38,10038,6,c38_day6,Fez,6,25,readout q141: 0.0049->0.0098,128,197,57,0.7940855011225099,0.9636001446939222,6,0.0007340005636718,0.0033113559831042,0.0072835286458333,0.0107421875,0.0001288604256696,9.562081555389064e-05,9.854934845505242e-05,2.723830561991519e-05,3.0425305
38,10038,6,c38_day6,Sherbrooke,6,25,"ecr(124, 123): 0.0053->0.0249",191,348,72,0.4508155484702885,0.8549440055154219,6,0.0017188707592492,0.0248995882003964,0.0114339192708333,0.021484375,0.0002718363494371,0.0002392803354207,0.0001876829355294,1.565907859482999e-05,-2.5003302
38,10038,6,c38_day6,Torino,6,25,"cz(36, 29): 0.0039->0.0148",121,203,60,0.6094032304930023,0.928421400080243,6,0.001484530520828,0.0147986830835925,0.0170084635416666,0.040771484375,0.0001530070437697,5.952743460143615e-05,0.0001560078209611,0.0001047242913442,0.04950137
38,10038,7,c38_day7,Fez,6,25,"cz(143, 136): 0.0024->0.0079",128,197,57,0.7553962961387369,0.9594972851866396,6,0.0009488983418756,0.0078927132256711,0.0064697265625,0.0107421875,0.0001288604256696,9.562081555389064e-05,9.854934845505242e-05,2.723830561991519e-05,1.9947983
38,10038,7,c38_day7,Sherbrooke,6,25,readout q99: 0.0156->0.0536,160,289,60,0.5667954359064895,0.9051985970877916,6,0.0012869701102695,0.0078509866247253,0.0191866490131795,0.053596456579077,0.0002506183673745,0.0001325295323086,0.0002575365135152,7.063221921579745e-05,-2.6592314
38,10038,7,c38_day7,Torino,6,25,"readout q27: 0.0305->0.1330 | cz(36, 48): 0.0041->0.0138",121,203,60,0.4874295028893377,0.8893640348789728,6,0.0019052054517276,0.0138447852430604,0.0340873385948778,0.1329908284442668,0.0001530070437697,5.952743460143615e-05,0.0001560078209611,0.0001047242913442,-1.0825987
39,10039,0,c39_day0,Fez,5,8,normal,33,47,12,0.936165016211716,0.977951305720303,5,0.00066903252625,0.0033999583821837,0.0052734375,0.00634765625,0.0001470341777747,9.562081555389064e-05,0.0001131619497329,9.144599425726836e-05,1.6308018
39,10039,0,c39_day0,Sherbrooke,5,8,normal,38,73,12,0.8902606525678243,0.9581465235254758,5,0.0008077123087396,0.0063034804302026,0.009423828125,0.019775390625,0.0002768752423068,0.0002392803354207,0.0002220877069163,6.337555301919867e-05,1.6152984
39,10039,0,c39_day0,Torino,5,8,normal,31,47,12,0.8975886507497113,0.9643577943883622,5,0.0007036646135313,0.0037462778074416,0.01318359375,0.02294921875,0.0001984830298638,0.0001545949399916,0.0001086338519209,2.7784766241489783e-05,-0.41741532
39,10039,1,c39_day1,Fez,5,8,"readout q143: 0.0044->0.0259 | readout q143: 0.0259->0.0790 | cz(143, 142): 0.0033->0.0055",31,47,12,0.8584379596697921,0.8983543812543674,5,0.0008182199490598,0.0055342106062991,0.0201851250158999,0.0789529688294995,0.0001470341777747,9.562081555389064e-05,0.0001131619497329,9.144599425726836e-05,0.7794679
39,10039,1,c39_day1,Sherbrooke,5,8,"ecr(125, 124): 0.0063->0.0309",41,77,12,0.8253559045556165,0.9310868398822228,5,0.0016062142518928,0.0308940206317936,0.009423828125,0.019775390625,0.0002768752423068,0.0002392803354207,0.0002220877069163,6.337555301919867e-05,-0.9895523
39,10039,1,c39_day1,Torino,5,8,"readout q81: 0.0054->0.0248 | cz(99, 92): 0.0032->0.0134",33,47,12,0.842900472765199,0.9434861506807004,5,0.0014288025065698,0.0133865572849585,0.0170708440996806,0.0248073454984034,0.0001984830298638,0.0001545949399916,0.0001086338519209,2.7784766241489783e-05,-0.08611568
39,10039,2,c39_day2,Fez,5,8,"readout q136: 0.0046->0.0074 | cz(136, 143): 0.0024->0.0069",33,47,12,0.91687273630194,0.974830650050914,5,0.000973771292015,0.0069292064543282,0.0058218991497309,0.0073809801236549,0.0001470341777747,9.562081555389064e-05,0.0001131619497329,9.144599425726836e-05,1.0981318
39,10039,2,c39_day2,Sherbrooke,5,8,readout q118: 0.0125->0.0284,40,72,12,0.8499593497192148,0.928487627057484,5,0.0011088712080777,0.0078509866247253,0.0136903580682452,0.0284127278412262,0.0002497563615647,0.0001325295323086,0.0002368203945395,7.063221921579745e-05,-0.2905215
39,10039,2,c39_day2,Torino,5,8,"cz(99, 98): 0.0025->0.0051",31,47,12,0.8905975626645304,0.9614828349577206,5,0.0008356856818265,0.0051332506426165,0.01318359375,0.02294921875,0.0001984830298638,0.0001545949399916,0.0001086338519209,2.7784766241489783e-05,0.71607006
39,10039,3,c39_day3,Fez,5,8,"readout q143: 0.0044->0.0142 | cz(143, 136): 0.0024->0.0053",31,47,12,0.9168668350871824,0.971648024238868,5,0.0008528614447192,0.0053384470304576,0.0072436680618082,0.014245684059041,0.0001470341777747,9.562081555389064e-05,0.0001131619497329,9.144599425726836e-05,1.658757
39,10039,3,c39_day3,Sherbrooke,5,8,readout q100: 0.0134->0.0269,40,73,12,0.852164347851262,0.9287828778041832,5,0.0010958256644533,0.0078509866247253,0.01318359375,0.02685546875,0.0002497563615647,0.0001325295323086,0.0002368203945395,7.063221921579745e-05,-0.36971444
39,10039,3,c39_day3,Torino,5,8,"readout q81: 0.0054->0.0291 | readout q81: 0.0291->0.0747 | cz(99, 98): 0.0025->0.0053",30,42,12,0.8280367669498069,0.888303250212548,5,0.0009237430590088,0.0053375252533098,0.0270500245804419,0.0747032479022098,0.0001984830298638,0.0001545949399916,0.0001086338519209,2.7784766241489783e-05,0.30302417
39,10039,4,c39_day4,Fez,5,8,"cz(142, 143): 0.0033->0.0119",30,42,12,0.9101295139862708,0.9568751461426006,5,0.0012495203742956,0.0119087517714163,0.0052734375,0.00634765625,0.0001470341777747,9.562081555389064e-05,0.0001131619497329,9.144599425726836e-05,0.39728656
39,10039,4,c39_day4,Sherbrooke,5,8,"ecr(125, 124): 0.0063->0.0282",38,73,12,0.8327276710275988,0.9420333550094602,5,0.0015800450428063,0.0282394465370994,0.009423828125,0.019775390625,0.0002768752423068,0.0002392803354207,0.0002220877069163,6.337555301919867e-05,-1.0923859
39,10039,4,c39_day4,Torino,5,8,"readout q81: 0.0054->0.0240 | readout q92: 0.0090->0.0358 | cz(92, 99): 0.0032->0.0091",31,47,12,0.8419006660517161,0.9169766919338016,5,0.0010032750005904,0.0090713506748464,0.0222577968830655,0.0357788335255342,0.0001984830298638,0.0001545949399916,0.0001086338519209,2.7784766241489783e-05,-0.4134498
39,10039,5,c39_day5,Fez,5,8,"cz(143, 136): 0.0024->0.0106",31,47,12,0.9115267050096404,0.9755429761561644,5,0.0011182811162708,0.010558367237639,0.0052734375,0.00634765625,0.0001470341777747,9.562081555389064e-05,0.0001131619497329,9.144599425726836e-05,0.6574138
39,10039,5,c39_day5,Sherbrooke,5,8,"readout q122: 0.0076->0.0143 | readout q123: 0.0078->0.0212 | ecr(126, 125): 0.0046->0.0098",40,77,12,0.8539747445706932,0.9467774110604062,5,0.0010081289054001,0.0097654971249172,0.0134486192115217,0.0211928865697979,0.0002768752423068,0.0002392803354207,0.0002220877069163,6.337555301919867e-05,-0.18189424
39,10039,5,c39_day5,Torino,5,8,readout q99: 0.0095->0.0324 | readout q80: 0.0229->0.0867,30,42,12,0.8197170201861207,0.9607401869796572,5,0.0007681492282403,0.0037462778074416,0.0304994037283786,0.0866542016391927,0.0001984830298638,0.0001545949399916,0.0001086338519209,2.7784766241489783e-05,-0.30812812
39,10039,6,c39_day6,Fez,5,8,"readout q136: 0.0046->0.0227 | cz(143, 142): 0.0033->0.0072",31,47,12,0.9064973088925424,0.9647342402575356,5,0.0009034047932918,0.0072095125428609,0.0088849269282965,0.0226961190164826,0.0001470341777747,9.562081555389064e-05,0.0001131619497329,9.144599425726836e-05,0.19218594
39,10039,6,c39_day6,Sherbrooke,5,8,"readout q126: 0.0198->0.0758 | ecr(124, 123): 0.0053->0.0205",39,64,12,0.7762920845387676,0.8834399248259297,5,0.0019183185352108,0.0204840825258019,0.0206278904901826,0.075795702450913,0.0002768752423068,0.0002392803354207,0.0002220877069163,6.337555301919867e-05,-1.7088813
39,10039,6,c39_day6,Torino,5,8,readout q92: 0.0090->0.0181,30,42,12,0.8894388025995565,0.9637524240096512,5,0.0007681492282403,0.0037462778074416,0.014990234375,0.02294921875,0.0001984830298638,0.0001545949399916,0.0001086338519209,2.7784766241489783e-05,-0.20216294
39,10039,7,c39_day7,Fez,5,8,"readout q141: 0.0049->0.0219 | readout q123: 0.0063->0.0244 | cz(142, 143): 0.0033->0.0129",30,42,12,0.8755522983844551,0.9493425212892804,5,0.001305696124113,0.0129199152681305,0.012302408041789,0.0244297723338654,0.0001470341777747,9.562081555389064e-05,0.0001131619497329,9.144599425726836e-05,0.8416815
39,10039,7,c39_day7,Sherbrooke,5,8,readout q124: 0.0042->0.0083,38,73,12,0.8866918539282865,0.9529108239896809,5,0.0008058344743276,0.0063034804302026,0.01025390625,0.019775390625,0.0002768752423068,0.0002392803354207,0.0002220877069163,6.337555301919867e-05,1.0769414
39,10039,7,c39_day7,Torino,5,8,readout q81: 0.0054->0.0112 | readout q80: 0.0229->0.0773,31,47,12,0.8427056029463438,0.9465491277131496,5,0.0007036646135313,0.0037462778074416,0.0252161074143644,0.0772922286078374,0.0001984830298638,0.0001545949399916,0.0001086338519209,2.7784766241489783e-05,-0.1003076
