circuit_id,day,oracle_backend,oracle_fidelity,ranker_backend,ranker_selected_fidelity,esp_backend,esp_selected_fidelity,fez_selected_fidelity,ranker_correct,esp_correct,fez_correct,ranker_regret,esp_regret,fez_regret,gap
30,0,Fez,0.991465555407675,Fez,0.991465555407675,Fez,0.991465555407675,0.991465555407675,True,True,True,0.0,0.0,0.0,0.0006918063927295881
30,1,Fez,0.9884713611552304,Fez,0.9884713611552304,Fez,0.9884713611552304,0.9884713611552304,True,True,True,0.0,0.0,0.0,0.003572220153752026
30,2,Fez,0.9928694682165362,Fez,0.9928694682165362,Fez,0.9928694682165362,0.9928694682165362,True,True,True,0.0,0.0,0.0,0.008035408439884595
30,3,Fez,0.991731055012078,Fez,0.991731055012078,Fez,0.991731055012078,0.991731055012078,True,True,True,0.0,0.0,0.0,0.005765027153699642
30,4,Fez,0.9911645313937454,Fez,0.9911645313937454,Fez,0.9911645313937454,0.9911645313937454,True,True,True,0.0,0.0,0.0,0.0037119519766813935
30,5,Fez,0.9935953852046118,Fez,0.9935953852046118,Fez,0.9935953852046118,0.9935953852046118,True,True,True,0.0,0.0,0.0,0.008680805339480568
30,6,Fez,0.988732638792118,Fez,0.988732638792118,Fez,0.988732638792118,0.988732638792118,True,True,True,0.0,0.0,0.0,0.007060797275593611
30,7,Torino,0.9900795763563942,Torino,0.9900795763563942,Torino,0.9900795763563942,0.9873586843146815,True,True,False,0.0,0.0,0.0027208920417126636,0.0027208920417126636
31,0,Fez,0.96084450440112,Fez,0.96084450440112,Fez,0.96084450440112,0.96084450440112,True,True,True,0.0,0.0,0.0,0.01789338917209804
31,1,Fez,0.9404373748456186,Fez,0.9404373748456186,Fez,0.9404373748456186,0.9404373748456186,True,True,True,0.0,0.0,0.0,0.030860114132484018
31,2,Fez,0.9330856148228496,Fez,0.9330856148228496,Fez,0.9330856148228496,0.9330856148228496,True,True,True,0.0,0.0,0.0,0.0006524029228961448
31,3,Fez,0.9521819612753846,Fez,0.9521819612753846,Fez,0.9521819612753846,0.9521819612753846,True,True,True,0.0,0.0,0.0,0.02834389796153114
31,4,Torino,0.9182982961803858,Fez,0.9145097051422384,Sherbrooke,0.9110609669944736,0.9145097051422384,False,False,False,0.0037885910381474375,0.007237329185912245,0.0037885910381474375,0.0037885910381474375
31,5,Fez,0.9501113987788434,Fez,0.9501113987788434,Fez,0.9501113987788434,0.9501113987788434,True,True,True,0.0,0.0,0.0,0.016251231275984268
31,6,Fez,0.937936116383402,Fez,0.937936116383402,Fez,0.937936116383402,0.937936116383402,True,True,True,0.0,0.0,0.0,0.07210971182393189
31,7,Fez,0.9604885734869536,Fez,0.9604885734869536,Fez,0.9604885734869536,0.9604885734869536,True,True,True,0.0,0.0,0.0,0.030515917668124004
32,0,Fez,0.9440379724434028,Fez,0.9440379724434028,Fez,0.9440379724434028,0.9440379724434028,True,True,True,0.0,0.0,0.0,0.03777315407076798
32,1,Fez,0.9365708446053136,Fez,0.9365708446053136,Fez,0.9365708446053136,0.9365708446053136,True,True,True,0.0,0.0,0.0,0.08003540110221907
32,2,Fez,0.946190691260959,Fez,0.946190691260959,Fez,0.946190691260959,0.946190691260959,True,True,True,0.0,0.0,0.0,0.05105014481962189
32,3,Fez,0.9355328196958176,Fez,0.9355328196958176,Fez,0.9355328196958176,0.9355328196958176,True,True,True,0.0,0.0,0.0,0.01761260982603563
32,4,Fez,0.9425076390968972,Fez,0.9425076390968972,Fez,0.9425076390968972,0.9425076390968972,True,True,True,0.0,0.0,0.0,0.03737018596445674
32,5,Fez,0.9327432575758932,Fez,0.9327432575758932,Fez,0.9327432575758932,0.9327432575758932,True,True,True,0.0,0.0,0.0,0.015432818474392374
32,6,Fez,0.9360936976638632,Fez,0.9360936976638632,Fez,0.9360936976638632,0.9360936976638632,True,True,True,0.0,0.0,0.0,0.035859027236440744
32,7,Fez,0.9388288046809684,Fez,0.9388288046809684,Fez,0.9388288046809684,0.9388288046809684,True,True,True,0.0,0.0,0.0,0.06506189754179037
33,0,Torino,0.9686689384875,Fez,0.9560778970956688,Fez,0.9560778970956688,0.9560778970956688,False,False,False,0.012591041391831204,0.012591041391831204,0.012591041391831204,0.012591041391831204
33,1,Fez,0.9663801276012512,Fez,0.9663801276012512,Fez,0.9663801276012512,0.9663801276012512,True,True,True,0.0,0.0,0.0,0.006278980730788031
33,2,Fez,0.9666911032654476,Fez,0.9666911032654476,Fez,0.9666911032654476,0.9666911032654476,True,True,True,0.0,0.0,0.0,0.0020886398328752165
33,3,Fez,0.9678029325063628,Fez,0.9678029325063628,Fez,0.9678029325063628,0.9678029325063628,True,True,True,0.0,0.0,0.0,0.010535239132643204
33,4,Fez,0.965370108746374,Fez,0.965370108746374,Fez,0.965370108746374,0.965370108746374,True,True,True,0.0,0.0,0.0,0.0040709298508500025
33,5,Fez,0.9668852112033076,Fez,0.9668852112033076,Fez,0.9668852112033076,0.9668852112033076,True,True,True,0.0,0.0,0.0,0.0024935275703552584
33,6,Torino,0.965120593178185,Fez,0.9553688518052702,Fez,0.9553688518052702,0.9553688518052702,False,False,False,0.00975174137291479,0.00975174137291479,0.00975174137291479,0.00975174137291479
33,7,Fez,0.9638568366779782,Fez,0.9638568366779782,Fez,0.9638568366779782,0.9638568366779782,True,True,True,0.0,0.0,0.0,0.006476572912964551
34,0,Fez,0.9046712350345428,Fez,0.9046712350345428,Fez,0.9046712350345428,0.9046712350345428,True,True,True,0.0,0.0,0.0,0.02981844119410937
34,1,Fez,0.8989213129060691,Fez,0.8989213129060691,Fez,0.8989213129060691,0.8989213129060691,True,True,True,0.0,0.0,0.0,0.01443601832799446
34,2,Fez,0.9060259855859206,Fez,0.9060259855859206,Fez,0.9060259855859206,0.9060259855859206,True,True,True,0.0,0.0,0.0,0.03190828380148647
34,3,Fez,0.9041364990080544,Fez,0.9041364990080544,Fez,0.9041364990080544,0.9041364990080544,True,True,True,0.0,0.0,0.0,0.051511956961167504
34,4,Fez,0.8888789010749033,Fez,0.8888789010749033,Fez,0.8888789010749033,0.8888789010749033,True,True,True,0.0,0.0,0.0,0.028249458843460862
34,5,Fez,0.8964952172867297,Fez,0.8964952172867297,Fez,0.8964952172867297,0.8964952172867297,True,True,True,0.0,0.0,0.0,0.061983715946315465
34,6,Fez,0.8998562848435776,Fez,0.8998562848435776,Fez,0.8998562848435776,0.8998562848435776,True,True,True,0.0,0.0,0.0,0.03968058082458581
34,7,Fez,0.8886271016717652,Fez,0.8886271016717652,Fez,0.8886271016717652,0.8886271016717652,True,True,True,0.0,0.0,0.0,0.013855491945456322
35,0,Torino,0.9848718274894684,Fez,0.9797697230715158,Fez,0.9797697230715158,0.9797697230715158,False,False,False,0.005102104417952669,0.005102104417952669,0.005102104417952669,0.004208643098127629
35,1,Torino,0.9840753395969442,Fez,0.9836728042489256,Fez,0.9836728042489256,0.9836728042489256,False,False,False,0.0004025353480185956,0.0004025353480185956,0.0004025353480185956,0.0004025353480185956
35,2,Fez,0.9879735699971616,Fez,0.9879735699971616,Fez,0.9879735699971616,0.9879735699971616,True,True,True,0.0,0.0,0.0,0.002239838128225924
35,3,Sherbrooke,0.9844121150421964,Fez,0.9739103654520828,Fez,0.9739103654520828,0.9739103654520828,False,False,False,0.01050174959011363,0.01050174959011363,0.01050174959011363,0.00038760562476536364
35,4,Fez,0.9849994035052492,Fez,0.9849994035052492,Fez,0.9849994035052492,0.9849994035052492,True,True,True,0.0,0.0,0.0,0.001903112475769797
35,5,Fez,0.9808822893204516,Fez,0.9808822893204516,Fez,0.9808822893204516,0.9808822893204516,True,True,True,0.0,0.0,0.0,0.00043752401519803197
35,6,Torino,0.9811386853917488,Fez,0.9766924309968732,Fez,0.9766924309968732,0.9766924309968732,False,False,False,0.0044462543948755595,0.0044462543948755595,0.0044462543948755595,0.0044462543948755595
35,7,Torino,0.9835416987112968,Fez,0.972361741603234,Fez,0.972361741603234,0.972361741603234,False,False,False,0.011179957108062855,0.011179957108062855,0.011179957108062855,0.011179957108062855
36,0,Fez,0.992138048285122,Sherbrooke,0.9849443483391876,Fez,0.992138048285122,0.992138048285122,False,True,True,0.007193699945934329,0.0,0.0,0.007193699945934329
36,1,Sherbrooke,0.987297401691577,Fez,0.9839845207133824,Fez,0.9839845207133824,0.9839845207133824,False,False,False,0.003312880978194599,0.003312880978194599,0.003312880978194599,0.003312880978194599
36,2,Fez,0.9928462323355054,Fez,0.9928462323355054,Fez,0.9928462323355054,0.9928462323355054,True,True,True,0.0,0.0,0.0,0.004133882524169352
36,3,Fez,0.9933984463413112,Sherbrooke,0.9924416403220347,Fez,0.9933984463413112,0.9933984463413112,False,True,True,0.0009568060192765016,0.0,0.0,0.0009568060192765016
36,4,Fez,0.989036459828866,Sherbrooke,0.9877590850664943,Fez,0.989036459828866,0.989036459828866,False,True,True,0.0012773747623716636,0.0,0.0,0.0007343908347205996
36,5,Sherbrooke,0.9870714141518888,Fez,0.9854523203415648,Fez,0.9854523203415648,0.9854523203415648,False,False,False,0.0016190938103239905,0.0016190938103239905,0.0016190938103239905,0.0016190938103239905
36,6,Fez,0.993096447567584,Fez,0.993096447567584,Fez,0.993096447567584,0.993096447567584,True,True,True,0.0,0.0,0.0,0.005812598535736013
36,7,Fez,0.9885263528469004,Fez,0.9885263528469004,Fez,0.9885263528469004,0.9885263528469004,True,True,True,0.0,0.0,0.0,0.0005342070436223922
37,0,Torino,0.995398672206416,Fez,0.9946815402620652,Fez,0.9946815402620652,0.9946815402620652,False,False,False,0.0007171319443507462,0.0007171319443507462,0.0007171319443507462,0.0007171319443507462
37,1,Torino,0.9972498847458356,Torino,0.9972498847458356,Torino,0.9972498847458356,0.9963635573506144,True,True,False,0.0,0.0,0.0008863273952212092,0.0008863273952212092
37,2,Fez,0.9963311350410572,Fez,0.9963311350410572,Fez,0.9963311350410572,0.9963311350410572,True,True,True,0.0,0.0,0.0,0.005128481038614963
37,3,Fez,0.9942880223118128,Fez,0.9942880223118128,Fez,0.9942880223118128,0.9942880223118128,True,True,True,0.0,0.0,0.0,0.0012723369272890084
37,4,Fez,0.995924412222968,Fez,0.995924412222968,Fez,0.995924412222968,0.995924412222968,True,True,True,0.0,0.0,0.0,0.003167956044759057
37,5,Sherbrooke,0.9954751183970578,Fez,0.9943452796170376,Fez,0.9943452796170376,0.9943452796170376,False,False,False,0.0011298387800202647,0.0011298387800202647,0.0011298387800202647,0.0011298387800202647
37,6,Fez,0.995648114169884,Fez,0.995648114169884,Fez,0.995648114169884,0.995648114169884,True,True,True,0.0,0.0,0.0,0.0002564625987959701
37,7,Torino,0.995694886045108,Fez,0.9922300637508006,Torino,0.995694886045108,0.9922300637508006,False,True,False,0.003464822294307446,0.0,0.003464822294307446,0.003190189572643054
38,0,Fez,0.9409358909956904,Fez,0.9409358909956904,Fez,0.9409358909956904,0.9409358909956904,True,True,True,0.0,0.0,0.0,0.0023459842614012016
38,1,Fez,0.9672846259424712,Fez,0.9672846259424712,Fez,0.9672846259424712,0.9672846259424712,True,True,True,0.0,0.0,0.0,0.062424263615941
38,2,Fez,0.9656380663172512,Fez,0.9656380663172512,Fez,0.9656380663172512,0.9656380663172512,True,True,True,0.0,0.0,0.0,0.04208079365930162
38,3,Fez,0.961523705277044,Fez,0.961523705277044,Fez,0.961523705277044,0.961523705277044,True,True,True,0.0,0.0,0.0,0.010203545285671023
38,4,Fez,0.949045235776035,Fez,0.949045235776035,Fez,0.949045235776035,0.949045235776035,True,True,True,0.0,0.0,0.0,0.018257009383944367
38,5,Fez,0.9604983407402604,Fez,0.9604983407402604,Fez,0.9604983407402604,0.9604983407402604,True,True,True,0.0,0.0,0.0,0.01827249824283439
38,6,Fez,0.9636001446939222,Fez,0.9636001446939222,Fez,0.9636001446939222,0.9636001446939222,True,True,True,0.0,0.0,0.0,0.0351787446136792
38,7,Fez,0.9594972851866396,Fez,0.9594972851866396,Fez,0.9594972851866396,0.9594972851866396,True,True,True,0.0,0.0,0.0,0.05429868809884797
39,0,Fez,0.977951305720303,Fez,0.977951305720303,Fez,0.977951305720303,0.977951305720303,True,True,True,0.0,0.0,0.0,0.013593511331940755
39,1,Torino,0.9434861506807004,Fez,0.8983543812543674,Fez,0.8983543812543674,0.8983543812543674,False,False,False,0.04513176942633301,0.04513176942633301,0.04513176942633301,0.012399310798477559
39,2,Fez,0.974830650050914,Fez,0.974830650050914,Fez,0.974830650050914,0.974830650050914,True,True,True,0.0,0.0,0.0,0.013347815093193383
39,3,Fez,0.971648024238868,Fez,0.971648024238868,Fez,0.971648024238868,0.971648024238868,True,True,True,0.0,0.0,0.0,0.04286514643468475
39,4,Fez,0.9568751461426006,Fez,0.9568751461426006,Fez,0.9568751461426006,0.9568751461426006,True,True,True,0.0,0.0,0.0,0.014841791133140436
39,5,Fez,0.9755429761561644,Fez,0.9755429761561644,Fez,0.9755429761561644,0.9755429761561644,True,True,True,0.0,0.0,0.0,0.014802789176507125
39,6,Fez,0.9647342402575356,Fez,0.9647342402575356,Fez,0.9647342402575356,0.9647342402575356,True,True,True,0.0,0.0,0.0,0.000981816247884404
39,7,Sherbrooke,0.9529108239896809,Sherbrooke,0.9529108239896809,Sherbrooke,0.9529108239896809,0.9493425212892804,True,True,False,0.0,0.0,0.0035683027004004275,0.0035683027004004275
