candidate,logical_qubit,physical_qubit,readout_error,fidelity_with_this_qubit_only,fidelity_loss
22,5,42,0.141357421875,0.9356211103771186,0.06437888962288141
22,3,25,0.11962890625,0.9719304867152863,0.028069513284713743
22,2,44,0.016845703125,0.9923144346437159,0.007685565356284063
22,0,45,0.00927734375,0.9927910626298649,0.00720893737013506
22,4,54,0.008544921875,0.9929810387308727,0.007018961269127266
22,6,43,0.0087890625,0.9929824876188419,0.007017512381158109
22,1,35,0.024169921875,0.9930621472683083,0.006937852731691674
33,3,35,0.024169921875,0.9889979627863206,0.011002037213679428
33,2,45,0.00927734375,0.990499708855499,0.009500291144501016
33,5,54,0.008544921875,0.9905353393071137,0.009464660692886318
33,0,43,0.0087890625,0.9906783564884986,0.009321643511501443
33,1,44,0.016845703125,0.9908267980723381,0.009173201927661911
33,6,42,0.141357421875,0.9910206841575916,0.008979315842408409
33,4,25,0.11962890625,0.991438967998044,0.008561032001956015
