circuit_id,backend,oracle_candidate,oracle_fidelity,esp_candidate,esp_fidelity,readout_total_candidate,readout_total_fidelity,readout_2q_candidate,readout_2q_fidelity,top2_candidate,top2_fidelity,readout_composite_candidate,readout_composite_fidelity,esp_regret,readout_total_regret,readout_2q_regret,top2_regret,readout_composite_regret,esp_correct,readout_total_correct,readout_2q_correct,top2_correct,readout_composite_correct
0,Fez,33,0.9538413348759488,66,0.9462025377537154,55,0.934689032722243,55,0.934689032722243,55,0.934689032722243,55,0.934689032722243,0.007638797122233365,0.01915230215370578,0.01915230215370578,0.01915230215370578,0.01915230215370578,False,False,False,False,False
0,Sherbrooke,22,0.9232503205677411,22,0.9232503205677411,22,0.9232503205677411,22,0.9232503205677411,22,0.9232503205677411,22,0.9232503205677411,0.0,0.0,0.0,0.0,0.0,True,True,True,True,True
0,Torino,33,0.9414459570286255,22,0.8521224612892113,55,0.8842260612542634,55,0.8842260612542634,55,0.8842260612542634,55,0.8842260612542634,0.08932349573941423,0.05721989577436215,0.05721989577436215,0.05721989577436215,0.05721989577436215,False,False,False,False,False
1,Fez,22,0.9805199927719408,22,0.9805199927719408,22,0.9805199927719408,22,0.9805199927719408,22,0.9805199927719408,22,0.9805199927719408,0.0,0.0,0.0,0.0,0.0,True,True,True,True,True
1,Sherbrooke,55,0.9599030444985416,55,0.9599030444985416,55,0.9599030444985416,55,0.9599030444985416,55,0.9599030444985416,55,0.9599030444985416,0.0,0.0,0.0,0.0,0.0,True,True,True,True,True
1,Torino,11,0.956964392166434,11,0.956964392166434,11,0.956964392166434,11,0.956964392166434,11,0.956964392166434,11,0.956964392166434,0.0,0.0,0.0,0.0,0.0,True,True,True,True,True
2,Fez,33,0.972817880052882,33,0.972817880052882,33,0.972817880052882,33,0.972817880052882,33,0.972817880052882,33,0.972817880052882,0.0,0.0,0.0,0.0,0.0,True,True,True,True,True
2,Sherbrooke,66,0.9244810682746312,66,0.9244810682746312,66,0.9244810682746312,66,0.9244810682746312,66,0.9244810682746312,66,0.9244810682746312,0.0,0.0,0.0,0.0,0.0,True,True,True,True,True
2,Torino,44,0.9347171283527056,44,0.9347171283527056,44,0.9347171283527056,44,0.9347171283527056,44,0.9347171283527056,44,0.9347171283527056,0.0,0.0,0.0,0.0,0.0,True,True,True,True,True
3,Fez,33,0.9638590631601194,66,0.9605721285406752,66,0.9605721285406752,66,0.9605721285406752,44,0.9630771734037932,66,0.9605721285406752,0.0032869346194441817,0.0032869346194441817,0.0032869346194441817,0.0007818897563262039,0.0032869346194441817,False,False,False,False,False
3,Sherbrooke,11,0.9426893765986384,11,0.9426893765986384,11,0.9426893765986384,11,0.9426893765986384,11,0.9426893765986384,11,0.9426893765986384,0.0,0.0,0.0,0.0,0.0,True,True,True,True,True
3,Torino,55,0.9213161634984032,22,0.8973380563608091,22,0.8973380563608091,22,0.8973380563608091,22,0.8973380563608091,22,0.8973380563608091,0.023978107137594074,0.023978107137594074,0.023978107137594074,0.023978107137594074,0.023978107137594074,False,False,False,False,False
4,Fez,66,0.9658538323807756,66,0.9658538323807756,11,0.4639739424461742,11,0.4639739424461742,11,0.4639739424461742,11,0.4639739424461742,0.0,0.5018798899346014,0.5018798899346014,0.5018798899346014,0.5018798899346014,True,False,False,False,False
4,Sherbrooke,66,0.952322813506386,66,0.952322813506386,66,0.952322813506386,66,0.952322813506386,44,0.9411838752380168,66,0.952322813506386,0.0,0.0,0.0,0.011138938268369203,0.0,True,True,True,False,True
4,Torino,66,0.9594788228193378,66,0.9594788228193378,44,0.9381809313487656,44,0.9381809313487656,44,0.9381809313487656,44,0.9381809313487656,0.0,0.02129789147057226,0.02129789147057226,0.02129789147057226,0.02129789147057226,True,False,False,False,False
5,Fez,11,0.9479073607452966,11,0.9479073607452966,11,0.9479073607452966,11,0.9479073607452966,66,0.9414905022822924,11,0.9479073607452966,0.0,0.0,0.0,0.006416858463004216,0.0,True,True,True,False,True
5,Sherbrooke,55,0.8750298871451679,55,0.8750298871451679,55,0.8750298871451679,22,0.8441162072654533,22,0.8441162072654533,22,0.8441162072654533,0.0,0.0,0.030913679879714606,0.030913679879714606,0.030913679879714606,True,True,False,False,False
5,Torino,11,0.8580872628573238,33,0.8329690387394636,11,0.8580872628573238,33,0.8329690387394636,33,0.8329690387394636,11,0.8580872628573238,0.025118224117860244,0.0,0.025118224117860244,0.025118224117860244,0.0,False,True,False,False,True
6,Fez,55,0.9595565926806296,33,0.9539926681618928,55,0.9595565926806296,55,0.9595565926806296,55,0.9595565926806296,55,0.9595565926806296,0.005563924518736885,0.0,0.0,0.0,0.0,False,True,True,True,True
6,Sherbrooke,44,0.917599769974187,44,0.917599769974187,44,0.917599769974187,44,0.917599769974187,44,0.917599769974187,44,0.917599769974187,0.0,0.0,0.0,0.0,0.0,True,True,True,True,True
6,Torino,44,0.9301986546310956,55,0.924021634656805,55,0.924021634656805,55,0.924021634656805,66,0.9061870540706816,55,0.924021634656805,0.006177019974290654,0.006177019974290654,0.006177019974290654,0.02401160056041407,0.006177019974290654,False,False,False,False,False
7,Fez,55,0.9420519369949352,55,0.9420519369949352,11,0.921852658731018,11,0.921852658731018,11,0.921852658731018,11,0.921852658731018,0.0,0.02019927826391721,0.02019927826391721,0.02019927826391721,0.02019927826391721,True,False,False,False,False
7,Sherbrooke,55,0.8799701650789505,55,0.8799701650789505,66,0.8796431894631583,66,0.8796431894631583,66,0.8796431894631583,66,0.8796431894631583,0.0,0.00032697561579220213,0.00032697561579220213,0.00032697561579220213,0.00032697561579220213,True,False,False,False,False
7,Torino,11,0.9416503353488866,11,0.9416503353488866,11,0.9416503353488866,11,0.9416503353488866,11,0.9416503353488866,11,0.9416503353488866,0.0,0.0,0.0,0.0,0.0,True,True,True,True,True
8,Fez,55,0.9801000964564206,55,0.9801000964564206,11,0.7107461802668114,11,0.7107461802668114,11,0.7107461802668114,11,0.7107461802668114,0.0,0.26935391618960924,0.26935391618960924,0.26935391618960924,0.26935391618960924,True,False,False,False,False
8,Sherbrooke,55,0.9716193376438385,11,0.9635500219092128,11,0.9635500219092128,11,0.9635500219092128,11,0.9635500219092128,11,0.9635500219092128,0.00806931573462566,0.00806931573462566,0.00806931573462566,0.00806931573462566,0.00806931573462566,False,False,False,False,False
8,Torino,11,0.9666877895399832,11,0.9666877895399832,11,0.9666877895399832,11,0.9666877895399832,11,0.9666877895399832,11,0.9666877895399832,0.0,0.0,0.0,0.0,0.0,True,True,True,True,True
9,Fez,22,0.9966328211878628,22,0.9966328211878628,66,0.526717565112583,66,0.526717565112583,66,0.526717565112583,66,0.526717565112583,0.0,0.46991525607527973,0.46991525607527973,0.46991525607527973,0.46991525607527973,True,False,False,False,False
9,Sherbrooke,11,0.9922833675122966,11,0.9922833675122966,22,0.9749638924185748,22,0.9749638924185748,22,0.9749638924185748,22,0.9749638924185748,0.0,0.01731947509372178,0.01731947509372178,0.01731947509372178,0.01731947509372178,True,False,False,False,False
9,Torino,55,0.986690423481418,55,0.986690423481418,11,0.9817158057764342,11,0.9817158057764342,22,0.9715429608008026,11,0.9817158057764342,0.0,0.0049746177049837526,0.0049746177049837526,0.015147462680615398,0.0049746177049837526,True,False,False,False,False
