1Q_gates,2Q_gate_error_sum,2Q_gate_length_sum,2Q_gates,active_physical_qubits,avg_readout,avg_t1,avg_t2,backend,calibration_age_minutes,calibration_time,candidate,circuit_type,counts_000,counts_001,counts_010,counts_011,counts_100,counts_101,counts_110,counts_111,depth,fidelity,gate_count,gate_error_sum,gate_length_sum,job_id,mapping,max_2Q_gate_error,max_gate_error,max_readout,min_t1,min_t2,original_qubits,pending_jobs_at_submission,readout_product_loss,readout_sum
1,nan,nan,2,"[104, 105, 106]",0.0086263020833333,0.0001438481022407,0.0001385167429816,ibm_fez,nan,nan,11,GHZ,514,nan,nan,nan,nan,nan,nan,457,10,0.9474245794493928,nan,0.0100520534148459,2.56e-07,db2cdcfr11fs7396hcc0,"[104, 105, 106]",nan,nan,0.013916015625,nan,nan,3,nan,nan,0.025878906249999896
1,nan,nan,2,"[6, 7, 8]",0.008544921875,0.0001207747435585,5.127248298399573e-05,ibm_fez,nan,nan,22,GHZ,518,nan,nan,nan,nan,nan,nan,446,10,0.9400915249106744,nan,0.0073155386386573,2.56e-07,db2cdcfr11fs7396hcc0,"[6, 7, 8]",nan,nan,0.012451171875,nan,nan,3,nan,nan,0.025634765625
1,nan,nan,2,"[16, 22, 23]",0.0054524739583333,0.0001932280040168,0.0001438792917532,ibm_fez,nan,nan,33,GHZ,524,nan,nan,nan,nan,nan,nan,471,10,0.9709899607100272,nan,0.0053451349738111,2.56e-07,db2cdcfr11fs7396hcc0,"[16, 22, 23]",nan,nan,0.008544921875,nan,nan,3,nan,nan,0.0163574218749999
1,nan,nan,2,"[68, 69, 78]",0.0118815104166666,0.0001272470337116,9.476970739881588e-05,ibm_fez,nan,nan,44,GHZ,511,nan,nan,nan,nan,nan,nan,468,10,0.955593365803414,nan,0.0065564017301826,2.56e-07,db2cdcfr11fs7396hcc0,"[68, 69, 78]",nan,nan,0.02099609375,nan,nan,3,nan,nan,0.0356445312499998
1,nan,nan,2,"[91, 98, 111]",0.008056640625,0.0001353854959914,5.486539540895078e-05,ibm_fez,nan,nan,55,GHZ,536,nan,nan,nan,nan,nan,nan,416,10,0.9259798301054282,nan,0.0060864863012742,2.56e-07,db2cdcfr11fs7396hcc0,"[91, 98, 111]",nan,nan,0.015869140625,nan,nan,3,nan,nan,0.024169921875
1,nan,nan,2,"[47, 57, 67]",0.0218098958333333,0.0001007645285404,3.944125419374533e-05,ibm_fez,nan,nan,66,GHZ,490,nan,nan,nan,nan,nan,nan,463,10,0.9304772689587032,nan,0.0143847037150349,2.56e-07,db2cdcfr11fs7396hcc0,"[47, 57, 67]",nan,nan,0.036376953125,nan,nan,3,nan,nan,0.0654296874999999
1,nan,nan,2,"[104, 105, 106]",0.02001953125,0.0001620794518613,0.0002253940090995,ibm_kingston,nan,nan,11,GHZ,497,nan,nan,nan,nan,nan,nan,461,10,0.9352164803961914,nan,0.0047626908887056,2.960000000000001e-07,db2cdfs2ljfc73d48s7g,"[104, 105, 106]",nan,nan,0.04052734375,nan,nan,3,nan,nan,0.06005859375
1,nan,nan,2,"[6, 7, 8]",0.0105794270833333,0.0001620002587135,9.373742174402516e-05,ibm_kingston,nan,nan,22,GHZ,486,nan,nan,nan,nan,nan,nan,469,10,0.9325433003471624,nan,0.0168653179040311,3.08e-07,db2cdfs2ljfc73d48s7g,"[6, 7, 8]",nan,nan,0.012451171875,nan,nan,3,nan,nan,0.031738281249999896
1,nan,nan,2,"[16, 22, 23]",0.0086263020833333,0.0002029444864616,0.0001292309920843,ibm_kingston,nan,nan,33,GHZ,98,nan,nan,nan,nan,nan,nan,460,10,0.4798051879232846,nan,0.0042611814598091,2.960000000000001e-07,db2cdfs2ljfc73d48s7g,"[16, 22, 23]",nan,nan,0.014404296875,nan,nan,3,nan,nan,0.025878906249999896
1,nan,nan,2,"[68, 69, 78]",0.0165201822916666,0.0002008611910461,0.0001188202091835,ibm_kingston,nan,nan,44,GHZ,499,nan,nan,nan,nan,nan,nan,456,10,0.9321442607532296,nan,0.0050090788476506,2.960000000000001e-07,db2cdfs2ljfc73d48s7g,"[68, 69, 78]",nan,nan,0.025146484375,nan,nan,3,nan,nan,0.04956054687499979
1,nan,nan,2,"[91, 98, 111]",0.0066731770833333,0.0002920982092587,0.0001430233166818,ibm_kingston,nan,nan,55,GHZ,517,nan,nan,nan,nan,nan,nan,456,10,0.9492607373111538,nan,0.0045691702912333,2.960000000000001e-07,db2cdfs2ljfc73d48s7g,"[91, 98, 111]",nan,nan,0.011474609375,nan,nan,3,nan,nan,0.0200195312499999
1,nan,nan,2,"[47, 57, 67]",0.005126953125,0.0002939439563727,0.0003098713449646,ibm_kingston,nan,nan,66,GHZ,514,nan,nan,nan,nan,nan,nan,483,10,0.9733974304789031,nan,0.0054126517476461,2.960000000000001e-07,db2cdfs2ljfc73d48s7g,"[47, 57, 67]",nan,nan,0.005859375,nan,nan,3,nan,nan,0.015380859375
1,nan,nan,2,"[104, 105, 106]",0.0138346354166666,0.0001568177422256,8.551037878508443e-05,ibm_marrakesh,nan,nan,11,GHZ,537,nan,nan,nan,nan,nan,nan,448,10,0.9599467517490418,nan,0.0048842973993948,3.16e-07,db2cdl7r11fs7396hcmg,"[104, 105, 106]",nan,nan,0.026611328125,nan,nan,3,nan,nan,0.0415039062499998
1,nan,nan,2,"[6, 7, 8]",0.0066324869791666,0.0001315929738735,6.903605585164827e-05,ibm_marrakesh,nan,nan,22,GHZ,513,nan,nan,nan,nan,nan,nan,472,10,0.9614972317299842,nan,0.0054868482955759,3.28e-07,db2cdl7r11fs7396hcmg,"[6, 7, 8]",nan,nan,0.0089111328125,nan,nan,3,nan,nan,0.0198974609374998
1,nan,nan,2,"[16, 22, 23]",0.0262451171875,0.000104364979414,6.948434315646764e-05,ibm_marrakesh,nan,nan,33,GHZ,287,nan,nan,nan,nan,nan,nan,381,10,0.6490982218286138,nan,0.0112277130209697,3.16e-07,db2cdl7r11fs7396hcmg,"[16, 22, 23]",nan,nan,0.053466796875,nan,nan,3,nan,nan,0.0787353515625
1,nan,nan,2,"[68, 69, 78]",0.0284016927083333,0.000144488436862,5.053594001881213e-05,ibm_marrakesh,nan,nan,44,GHZ,484,nan,nan,nan,nan,nan,nan,452,10,0.913795327890942,nan,0.0091161111318589,3.16e-07,db2cdl7r11fs7396hcmg,"[68, 69, 78]",nan,nan,0.0382080078125,nan,nan,3,nan,nan,0.0852050781249999
1,nan,nan,2,"[91, 98, 111]",0.0205891927083333,0.0001916836554078,0.0001464368284913,ibm_marrakesh,nan,nan,55,GHZ,496,nan,nan,nan,nan,nan,nan,505,10,0.9775193064657411,nan,0.0111839416309615,3.16e-07,db2cdl7r11fs7396hcmg,"[91, 98, 111]",nan,nan,0.0521240234375,nan,nan,3,nan,nan,0.0617675781249999
1,nan,nan,2,"[47, 57, 67]",0.0096842447916666,0.0002424718902573,9.608079638724063e-05,ibm_marrakesh,nan,nan,66,GHZ,517,nan,nan,nan,nan,nan,nan,277,10,0.7572555175792574,nan,0.0061157793065985,3.16e-07,db2cdl7r11fs7396hcmg,"[47, 57, 67]",nan,nan,0.0155029296875,nan,nan,3,nan,nan,0.0290527343749998
8,0.002987496606055212,6.8e-08,1,"[109, 110]",0.0,0.00016803189648201283,9.619235674464732e-05,ibm_fez,82.88399,2026-10-06T14:26:48+05:30,11,Bell,0,0,0,0,0,0,0,0,6,0.0,9,0.00369753622378506,1.4e-07,db2cmf42ljfc73d496a0,[],0.002987496606055212,0.002987496606055212,0.0,0.00016136025694097938,7.024797767836285e-05,3,1,0.0,0
8,0.0038988777982257306,6.8e-08,1,"[42, 43]",0.0,0.0001579127150910656,6.85993787655481e-05,ibm_fez,82.88399,2026-10-06T14:26:48+05:30,22,Bell,0,0,0,0,0,0,0,0,6,0.0,9,0.004961877692810982,1.4e-07,db2cmf42ljfc73d496a0,[],0.0038988777982257306,0.0038988777982257306,0.0,0.0001411038522023483,4.490792779916615e-05,3,1,0.0,0
8,0.0039292494132435185,6.8e-08,1,"[65, 77]",0.0,0.00012251839885769238,6.753249512583111e-05,ibm_fez,82.88399,2026-10-06T14:26:48+05:30,33,Bell,0,0,0,0,0,0,0,0,6,0.0,9,0.0052464030827650615,1.4e-07,db2cmf42ljfc73d496a0,[],0.0039292494132435185,0.0039292494132435185,0.0,0.00011384640306982645,4.7680660955889654e-05,3,1,0.0,0
8,0.005224636900736018,6.8e-08,1,"[56, 63]",0.0,0.00014249099790421998,4.037975423101888e-05,ibm_fez,82.88399,2026-10-06T14:26:48+05:30,44,Bell,0,0,0,0,0,0,0,0,6,0.0,9,0.007075787918414124,1.4e-07,db2cmf42ljfc73d496a0,[],0.005224636900736018,0.005224636900736018,0.0,0.00011925992689728164,3.084291101455688e-05,3,1,0.0,0
8,0.002985242107355568,6.8e-08,1,"[78, 89]",0.0,0.00013069895339390175,9.046845195024097e-05,ibm_fez,82.88399,2026-10-06T14:26:48+05:30,55,Bell,0,0,0,0,0,0,0,0,6,0.0,9,0.003983766548466428,1.4e-07,db2cmf42ljfc73d496a0,[],0.002985242107355568,0.002985242107355568,0.0,9.464996172478162e-05,8.90391564370606e-05,3,1,0.0,0
8,0.0019288440256738093,6.8e-08,1,"[69, 78]",0.0,0.00012043453377167093,8.85576544532858e-05,ibm_fez,82.88399,2026-10-06T14:26:48+05:30,66,Bell,0,0,0,0,0,0,0,0,6,0.0,9,0.003067872089799869,1.4e-07,db2cmf42ljfc73d496a0,[],0.0019288440256738093,0.0019288440256738093,0.0,9.464996172478162e-05,8.521756144315024e-05,3,1,0.0,0
24,0.011937066457445078,4.0800000000000005e-07,6,"[105, 106, 107]",0.0,0.0001243244171218432,0.00011017421153795892,ibm_fez,82.88399,2026-10-06T14:26:48+05:30,11,Ring,0,0,0,0,0,0,0,0,19,0.0,30,0.016018366367499405,7.200000000000001e-07,db2cmf42ljfc73d496a0,[],0.0020887891221703647,0.0020887891221703647,0.0,7.857005838809917e-05,2.4123485805064077e-05,3,1,0.0,0
24,0.012128407054780965,4.0800000000000005e-07,6,"[3, 16, 23]",0.0,0.0001740897912404547,0.00014412486430982155,ibm_fez,82.88399,2026-10-06T14:26:48+05:30,22,Ring,0,0,0,0,0,0,0,0,19,0.0,30,0.015537219819065914,7.200000000000001e-07,db2cmf42ljfc73d496a0,[],0.0021012739974605454,0.0021012739974605454,0.0,0.00014916615137708128,0.00012336730139867933,3,1,0.0,0
24,0.025650998257554125,4.0800000000000005e-07,6,"[21, 22, 36]",0.0,0.00015783915618181195,0.0001290339018945845,ibm_fez,82.88399,2026-10-06T14:26:48+05:30,33,Ring,0,0,0,0,0,0,0,0,19,0.0,30,0.02885790181196642,7.200000000000001e-07,db2cmf42ljfc73d496a0,[],0.007061144677620312,0.007061144677620312,0.0,6.854812009313689e-05,8.35026210698998e-05,3,1,0.0,0
24,0.015408707510591035,4.0800000000000005e-07,6,"[66, 67, 68]",0.0,0.00010605520164337798,4.760447347018883e-05,ibm_fez,82.88399,2026-10-06T14:26:48+05:30,44,Ring,0,0,0,0,0,0,0,0,19,0.0,30,0.019967862384358617,7.200000000000001e-07,db2cmf42ljfc73d496a0,[],0.0025744702125149177,0.0025744702125149177,0.0,8.50476899542351e-05,1.6352652405450266e-05,3,1,0.0,0
24,0.01514128428861572,4.0800000000000005e-07,6,"[91, 98, 111]",0.0,0.0001353854959914352,5.486539540895078e-05,ibm_fez,82.88399,2026-10-06T14:26:48+05:30,55,Ring,0,0,0,0,0,0,0,0,19,0.0,30,0.0185722507984956,7.200000000000001e-07,db2cmf42ljfc73d496a0,[],0.002810806576026975,0.002810806576026975,0.0,0.00011428837593225745,2.2719354533653632e-05,3,1,0.0,0
24,0.014472256908410197,4.0800000000000005e-07,6,"[51, 58, 71]",0.0,0.0001222349837703839,7.621087457944157e-05,ibm_fez,82.88399,2026-10-06T14:26:48+05:30,66,Ring,0,0,0,0,0,0,0,0,19,0.0,30,0.019629078038387055,7.200000000000001e-07,db2cmf42ljfc73d496a0,[],0.0026330816744751795,0.0026330816744751795,0.0,5.3375218207362115e-05,5.779061630302773e-05,3,1,0.0,0
8,0.0020147844115502855,6.8e-08,1,"[109, 110]",0.0,0.00022273182261803618,0.00017589243176829075,ibm_kingston,32.10274726666667,2026-10-06T15:17:52+05:30,11,Bell,0,0,0,0,0,0,0,0,6,0.0,9,0.002653787309500411,1.64e-07,db2cmjk2ljfc73d496e0,[],0.0020147844115502855,0.0020147844115502855,0.0,0.0001955467561887695,0.00013872016292141207,3,0,0.0,0
8,0.0018784167430651033,6.8e-08,1,"[42, 43]",0.0,0.00021614741976518943,9.728224539179087e-05,ibm_kingston,32.10274726666667,2026-10-06T15:17:52+05:30,22,Bell,0,0,0,0,0,0,0,0,6,0.0,9,0.0029286647627281854,1.64e-07,db2cmjk2ljfc73d496e0,[],0.0018784167430651033,0.0018784167430651033,0.0,0.0002001163982832709,6.130784407338713e-05,3,0,0.0,0
8,0.004661112489183744,6.8e-08,1,"[65, 77]",0.0,0.0003071687343746874,0.0002653277920237377,ibm_kingston,32.10274726666667,2026-10-06T15:17:52+05:30,33,Bell,0,0,0,0,0,0,0,0,6,0.0,9,0.005330083908431396,1.64e-07,db2cmjk2ljfc73d496e0,[],0.004661112489183744,0.004661112489183744,0.0,0.00028071916071907923,0.0002447665345896939,3,0,0.0,0
8,0.0016021903614958366,6.8e-08,1,"[56, 63]",0.0,0.00020124183299074057,3.7454882861186885e-05,ibm_kingston,32.10274726666667,2026-10-06T15:17:52+05:30,44,Bell,0,0,0,0,0,0,0,0,6,0.0,9,0.0023212132525343475,1.64e-07,db2cmjk2ljfc73d496e0,[],0.0016021903614958366,0.0016021903614958366,0.0,0.00016235854512865124,3.462545531800762e-05,3,0,0.0,0
8,0.0018852757257319386,6.8e-08,1,"[78, 89]",0.0,0.00017769240563256366,6.839819823448313e-05,ibm_kingston,32.10274726666667,2026-10-06T15:17:52+05:30,55,Bell,0,0,0,0,0,0,0,0,6,0.0,9,0.0026129347274531723,1.64e-07,db2cmjk2ljfc73d496e0,[],0.0018852757257319386,0.0018852757257319386,0.0,0.0001216861873269284,3.2784707527286165e-05,3,0,0.0,0
8,0.002274371124062924,6.8e-08,1,"[69, 78]",0.0,0.00018239717101610446,8.646248727037567e-05,ibm_kingston,32.10274726666667,2026-10-06T15:17:52+05:30,66,Bell,0,0,0,0,0,0,0,0,6,0.0,9,0.0030178455462638136,1.64e-07,db2cmjk2ljfc73d496e0,[],0.002274371124062924,0.002274371124062924,0.0,0.00013109571809400997,3.2784707527286165e-05,3,0,0.0,0
24,0.009508327598208799,4.0800000000000005e-07,6,"[105, 106, 107]",0.0,0.00013326791238482176,0.00017458954111772783,ibm_kingston,32.10274726666667,2026-10-06T15:17:52+05:30,11,Ring,0,0,0,0,0,0,0,0,19,0.0,30,0.01322719881528515,8.240000000000001e-07,db2cmjk2ljfc73d496e0,[],0.001589062795207069,0.001589062795207069,0.0,0.00011915387173808827,0.00012382838553123783,3,0,0.0,0
24,2.006047221946349,4.0800000000000005e-07,6,"[3, 16, 23]",0.0,0.00023649643266514012,0.00017865273680439222,ibm_kingston,32.10274726666667,2026-10-06T15:17:52+05:30,22,Ring,0,0,0,0,0,0,0,0,19,0.0,30,2.0089658726643673,8.240000000000001e-07,db2cmjk2ljfc73d496e0,[],1,1,0.0,0.00020462547734196717,7.167770135609314e-05,3,0,0.0,0
24,0.010185728330192767,4.0800000000000005e-07,6,"[21, 22, 36]",0.0,0.0002481370348271303,0.00023905905540347178,ibm_kingston,32.10274726666667,2026-10-06T15:17:52+05:30,33,Ring,0,0,0,0,0,0,0,0,19,0.0,30,0.013124780290275242,8.240000000000001e-07,db2cmjk2ljfc73d496e0,[],0.0017523733468737535,0.0017523733468737535,0.0,0.0001039696387315257,0.00010590249399156252,3,0,0.0,0
24,0.010227211921883028,4.0800000000000005e-07,6,"[66, 67, 68]",0.0,0.00020514124399424377,0.00018719584515851582,ibm_kingston,32.10274726666667,2026-10-06T15:17:52+05:30,44,Ring,0,0,0,0,0,0,0,0,19,0.0,30,0.014171221883773039,8.240000000000001e-07,db2cmjk2ljfc73d496e0,[],0.0019554952051606123,0.0019554952051606123,0.0,0.0001206048301420289,0.00013908902698358183,3,0,0.0,0
24,0.011216100472860036,4.0800000000000005e-07,6,"[91, 98, 111]",0.0,0.0002920982092587094,0.00014302331668182265,ibm_kingston,32.10274726666667,2026-10-06T15:17:52+05:30,55,Ring,0,0,0,0,0,0,0,0,19,0.0,30,0.01387202104795536,8.240000000000001e-07,db2cmjk2ljfc73d496e0,[],0.0020921534931560015,0.0020921534931560015,0.0,0.00021812749928716284,7.002893390204801e-05,3,0,0.0,0
24,0.012005490209061553,4.0800000000000005e-07,6,"[51, 58, 71]",0.0,0.00028217151008250364,0.00020511616608785514,ibm_kingston,32.10274726666667,2026-10-06T15:17:52+05:30,66,Ring,0,0,0,0,0,0,0,0,19,0.0,30,0.013849712914142076,8.240000000000001e-07,db2cmjk2ljfc73d496e0,[],0.002224113499198571,0.002224113499198571,0.0,0.0002503158922495542,0.0001609408343565867,3,0,0.0,0
8,0.0020774658805519375,6.8e-08,1,"[109, 110]",0.0,0.0002947894773619665,7.739556672242051e-05,ibm_marrakesh,39.610515183333334,2026-10-06T15:10:38+05:30,11,Bell,0,0,0,0,0,0,0,0,6,0.0,9,0.004268928506985858,1.76e-07,db2cmnnr11fs7396hmq0,[],0.0020774658805519375,0.0020774658805519375,0.0,0.00022137507067528035,5.060772229335095e-05,3,0,0.0,0
8,0.009108648019623494,6.8e-08,1,"[42, 43]",0.0,0.00024397661675604958,4.5293979944373235e-05,ibm_marrakesh,39.610515183333334,2026-10-06T15:10:38+05:30,22,Bell,0,0,0,0,0,0,0,0,6,0.0,9,0.01046459141471391,1.76e-07,db2cmnnr11fs7396hmq0,[],0.009108648019623494,0.009108648019623494,0.0,0.00021539182576275957,3.3979582493338084e-05,3,0,0.0,0
8,0.013456237742696053,6.8e-08,1,"[65, 77]",0.0,0.0001874620379594799,4.412457654053087e-05,ibm_marrakesh,39.610515183333334,2026-10-06T15:10:38+05:30,33,Bell,0,0,0,0,0,0,0,0,6,0.0,9,0.018503719702669452,1.76e-07,db2cmnnr11fs7396hmq0,[],0.013456237742696053,0.013456237742696053,0.0,0.00011345412871448196,4.0805064308355854e-05,3,0,0.0,0
8,0.003721621524548191,6.8e-08,1,"[56, 63]",0.0,0.00016103238520745624,6.126447068848058e-05,ibm_marrakesh,39.610515183333334,2026-10-06T15:10:38+05:30,44,Bell,0,0,0,0,0,0,0,0,6,0.0,9,0.005102355965019733,1.76e-07,db2cmnnr11fs7396hmq0,[],0.003721621524548191,0.003721621524548191,0.0,0.0001509893012743729,5.9915552920076754e-05,3,0,0.0,0
8,0.0027906804149998854,6.8e-08,1,"[78, 89]",0.0,0.00020517916421764328,0.00011768474787462552,ibm_marrakesh,39.610515183333334,2026-10-06T15:10:38+05:30,55,Bell,0,0,0,0,0,0,0,0,6,0.0,9,0.0037029814428553467,1.76e-07,db2cmnnr11fs7396hmq0,[],0.0027906804149998854,0.0027906804149998854,0.0,0.0001726403213046395,5.81260081755215e-05,3,0,0.0,0
8,0.002133259508535046,6.8e-08,1,"[69, 78]",0.0,0.00014662977368441477,5.974072777076507e-05,ibm_marrakesh,39.610515183333334,2026-10-06T15:10:38+05:30,66,Bell,0,0,0,0,0,0,0,0,6,0.0,9,0.00304100203375741,1.76e-07,db2cmnnr11fs7396hmq0,[],0.002133259508535046,0.002133259508535046,0.0,0.00012061922606419006,5.81260081755215e-05,3,0,0.0,0
24,0.022827255459233697,4.0800000000000005e-07,6,"[105, 106, 107]",0.0,0.00016580108705745319,0.00013690152551090506,ibm_marrakesh,39.610515183333334,2026-10-06T15:10:38+05:30,11,Ring,0,0,0,0,0,0,0,0,19,0.0,30,0.02581676803432528,8.759999999999999e-07,db2cmnnr11fs7396hmq0,[],0.004811495782486491,0.004811495782486491,0.0,8.134980625329424e-05,7.373527388279711e-05,3,0,0.0,0
24,0.01715863566905229,4.0800000000000005e-07,6,"[3, 16, 23]",0.0,0.00010673137394454053,9.963042241973865e-05,ibm_marrakesh,39.610515183333334,2026-10-06T15:10:38+05:30,22,Ring,0,0,0,0,0,0,0,0,19,0.0,30,0.02436003699349485,8.759999999999997e-07,db2cmnnr11fs7396hmq0,[],0.003162146412675315,0.003162146412675315,0.0,7.424079047390799e-05,8.378153930846697e-05,3,0,0.0,0
24,0.011402139577711412,4.0800000000000005e-07,6,"[21, 22, 36]",0.0,9.023392947354966e-05,4.442244137532683e-05,ibm_marrakesh,39.610515183333334,2026-10-06T15:10:38+05:30,33,Ring,0,0,0,0,0,0,0,0,19,0.0,30,0.022723770721879012,8.759999999999999e-07,db2cmnnr11fs7396hmq0,[],0.002082379671214468,0.003714009905795559,0.0,4.326540740597798e-05,1.2213740860783464e-05,3,0,0.0,0
24,0.020981548286570173,4.0800000000000005e-07,6,"[66, 67, 68]",0.0,0.00019384604277900212,4.9183474800226594e-05,ibm_marrakesh,39.610515183333334,2026-10-06T15:10:38+05:30,44,Ring,0,0,0,0,0,0,0,0,19,0.0,30,0.03180079746727045,8.759999999999999e-07,db2cmnnr11fs7396hmq0,[],0.00575593322522483,0.00575593322522483,0.0,0.00011748366284912409,3.212636451490623e-05,3,0,0.0,0
24,0.02785635754675364,4.0800000000000005e-07,6,"[91, 98, 111]",0.0,0.00019168365540788717,0.00014643682849136604,ibm_marrakesh,39.610515183333334,2026-10-06T15:10:38+05:30,55,Ring,0,0,0,0,0,0,0,0,19,0.0,30,0.032581572463060364,8.759999999999997e-07,db2cmnnr11fs7396hmq0,[],0.004702202477017081,0.004702202477017081,0.0,0.00015298253365331652,7.51143542893204e-05,3,0,0.0,0
24,0.011723014545088062,4.0800000000000005e-07,6,"[51, 58, 71]",0.0,0.0001501219602159878,0.00013561393706204965,ibm_marrakesh,39.610515183333334,2026-10-06T15:10:38+05:30,66,Ring,0,0,0,0,0,0,0,0,19,0.0,30,0.015047274716958855,8.759999999999999e-07,db2cmnnr11fs7396hmq0,[],0.00225202729728613,0.00225202729728613,0.0,0.0001229993840560953,2.8033951086589372e-05,3,0,0.0,0
