1Q_gates,2Q_gate_error_sum,2Q_gate_length_sum,2Q_gates,active_physical_qubits,avg_readout,avg_t1,avg_t2,backend,calibration_age_minutes,calibration_time,candidate,circuit_type,counts_000,counts_001,counts_010,counts_011,counts_100,counts_101,counts_110,counts_111,depth,fidelity,gate_count,gate_error_sum,gate_length_sum,job_id,mapping,max_2Q_gate_error,max_gate_error,max_readout,min_t1,min_t2,original_qubits,pending_jobs_at_submission,readout_product_loss,readout_sum,logical_counts
1,,,2,"[104, 105, 106]",0.0086263020833333,0.0001438481022407,0.0001385167429816,ibm_fez,,,11,GHZ,514,,,,,,,457,10,0.9474245794493928,,0.0100520534148459,2.56e-07,db2cdcfr11fs7396hcc0,"[104, 105, 106]",,,0.013916015625,,,3,,,0.0258789062499998,
1,,,2,"[6, 7, 8]",0.008544921875,0.0001207747435585,5.127248298399573e-05,ibm_fez,,,22,GHZ,518,,,,,,,446,10,0.9400915249106744,,0.0073155386386573,2.56e-07,db2cdcfr11fs7396hcc0,"[6, 7, 8]",,,0.012451171875,,,3,,,0.025634765625,
1,,,2,"[16, 22, 23]",0.0054524739583333,0.0001932280040168,0.0001438792917532,ibm_fez,,,33,GHZ,524,,,,,,,471,10,0.9709899607100272,,0.0053451349738111,2.56e-07,db2cdcfr11fs7396hcc0,"[16, 22, 23]",,,0.008544921875,,,3,,,0.0163574218749999,
1,,,2,"[68, 69, 78]",0.0118815104166666,0.0001272470337116,9.476970739881588e-05,ibm_fez,,,44,GHZ,511,,,,,,,468,10,0.955593365803414,,0.0065564017301826,2.56e-07,db2cdcfr11fs7396hcc0,"[68, 69, 78]",,,0.02099609375,,,3,,,0.0356445312499998,
1,,,2,"[91, 98, 111]",0.008056640625,0.0001353854959914,5.486539540895078e-05,ibm_fez,,,55,GHZ,536,,,,,,,416,10,0.9259798301054282,,0.0060864863012742,2.56e-07,db2cdcfr11fs7396hcc0,"[91, 98, 111]",,,0.015869140625,,,3,,,0.024169921875,
1,,,2,"[47, 57, 67]",0.0218098958333333,0.0001007645285404,3.944125419374533e-05,ibm_fez,,,66,GHZ,490,,,,,,,463,10,0.9304772689587032,,0.0143847037150349,2.56e-07,db2cdcfr11fs7396hcc0,"[47, 57, 67]",,,0.036376953125,,,3,,,0.0654296874999999,
1,,,2,"[104, 105, 106]",0.02001953125,0.0001620794518613,0.0002253940090995,ibm_kingston,,,11,GHZ,497,,,,,,,461,10,0.9352164803961914,,0.0047626908887056,2.960000000000001e-07,db2cdfs2ljfc73d48s7g,"[104, 105, 106]",,,0.04052734375,,,3,,,0.06005859375,
1,,,2,"[6, 7, 8]",0.0105794270833333,0.0001620002587135,9.373742174402516e-05,ibm_kingston,,,22,GHZ,486,,,,,,,469,10,0.9325433003471624,,0.0168653179040311,3.08e-07,db2cdfs2ljfc73d48s7g,"[6, 7, 8]",,,0.012451171875,,,3,,,0.0317382812499998,
1,,,2,"[16, 22, 23]",0.0086263020833333,0.0002029444864616,0.0001292309920843,ibm_kingston,,,33,GHZ,98,,,,,,,460,10,0.4798051879232846,,0.0042611814598091,2.960000000000001e-07,db2cdfs2ljfc73d48s7g,"[16, 22, 23]",,,0.014404296875,,,3,,,0.0258789062499998,
1,,,2,"[68, 69, 78]",0.0165201822916666,0.0002008611910461,0.0001188202091835,ibm_kingston,,,44,GHZ,499,,,,,,,456,10,0.9321442607532296,,0.0050090788476506,2.960000000000001e-07,db2cdfs2ljfc73d48s7g,"[68, 69, 78]",,,0.025146484375,,,3,,,0.0495605468749997,
1,,,2,"[91, 98, 111]",0.0066731770833333,0.0002920982092587,0.0001430233166818,ibm_kingston,,,55,GHZ,517,,,,,,,456,10,0.9492607373111538,,0.0045691702912333,2.960000000000001e-07,db2cdfs2ljfc73d48s7g,"[91, 98, 111]",,,0.011474609375,,,3,,,0.0200195312499999,
1,,,2,"[47, 57, 67]",0.005126953125,0.0002939439563727,0.0003098713449646,ibm_kingston,,,66,GHZ,514,,,,,,,483,10,0.9733974304789031,,0.0054126517476461,2.960000000000001e-07,db2cdfs2ljfc73d48s7g,"[47, 57, 67]",,,0.005859375,,,3,,,0.015380859375,
1,,,2,"[104, 105, 106]",0.0138346354166666,0.0001568177422256,8.551037878508443e-05,ibm_marrakesh,,,11,GHZ,537,,,,,,,448,10,0.9599467517490418,,0.0048842973993948,3.16e-07,db2cdl7r11fs7396hcmg,"[104, 105, 106]",,,0.026611328125,,,3,,,0.0415039062499998,
1,,,2,"[6, 7, 8]",0.0066324869791666,0.0001315929738735,6.903605585164827e-05,ibm_marrakesh,,,22,GHZ,513,,,,,,,472,10,0.9614972317299842,,0.0054868482955759,3.28e-07,db2cdl7r11fs7396hcmg,"[6, 7, 8]",,,0.0089111328125,,,3,,,0.0198974609374998,
1,,,2,"[16, 22, 23]",0.0262451171875,0.000104364979414,6.948434315646764e-05,ibm_marrakesh,,,33,GHZ,287,,,,,,,381,10,0.6490982218286138,,0.0112277130209697,3.16e-07,db2cdl7r11fs7396hcmg,"[16, 22, 23]",,,0.053466796875,,,3,,,0.0787353515625,
1,,,2,"[68, 69, 78]",0.0284016927083333,0.000144488436862,5.053594001881213e-05,ibm_marrakesh,,,44,GHZ,484,,,,,,,452,10,0.913795327890942,,0.0091161111318589,3.16e-07,db2cdl7r11fs7396hcmg,"[68, 69, 78]",,,0.0382080078125,,,3,,,0.0852050781249999,
1,,,2,"[91, 98, 111]",0.0205891927083333,0.0001916836554078,0.0001464368284913,ibm_marrakesh,,,55,GHZ,496,,,,,,,505,10,0.9775193064657411,,0.0111839416309615,3.16e-07,db2cdl7r11fs7396hcmg,"[91, 98, 111]",,,0.0521240234375,,,3,,,0.0617675781249999,
1,,,2,"[47, 57, 67]",0.0096842447916666,0.0002424718902573,9.608079638724063e-05,ibm_marrakesh,,,66,GHZ,517,,,,,,,277,10,0.7572555175792574,,0.0061157793065985,3.16e-07,db2cdl7r11fs7396hcmg,"[47, 57, 67]",,,0.0155029296875,,,3,,,0.0290527343749998,
8,0.0029874966060552,6.8e-08,1,"[101, 109, 110]",0.0,0.000168031896482,9.619235674464732e-05,ibm_fez,82.88399,2026-10-06T14:26:48+05:30,11,Bell,0,0.0,0.0,0.0,0.0,0.0,0.0,0,6,0.9204630244298029,9.0,0.003697536223785,1.4e-07,db2cmf42ljfc73d496a0,"[110, 109, 101]",0.0029874966060552,0.0029874966060552,0.0,0.0001613602569409,7.024797767836285e-05,3,1.0,0.0,0.0,"{'001': 19, '000': 492, '011': 451, '100': 18, '111': 16, '010': 28}"
8,0.0038988777982257,6.8e-08,1,"[13, 42, 43]",0.0,0.000157912715091,6.85993787655481e-05,ibm_fez,82.88399,2026-10-06T14:26:48+05:30,22,Bell,0,0.0,0.0,0.0,0.0,0.0,0.0,0,6,0.9466853726562791,9.0,0.0049618776928109,1.4e-07,db2cmf42ljfc73d496a0,"[43, 42, 13]",0.0038988777982257,0.0038988777982257,0.0,0.0001411038522023,4.490792779916615e-05,3,1.0,0.0,0.0,"{'000': 461, '011': 509, '111': 3, '001': 24, '010': 24, '100': 3}"
8,0.0039292494132435,6.8e-08,1,"[2, 65, 77]",0.0,0.0001225183988576,6.753249512583111e-05,ibm_fez,82.88399,2026-10-06T14:26:48+05:30,33,Bell,0,0.0,0.0,0.0,0.0,0.0,0.0,0,6,0.9396621603692926,9.0,0.005246403082765,1.4e-07,db2cmf42ljfc73d496a0,"[65, 77, 2]",0.0039292494132435,0.0039292494132435,0.0,0.0001138464030698,4.768066095588965e-05,3,1.0,0.0,0.0,"{'000': 509, '001': 34, '011': 454, '010': 24, '100': 2, '111': 1}"
8,0.005224636900736,6.8e-08,1,"[56, 63, 91]",0.0,0.0001424909979042,4.037975423101888e-05,ibm_fez,82.88399,2026-10-06T14:26:48+05:30,44,Bell,0,0.0,0.0,0.0,0.0,0.0,0.0,0,6,0.9490676151848001,9.0,0.0070757879184141,1.4e-07,db2cmf42ljfc73d496a0,"[63, 56, 91]",0.005224636900736,0.005224636900736,0.0,0.0001192599268972,3.084291101455688e-05,3,1.0,0.0,0.0,"{'011': 453, '000': 520, '010': 32, '001': 13, '100': 2, '111': 4}"
8,0.0029852421073555,6.8e-08,1,"[78, 89, 98]",0.0,0.0001306989533939,9.046845195024096e-05,ibm_fez,82.88399,2026-10-06T14:26:48+05:30,55,Bell,0,0.0,0.0,0.0,0.0,0.0,0.0,0,6,0.9738955113785562,9.0,0.0039837665484664,1.4e-07,db2cmf42ljfc73d496a0,"[89, 78, 98]",0.0029852421073555,0.0029852421073555,0.0,9.464996172478162e-05,8.90391564370606e-05,3,1.0,0.0,0.0,"{'001': 13, '000': 526, '011': 472, '010': 13}"
8,0.0019288440256738,6.8e-08,1,"[26, 69, 78]",0.0,0.0001204345337716,8.85576544532858e-05,ibm_fez,82.88399,2026-10-06T14:26:48+05:30,66,Bell,0,0.0,0.0,0.0,0.0,0.0,0.0,0,6,0.9789541984479377,9.0,0.0030678720897998,1.4e-07,db2cmf42ljfc73d496a0,"[69, 78, 26]",0.0019288440256738,0.0019288440256738,0.0,9.464996172478162e-05,8.521756144315024e-05,3,1.0,0.0,0.0,"{'011': 478, '000': 525, '001': 11, '010': 9, '111': 1}"
24,0.011937066457445,4.080000000000001e-07,6,"[105, 106, 107]",0.0,0.0001243244171218,0.0001101742115379,ibm_fez,82.88399,2026-10-06T14:26:48+05:30,11,Ring,0,0.0,0.0,0.0,0.0,0.0,0.0,0,19,0.9589803971321758,30.0,0.0160183663674994,7.200000000000001e-07,db2cmf42ljfc73d496a0,"[107, 105, 106]",0.0020887891221703,0.0020887891221703,0.0,7.857005838809917e-05,2.412348580506408e-05,3,1.0,0.0,0.0,"{'110': 493, '000': 489, '001': 10, '111': 11, '100': 8, '010': 4, '101': 4, '011': 5}"
24,0.0121284070547809,4.080000000000001e-07,6,"[3, 16, 23]",0.0,0.0001740897912404,0.0001441248643098,ibm_fez,82.88399,2026-10-06T14:26:48+05:30,22,Ring,0,0.0,0.0,0.0,0.0,0.0,0.0,0,19,0.918830881655888,30.0,0.0155372198190659,7.200000000000001e-07,db2cmf42ljfc73d496a0,"[16, 23, 3]",0.0021012739974605,0.0021012739974605,0.0,0.000149166151377,0.0001233673013986,3,1.0,0.0,0.0,"{'001': 5, '110': 460, '000': 481, '010': 20, '101': 19, '011': 19, '111': 10, '100': 10}"
24,0.0256509982575541,4.080000000000001e-07,6,"[21, 22, 36]",0.0,0.0001578391561818,0.0001290339018945,ibm_fez,82.88399,2026-10-06T14:26:48+05:30,33,Ring,0,0.0,0.0,0.0,0.0,0.0,0.0,0,19,0.9255793006198759,30.0,0.0288579018119664,7.200000000000001e-07,db2cmf42ljfc73d496a0,"[22, 36, 21]",0.0070611446776203,0.0070611446776203,0.0,6.854812009313689e-05,8.35026210698998e-05,3,1.0,0.0,0.0,"{'110': 460, '000': 488, '100': 19, '001': 14, '010': 12, '111': 15, '011': 11, '101': 5}"
24,0.015408707510591,4.080000000000001e-07,6,"[66, 67, 68]",0.0,0.0001060552016433,4.760447347018883e-05,ibm_fez,82.88399,2026-10-06T14:26:48+05:30,44,Ring,0,0.0,0.0,0.0,0.0,0.0,0.0,0,19,0.8671409814187835,30.0,0.0199678623843586,7.200000000000001e-07,db2cmf42ljfc73d496a0,"[66, 68, 67]",0.0025744702125149,0.0025744702125149,0.0,8.50476899542351e-05,1.6352652405450266e-05,3,1.0,0.0,0.0,"{'000': 475, '110': 414, '001': 21, '011': 9, '010': 37, '111': 38, '100': 21, '101': 9}"
24,0.0151412842886157,4.080000000000001e-07,6,"[91, 98, 111]",0.0,0.0001353854959914,5.486539540895078e-05,ibm_fez,82.88399,2026-10-06T14:26:48+05:30,55,Ring,0,0.0,0.0,0.0,0.0,0.0,0.0,0,19,0.9129928722628418,30.0,0.0185722507984956,7.200000000000001e-07,db2cmf42ljfc73d496a0,"[98, 111, 91]",0.0028108065760269,0.0028108065760269,0.0,0.0001142883759322,2.2719354533653632e-05,3,1.0,0.0,0.0,"{'110': 436, '000': 500, '101': 16, '111': 9, '010': 19, '100': 25, '011': 11, '001': 8}"
24,0.0144722569084101,4.080000000000001e-07,6,"[51, 58, 71]",0.0,0.0001222349837703,7.621087457944157e-05,ibm_fez,82.88399,2026-10-06T14:26:48+05:30,66,Ring,0,0.0,0.0,0.0,0.0,0.0,0.0,0,19,0.867933042346092,30.0,0.019629078038387,7.200000000000001e-07,db2cmf42ljfc73d496a0,"[51, 71, 58]",0.0026330816744751,0.0026330816744751,0.0,5.337521820736212e-05,5.779061630302773e-05,3,1.0,0.0,0.0,"{'110': 430, '000': 459, '111': 37, '011': 14, '001': 36, '100': 15, '101': 23, '010': 10}"
8,0.0020147844115502,6.8e-08,1,"[101, 109, 110]",0.0,0.000222731822618,0.0001758924317682,ibm_kingston,32.10274726666667,2026-10-06T15:17:52+05:30,11,Bell,0,0.0,0.0,0.0,0.0,0.0,0.0,0,6,0.9588849184022262,9.0,0.0026537873095004,1.64e-07,db2cmjk2ljfc73d496e0,"[110, 109, 101]",0.0020147844115502,0.0020147844115502,0.0,0.0001955467561887,0.0001387201629214,3,0.0,0.0,0.0,"{'000': 501, '011': 481, '100': 7, '001': 8, '010': 21, '111': 6}"
8,0.0018784167430651,6.8e-08,1,"[13, 42, 43]",0.0,0.0002161474197651,9.728224539179088e-05,ibm_kingston,32.10274726666667,2026-10-06T15:17:52+05:30,22,Bell,0,0.0,0.0,0.0,0.0,0.0,0.0,0,6,0.9823044016464325,9.0,0.0029286647627281,1.64e-07,db2cmjk2ljfc73d496e0,"[43, 42, 13]",0.0018784167430651,0.0018784167430651,0.0,0.0002001163982832,6.130784407338713e-05,3,0.0,0.0,0.0,"{'011': 514, '000': 492, '001': 7, '100': 2, '010': 8, '111': 1}"
8,0.0046611124891837,6.8e-08,1,"[2, 65, 77]",0.0,0.0003071687343746,0.0002653277920237,ibm_kingston,32.10274726666667,2026-10-06T15:17:52+05:30,33,Bell,0,0.0,0.0,0.0,0.0,0.0,0.0,0,6,0.969632047230311,9.0,0.0053300839084313,1.64e-07,db2cmjk2ljfc73d496e0,"[65, 77, 2]",0.0046611124891837,0.0046611124891837,0.0,0.000280719160719,0.0002447665345896,3,0.0,0.0,0.0,"{'000': 530, '011': 464, '010': 11, '100': 5, '111': 5, '001': 9}"
8,0.0016021903614958,6.8e-08,1,"[56, 63, 91]",0.0,0.0002012418329907,3.7454882861186885e-05,ibm_kingston,32.10274726666667,2026-10-06T15:17:52+05:30,44,Bell,0,0.0,0.0,0.0,0.0,0.0,0.0,0,6,0.9755798278364873,9.0,0.0023212132525343,1.64e-07,db2cmjk2ljfc73d496e0,"[63, 56, 91]",0.0016021903614958,0.0016021903614958,0.0,0.0001623585451286,3.462545531800762e-05,3,0.0,0.0,0.0,"{'011': 502, '010': 13, '000': 497, '100': 3, '001': 9}"
8,0.0018852757257319,6.8e-08,1,"[78, 89, 98]",0.0,0.0001776924056325,6.839819823448313e-05,ibm_kingston,32.10274726666667,2026-10-06T15:17:52+05:30,55,Bell,0,0.0,0.0,0.0,0.0,0.0,0.0,0,6,0.9472495164786472,9.0,0.0026129347274531,1.64e-07,db2cmjk2ljfc73d496e0,"[89, 78, 98]",0.0018852757257319,0.0018852757257319,0.0,0.0001216861873269,3.2784707527286165e-05,3,0.0,0.0,0.0,"{'000': 489, '011': 481, '001': 23, '010': 26, '111': 3, '100': 1, '101': 1}"
8,0.0022743711240629,6.8e-08,1,"[26, 69, 78]",0.0,0.0001823971710161,8.646248727037567e-05,ibm_kingston,32.10274726666667,2026-10-06T15:17:52+05:30,66,Bell,0,0.0,0.0,0.0,0.0,0.0,0.0,0,6,0.9345496481030399,9.0,0.0030178455462638,1.64e-07,db2cmjk2ljfc73d496e0,"[69, 78, 26]",0.0022743711240629,0.0022743711240629,0.0,0.000131095718094,3.2784707527286165e-05,3,0.0,0.0,0.0,"{'011': 483, '000': 474, '001': 33, '010': 27, '111': 2, '100': 5}"
24,0.0095083275982087,4.080000000000001e-07,6,"[105, 106, 107]",0.0,0.0001332679123848,0.0001745895411177,ibm_kingston,32.10274726666667,2026-10-06T15:17:52+05:30,11,Ring,0,0.0,0.0,0.0,0.0,0.0,0.0,0,19,0.9066456667205709,30.0,0.0132271988152851,8.240000000000001e-07,db2cmjk2ljfc73d496e0,"[107, 105, 106]",0.001589062795207,0.001589062795207,0.0,0.000119153871738,0.0001238283855312,3,0.0,0.0,0.0,"{'110': 441, '000': 488, '111': 26, '011': 24, '001': 13, '101': 8, '010': 19, '100': 5}"
24,2.006047221946349,4.080000000000001e-07,6,"[3, 16, 23]",0.0,0.0002364964326651,0.0001786527368043,ibm_kingston,32.10274726666667,2026-10-06T15:17:52+05:30,22,Ring,0,0.0,0.0,0.0,0.0,0.0,0.0,0,19,0.961705568308397,30.0,2.0089658726643678,8.240000000000001e-07,db2cmjk2ljfc73d496e0,"[16, 23, 3]",1.0,1.0,0.0,0.0002046254773419,7.167770135609314e-05,3,0.0,0.0,0.0,"{'000': 507, '110': 478, '101': 4, '010': 6, '111': 9, '001': 14, '011': 4, '100': 2}"
24,0.0101857283301927,4.080000000000001e-07,6,"[21, 22, 36]",0.0,0.0002481370348271,0.0002390590554034,ibm_kingston,32.10274726666667,2026-10-06T15:17:52+05:30,33,Ring,0,0.0,0.0,0.0,0.0,0.0,0.0,0,19,0.954081321138515,30.0,0.0131247802902752,8.240000000000001e-07,db2cmjk2ljfc73d496e0,"[22, 36, 21]",0.0017523733468737,0.0017523733468737,0.0,0.0001039696387315,0.0001059024939915,3,0.0,0.0,0.0,"{'110': 493, '000': 484, '111': 14, '001': 11, '100': 7, '101': 4, '011': 6, '010': 5}"
24,0.010227211921883,4.080000000000001e-07,6,"[66, 67, 68]",0.0,0.0002051412439942,0.0001871958451585,ibm_kingston,32.10274726666667,2026-10-06T15:17:52+05:30,44,Ring,0,0.0,0.0,0.0,0.0,0.0,0.0,0,19,0.9498135168607759,30.0,0.014171221883773,8.240000000000001e-07,db2cmjk2ljfc73d496e0,"[66, 68, 67]",0.0019554952051606,0.0019554952051606,0.0,0.000120604830142,0.0001390890269835,3,0.0,0.0,0.0,"{'110': 467, '000': 506, '011': 6, '001': 14, '101': 6, '010': 6, '100': 9, '111': 10}"
24,0.01121610047286,4.080000000000001e-07,6,"[91, 98, 111]",0.0,0.0002920982092587,0.0001430233166818,ibm_kingston,32.10274726666667,2026-10-06T15:17:52+05:30,55,Ring,0,0.0,0.0,0.0,0.0,0.0,0.0,0,19,0.9139957216171185,30.0,0.0138720210479553,8.240000000000001e-07,db2cmjk2ljfc73d496e0,"[98, 111, 91]",0.002092153493156,0.002092153493156,0.0,0.0002181274992871,7.002893390204801e-05,3,0.0,0.0,0.0,"{'110': 460, '000': 476, '101': 15, '011': 9, '100': 21, '010': 19, '111': 10, '001': 14}"
24,0.0120054902090615,4.080000000000001e-07,6,"[51, 58, 71]",0.0,0.0002821715100825,0.0002051161660878,ibm_kingston,32.10274726666667,2026-10-06T15:17:52+05:30,66,Ring,0,0.0,0.0,0.0,0.0,0.0,0.0,0,19,0.9423400543261503,30.0,0.013849712914142,8.240000000000001e-07,db2cmjk2ljfc73d496e0,"[51, 71, 58]",0.0022241134991985,0.0022241134991985,0.0,0.0002503158922495,0.0001609408343565,3,0.0,0.0,0.0,"{'000': 476, '110': 489, '111': 17, '010': 6, '001': 11, '011': 15, '100': 6, '101': 4}"
8,0.0020774658805519,6.8e-08,1,"[101, 109, 110]",0.0,0.0002947894773619,7.739556672242051e-05,ibm_marrakesh,39.61051518333333,2026-10-06T15:10:38+05:30,11,Bell,0,0.0,0.0,0.0,0.0,0.0,0.0,0,6,0.9259212165243629,9.0,0.0042689285069858,1.76e-07,db2cmnnr11fs7396hmq0,"[110, 109, 101]",0.0020774658805519,0.0020774658805519,0.0,0.0002213750706752,5.060772229335095e-05,3,0.0,0.0,0.0,"{'000': 503, '011': 446, '100': 22, '010': 14, '111': 27, '001': 10, '101': 1, '110': 1}"
8,0.0091086480196234,6.8e-08,1,"[13, 42, 43]",0.0,0.000243976616756,4.529397994437324e-05,ibm_marrakesh,39.61051518333333,2026-10-06T15:10:38+05:30,22,Bell,0,0.0,0.0,0.0,0.0,0.0,0.0,0,6,0.9638471512267351,9.0,0.0104645914147139,1.76e-07,db2cmnnr11fs7396hmq0,"[43, 42, 13]",0.0091086480196234,0.0091086480196234,0.0,0.0002153918257627,3.3979582493338084e-05,3,0.0,0.0,0.0,"{'011': 489, '000': 498, '010': 21, '001': 14, '100': 2}"
8,0.013456237742696,6.8e-08,1,"[2, 65, 77]",0.0,0.0001874620379594,4.412457654053087e-05,ibm_marrakesh,39.61051518333333,2026-10-06T15:10:38+05:30,33,Bell,0,0.0,0.0,0.0,0.0,0.0,0.0,0,6,0.9674004242644372,9.0,0.0185037197026694,1.76e-07,db2cmnnr11fs7396hmq0,"[65, 77, 2]",0.013456237742696,0.013456237742696,0.0,0.0001134541287144,4.0805064308355854e-05,3,0.0,0.0,0.0,"{'011': 459, '000': 533, '010': 18, '111': 2, '001': 10, '100': 2}"
8,0.0037216215245481,6.8e-08,1,"[56, 63, 91]",0.0,0.0001610323852074,6.126447068848058e-05,ibm_marrakesh,39.61051518333333,2026-10-06T15:10:38+05:30,44,Bell,0,0.0,0.0,0.0,0.0,0.0,0.0,0,6,0.8412034604840715,9.0,0.0051023559650197,1.76e-07,db2cmnnr11fs7396hmq0,"[63, 56, 91]",0.0037216215245481,0.0037216215245481,0.0,0.0001509893012743,5.9915552920076754e-05,3,0.0,0.0,0.0,"{'000': 496, '010': 134, '011': 370, '001': 19, '100': 2, '111': 2, '101': 1}"
8,0.0027906804149998,6.8e-08,1,"[78, 89, 98]",0.0,0.0002051791642176,0.0001176847478746,ibm_marrakesh,39.61051518333333,2026-10-06T15:10:38+05:30,55,Bell,0,0.0,0.0,0.0,0.0,0.0,0.0,0,6,0.9796500493827713,9.0,0.0037029814428553,1.76e-07,db2cmnnr11fs7396hmq0,"[89, 78, 98]",0.0027906804149998,0.0027906804149998,0.0,0.0001726403213046,5.81260081755215e-05,3,0.0,0.0,0.0,"{'011': 473, '000': 531, '010': 10, '001': 9, '100': 1}"
8,0.002133259508535,6.8e-08,1,"[26, 69, 78]",0.0,0.0001466297736844,5.974072777076507e-05,ibm_marrakesh,39.61051518333333,2026-10-06T15:10:38+05:30,66,Bell,0,0.0,0.0,0.0,0.0,0.0,0.0,0,6,0.8466658892467286,9.0,0.0030410020337574,1.76e-07,db2cmnnr11fs7396hmq0,"[69, 78, 26]",0.002133259508535,0.002133259508535,0.0,0.0001206192260641,5.81260081755215e-05,3,0.0,0.0,0.0,"{'000': 437, '011': 430, '100': 86, '111': 55, '010': 9, '001': 5, '101': 2}"
24,0.0228272554592336,4.080000000000001e-07,6,"[105, 106, 107]",0.0,0.0001658010870574,0.0001369015255109,ibm_marrakesh,39.61051518333333,2026-10-06T15:10:38+05:30,11,Ring,0,0.0,0.0,0.0,0.0,0.0,0.0,0,19,0.8269440706788689,30.0,0.0258167680343252,8.759999999999999e-07,db2cmnnr11fs7396hmq0,"[107, 105, 106]",0.0048114957824864,0.0048114957824864,0.0,8.134980625329424e-05,7.373527388279711e-05,3,0.0,0.0,0.0,"{'000': 456, '110': 392, '100': 103, '001': 30, '011': 12, '010': 8, '101': 12, '111': 11}"
24,0.0171586356690522,4.080000000000001e-07,6,"[3, 16, 23]",0.0,0.0001067313739445,9.963042241973864e-05,ibm_marrakesh,39.61051518333333,2026-10-06T15:10:38+05:30,22,Ring,0,0.0,0.0,0.0,0.0,0.0,0.0,0,19,0.8537077061325653,30.0,0.0243600369934948,8.759999999999997e-07,db2cmnnr11fs7396hmq0,"[16, 23, 3]",0.0031621464126753,0.0031621464126753,0.0,7.424079047390799e-05,8.378153930846697e-05,3,0.0,0.0,0.0,"{'000': 411, '110': 464, '011': 21, '010': 37, '111': 23, '100': 27, '001': 24, '101': 17}"
24,0.0114021395777114,4.080000000000001e-07,6,"[21, 22, 36]",0.0,9.023392947354966e-05,4.442244137532683e-05,ibm_marrakesh,39.61051518333333,2026-10-06T15:10:38+05:30,33,Ring,0,0.0,0.0,0.0,0.0,0.0,0.0,0,19,0.8884904763651693,30.0,0.022723770721879,8.759999999999999e-07,db2cmnnr11fs7396hmq0,"[22, 36, 21]",0.0020823796712144,0.0037140099057955,0.0,4.326540740597798e-05,1.2213740860783464e-05,3,0.0,0.0,0.0,"{'000': 442, '111': 28, '110': 468, '010': 10, '101': 14, '011': 8, '001': 36, '100': 18}"
24,0.0209815482865701,4.080000000000001e-07,6,"[66, 67, 68]",0.0,0.000193846042779,4.9183474800226594e-05,ibm_marrakesh,39.61051518333333,2026-10-06T15:10:38+05:30,44,Ring,0,0.0,0.0,0.0,0.0,0.0,0.0,0,19,0.6180404020890979,30.0,0.0318007974672704,8.759999999999999e-07,db2cmnnr11fs7396hmq0,"[66, 68, 67]",0.0057559332252248,0.0057559332252248,0.0,0.0001174836628491,3.212636451490623e-05,3,0.0,0.0,0.0,"{'111': 35, '000': 397, '011': 33, '010': 249, '110': 245, '100': 3, '001': 53, '101': 9}"
24,0.0278563575467536,4.080000000000001e-07,6,"[91, 98, 111]",0.0,0.0001916836554078,0.0001464368284913,ibm_marrakesh,39.61051518333333,2026-10-06T15:10:38+05:30,55,Ring,0,0.0,0.0,0.0,0.0,0.0,0.0,0,19,0.9509753187252625,30.0,0.0325815724630603,8.759999999999997e-07,db2cmnnr11fs7396hmq0,"[98, 111, 91]",0.004702202477017,0.004702202477017,0.0,0.0001529825336533,7.51143542893204e-05,3,0.0,0.0,0.0,"{'000': 501, '110': 473, '100': 5, '001': 9, '111': 12, '101': 11, '011': 5, '010': 8}"
24,0.011723014545088,4.080000000000001e-07,6,"[51, 58, 71]",0.0,0.0001501219602159,0.000135613937062,ibm_marrakesh,39.61051518333333,2026-10-06T15:10:38+05:30,66,Ring,0,0.0,0.0,0.0,0.0,0.0,0.0,0,19,0.8969020975110188,30.0,0.0150472747169588,8.759999999999999e-07,db2cmnnr11fs7396hmq0,"[51, 71, 58]",0.0022520272972861,0.0022520272972861,0.0,0.000122999384056,2.803395108658937e-05,3,0.0,0.0,0.0,"{'110': 422, '000': 498, '011': 17, '010': 44, '100': 13, '111': 9, '101': 12, '001': 9}"
