candidate_seed,repeat,fidelity
22,1,0.8605639961259797
22,2,0.8623302030403944
22,3,0.861101354925303
22,4,0.8656546747056433
22,5,0.8632052588142795
22,6,0.8533284707603118
22,7,0.8386261232218131
22,8,0.8607611454350348
22,9,0.833974498061237
22,10,0.865646036598468
33,1,0.9538048162893075
33,2,0.9348740932409899
33,3,0.9424733796306851
33,4,0.9462439364363628
33,5,0.9424227128865028
33,6,0.9447665403195117
33,7,0.9401116777492347
33,8,0.934267961085022
33,9,0.934803827277403
33,10,0.9446068695060348
