circuit_id,backend,oracle_candidate,oracle_fidelity,esp_candidate,esp_fidelity,esp_score,cc_candidate,cc_fidelity,cc_score,cc_predicted_residual,esp_correct,cc_correct,esp_regret,cc_regret
2,Fez,33,0.972817880052882,33,0.972817880052882,0.7991232485611035,33,0.972817880052882,0.9617859483797147,0.1626627,True,True,0.0,0.0
2,Sherbrooke,66,0.9244810682746312,66,0.9244810682746312,0.6057517167932183,44,0.8490522747285417,0.9027941999729384,0.4932783,True,False,0.0,0.07542879354608945
2,Torino,44,0.9347171283527056,44,0.9347171283527056,0.6743518781526842,44,0.9347171283527056,0.9351916682585039,0.2608398,True,True,0.0,0.0
5,Fez,11,0.9479073607452966,11,0.9479073607452966,0.8786790688937622,11,0.9479073607452966,1.0115233977740723,0.13284433,True,True,0.0,0.0
5,Sherbrooke,55,0.8750298871451679,55,0.8750298871451679,0.7527706727135176,55,0.8750298871451679,0.9427303328859801,0.18995966,True,True,0.0,0.0
5,Torino,11,0.8580872628573238,33,0.8329690387394636,0.6475029914608437,11,0.8580872628573238,0.884481141299344,0.2969032,False,True,0.025118224117860244,0.0
8,Fez,55,0.9801000964564206,55,0.9801000964564206,0.8753257432025042,55,0.9801000964564206,1.0140440204184618,0.13871828,True,True,0.0,0.0
8,Sherbrooke,55,0.9716193376438385,11,0.9635500219092128,0.818388525371383,11,0.9635500219092128,0.9771536774681313,0.15876515,False,False,0.00806931573462566,0.00806931573462566
8,Torino,11,0.9666877895399832,11,0.9666877895399832,0.7849726229181961,66,0.9605690527850428,0.9618868345354944,0.18035111,True,False,0.0,0.006118736754940457
